[ 0.          0.          0.          0.78645982 -0.68088286]
[ 0.          0.          0.          0.78645982 -0.68088286  1.29430759
  1.16352   ]
[ 0.          0.          0.          0.78645982 -0.68088286  1.29430759
  1.16352     1.3782986  -0.02882135]
move to way point [0. 0. 0.]
move to way point [0.414 0.    0.   ]
new state: [ 0.02  0.    0.    0.8  -0.68  1.31  1.16  1.39 -0.03] 
new state: [ 0.04 -0.    0.    0.8  -0.68  1.31  1.16  1.4  -0.03] 
new state: [ 0.05 -0.    0.    0.81 -0.68  1.32  1.16  1.4  -0.03] 
new state: [ 0.06 -0.    0.    0.82 -0.68  1.33  1.16  1.41 -0.03] 
new state: [ 0.07 -0.    0.    0.83 -0.68  1.33  1.16  1.42 -0.03] 
new state: [ 0.08 -0.    0.    0.83 -0.68  1.34  1.16  1.43 -0.03] 
new state: [ 0.09 -0.    0.    0.84 -0.68  1.35  1.16  1.43 -0.03] 
new state: [ 0.1  -0.    0.    0.85 -0.68  1.36  1.16  1.44 -0.03] 
new state: [ 0.15 -0.    0.    0.86 -0.68  1.36  1.17  1.45 -0.03] 
new state: [ 0.17 -0.    0.    0.86 -0.68  1.37  1.17  1.45 -0.03] 
new state: [ 0.2  -0.    0.    0.86 -0.68  1.37  1.17  1.45 -0.03] 
new state: [ 0.23  0.    0.    0.86 -0.68  1.37  1.17  1.45 -0.03] 
new state: [ 0.25  0.    0.    0.86 -0.68  1.37  1.17  1.45 -0.03] 
new state: [ 0.29  0.    0.    0.86 -0.68  1.36  1.17  1.45 -0.03] 
new state: [ 0.31 -0.    0.    0.86 -0.68  1.36  1.17  1.44 -0.03] 
new state: [ 0.34 -0.    0.    0.86 -0.68  1.36  1.17  1.44 -0.03] 
new state: [ 0.36 -0.    0.    0.86 -0.68  1.36  1.17  1.44 -0.03] 
new state: [ 0.37 -0.    0.    0.86 -0.68  1.36  1.17  1.44 -0.03] 
move to way point [0.414      0.         0.78539816]
new state: [ 0.39 -0.02  0.06  0.86 -0.68  1.34  1.18  1.44 -0.02] 
new state: [ 0.4  -0.03  0.12  0.86 -0.68  1.34  1.18  1.42 -0.  ] 
new state: [ 0.41 -0.05  0.17  0.86 -0.68  1.34  1.18  1.41  0.02] 
new state: [ 0.42 -0.07  0.23  0.86 -0.68  1.34  1.18  1.4   0.04] 
new state: [ 0.43 -0.08  0.28  0.86 -0.68  1.34  1.18  1.39  0.07] 
new state: [ 0.44 -0.1   0.32  0.86 -0.68  1.34  1.18  1.37  0.1 ] 
new state: [ 0.45 -0.11  0.37  0.86 -0.68  1.34  1.18  1.36  0.12] 
new state: [ 0.46 -0.12  0.41  0.86 -0.68  1.34  1.18  1.35  0.15] 
new state: [ 0.46 -0.13  0.45  0.86 -0.68  1.34  1.18  1.34  0.17] 
new state: [ 0.46 -0.12  0.49  0.86 -0.68  1.34  1.18  1.34  0.18] 
new state: [ 0.46 -0.11  0.53  0.86 -0.68  1.34  1.18  1.34  0.18] 
new state: [ 0.45 -0.1   0.56  0.86 -0.68  1.34  1.18  1.34  0.18] 
new state: [ 0.44 -0.09  0.59  0.86 -0.68  1.34  1.18  1.34  0.17] 
new state: [ 0.44 -0.07  0.62  0.86 -0.68  1.34  1.18  1.34  0.17] 
new state: [ 0.43 -0.05  0.65  0.86 -0.68  1.34  1.18  1.35  0.15] 
new state: [ 0.43 -0.03  0.67  0.86 -0.68  1.34  1.18  1.35  0.14] 
new state: [ 0.42 -0.02  0.7   0.86 -0.68  1.34  1.18  1.35  0.13] 
new state: [ 0.51 -0.03  0.72  0.86 -0.68  1.19  1.22  1.43  0.1 ] 
[ 0.50517518 -0.02786618  0.72111612  0.86061906 -0.68385372  1.18568467
  1.21899309  1.42767976  0.10444299  0.50063148  1.68003386]
new state: [ 0.49 -0.01  0.74  0.86 -0.68  1.2   1.23  1.44  0.04  0.45  1.7 ] 
new state: [ 0.48  0.    0.76  0.86 -0.68  1.2   1.22  1.44  0.03  0.46  1.7 ] 
new state: [ 0.46  0.02  0.78  0.86 -0.68  1.2   1.22  1.43  0.03  0.47  1.7 ] 
new state: [ 0.46  0.02  0.8   0.86 -0.68  1.2   1.21  1.43  0.03  0.47  1.7 ] 
new state: [ 0.46  0.02  0.81  0.86 -0.68  1.2   1.21  1.42  0.03  0.47  1.7 ] 
new state: [ 0.47  0.02  0.83  0.86 -0.68  1.19  1.21  1.42  0.03  0.47  1.7 ] 
new state: [ 0.47  0.02  0.84  0.86 -0.68  1.19  1.21  1.42  0.04  0.46  1.7 ] 
new state: [ 0.48  0.01  0.85  0.86 -0.68  1.18  1.22  1.43  0.05  0.45  1.69] 
new state: [ 0.48  0.01  0.86  0.86 -0.68  1.18  1.22  1.43  0.05  0.44  1.69] 
new state: [ 0.48  0.01  0.87  0.86 -0.68  1.17  1.22  1.43  0.05  0.43  1.69] 
new state: [ 0.49  0.01  0.88  0.86 -0.68  1.16  1.23  1.43  0.06  0.42  1.69] 
new state: [ 0.49  0.    0.89  0.86 -0.68  1.16  1.23  1.44  0.07  0.41  1.68] 
new state: [ 0.49  0.    0.89  0.86 -0.68  1.15  1.23  1.44  0.07  0.4   1.68] 
new state: [ 0.49  0.    0.9   0.86 -0.68  1.14  1.23  1.44  0.08  0.39  1.68] 
new state: [ 0.49  0.    0.91  0.86 -0.68  1.14  1.24  1.44  0.08  0.39  1.68] 
new state: [ 0.5  -0.    0.91  0.86 -0.68  1.13  1.24  1.44  0.09  0.38  1.67] 
new state: [ 0.5  -0.    0.91  0.86 -0.68  1.13  1.24  1.45  0.09  0.37  1.67] 
new state: [ 0.5  -0.    0.92  0.86 -0.68  1.12  1.24  1.45  0.09  0.36  1.67] 
new state: [ 0.49 -0.    0.92  0.86 -0.68  1.12  1.24  1.45  0.1   0.36  1.67] 
new state: [ 0.49 -0.    0.92  0.86 -0.68  1.11  1.25  1.45  0.1   0.35  1.67] 
new state: [ 0.49 -0.    0.92  0.86 -0.68  1.11  1.25  1.44  0.1   0.34  1.67] 
new state: [ 0.49 -0.    0.92  0.86 -0.68  1.1   1.25  1.44  0.11  0.34  1.67] 
new state: [ 0.49 -0.    0.92  0.86 -0.68  1.1   1.25  1.44  0.11  0.33  1.67] 
new state: [ 0.48 -0.    0.93  0.86 -0.68  1.09  1.25  1.44  0.11  0.33  1.67] 
new state: [ 0.48  0.    0.93  0.86 -0.68  1.09  1.25  1.44  0.11  0.33  1.67] 
new state: [ 0.48  0.    0.92  0.86 -0.68  1.09  1.25  1.44  0.11  0.32  1.67] 
new state: [ 0.48  0.    0.92  0.86 -0.68  1.08  1.25  1.43  0.11  0.32  1.67] 
new state: [ 0.47  0.    0.92  0.86 -0.68  1.08  1.25  1.43  0.11  0.32  1.67] 
new state: [ 0.47  0.    0.92  0.86 -0.68  1.08  1.26  1.43  0.11  0.31  1.67] 
new state: [ 0.46  0.01  0.92  0.86 -0.68  1.08  1.26  1.42  0.11  0.31  1.67] 
new state: [ 0.46  0.01  0.92  0.86 -0.68  1.07  1.26  1.42  0.11  0.31  1.67] 
new state: [ 0.46  0.01  0.92  0.86 -0.68  1.07  1.26  1.42  0.11  0.31  1.67] 
new state: [ 0.45  0.01  0.91  0.86 -0.68  1.07  1.26  1.41  0.11  0.31  1.67] 
new state: [ 0.45  0.01  0.91  0.86 -0.68  1.07  1.26  1.41  0.11  0.31  1.68] 
new state: [ 0.44  0.01  0.91  0.86 -0.68  1.07  1.26  1.4   0.11  0.3   1.68] 
new state: [ 0.44  0.01  0.91  0.86 -0.68  1.07  1.26  1.4   0.11  0.3   1.68] 
new state: [ 0.44  0.01  0.9   0.86 -0.68  1.06  1.26  1.4   0.11  0.3   1.68] 
new state: [ 0.43  0.02  0.9   0.86 -0.68  1.06  1.26  1.39  0.11  0.3   1.68] 
new state: [ 0.43  0.02  0.9   0.86 -0.68  1.06  1.26  1.39  0.11  0.3   1.68] 
new state: [ 0.42  0.02  0.89  0.86 -0.68  1.06  1.26  1.38  0.11  0.3   1.69] 
new state: [ 0.42  0.02  0.89  0.86 -0.68  1.06  1.26  1.38  0.11  0.3   1.69] 
new state: [ 0.42  0.02  0.89  0.86 -0.68  1.06  1.26  1.38  0.11  0.3   1.69] 
new state: [ 0.41  0.02  0.89  0.86 -0.68  1.06  1.25  1.37  0.1   0.3   1.69] 
new state: [ 0.41  0.02  0.88  0.86 -0.68  1.06  1.25  1.37  0.1   0.31  1.69] 
new state: [ 0.4   0.02  0.88  0.86 -0.68  1.06  1.25  1.36  0.1   0.31  1.69] 
new state: [ 0.4   0.03  0.88  0.86 -0.68  1.06  1.25  1.36  0.1   0.31  1.7 ] 
new state: [ 0.4   0.03  0.87  0.86 -0.68  1.06  1.25  1.36  0.1   0.31  1.7 ] 
new state: [ 0.39  0.03  0.87  0.86 -0.68  1.06  1.25  1.35  0.1   0.31  1.7 ] 
new state: [ 0.39  0.03  0.87  0.86 -0.68  1.06  1.25  1.35  0.1   0.31  1.7 ] 
new state: [ 0.39  0.03  0.86  0.86 -0.68  1.06  1.25  1.35  0.09  0.31  1.7 ] 
new state: [ 0.38  0.03  0.86  0.86 -0.68  1.06  1.25  1.34  0.09  0.31  1.7 ] 
new state: [ 0.38  0.03  0.86  0.86 -0.68  1.06  1.25  1.34  0.09  0.32  1.7 ] 
new state: [ 0.38  0.03  0.86  0.86 -0.68  1.06  1.25  1.34  0.09  0.32  1.71] 
new state: [ 0.37  0.03  0.85  0.86 -0.68  1.06  1.25  1.33  0.09  0.32  1.71] 
new state: [ 0.37  0.03  0.85  0.86 -0.68  1.06  1.25  1.33  0.08  0.32  1.71] 
new state: [ 0.37  0.04  0.85  0.86 -0.68  1.06  1.24  1.33  0.08  0.32  1.71] 
new state: [ 0.37  0.04  0.84  0.86 -0.68  1.06  1.24  1.32  0.08  0.32  1.71] 
new state: [ 0.36  0.04  0.84  0.86 -0.68  1.06  1.24  1.32  0.08  0.33  1.71] 
new state: [ 0.36  0.04  0.84  0.86 -0.68  1.06  1.24  1.32  0.08  0.33  1.71] 
new state: [ 0.36  0.04  0.84  0.86 -0.68  1.06  1.24  1.32  0.08  0.33  1.71] 
new state: [ 0.36  0.04  0.83  0.86 -0.68  1.06  1.24  1.31  0.07  0.33  1.71] 
new state: [ 0.36  0.04  0.83  0.86 -0.68  1.06  1.24  1.31  0.07  0.33  1.71] 
new state: [ 0.35  0.04  0.83  0.86 -0.68  1.06  1.24  1.31  0.07  0.34  1.71] 
new state: [ 0.35  0.04  0.83  0.86 -0.68  1.06  1.23  1.31  0.07  0.34  1.72] 
new state: [ 0.35  0.04  0.82  0.86 -0.68  1.07  1.23  1.31  0.07  0.34  1.72] 
new state: [ 0.35  0.04  0.82  0.86 -0.68  1.07  1.23  1.3   0.06  0.34  1.72] 
new state: [ 0.35  0.04  0.82  0.86 -0.68  1.07  1.23  1.3   0.06  0.34  1.72] 
new state: [ 0.35  0.04  0.82  0.86 -0.68  1.07  1.23  1.3   0.06  0.35  1.72] 
new state: [ 0.35  0.04  0.82  0.86 -0.68  1.07  1.23  1.3   0.06  0.35  1.72] 
new state: [ 0.35  0.04  0.81  0.86 -0.68  1.07  1.23  1.3   0.06  0.35  1.72] 
new state: [ 0.34  0.04  0.81  0.86 -0.68  1.07  1.23  1.3   0.05  0.35  1.72] 
new state: [ 0.34  0.04  0.81  0.86 -0.68  1.07  1.22  1.3   0.05  0.36  1.72] 
new state: [ 0.34  0.04  0.81  0.86 -0.68  1.07  1.22  1.3   0.05  0.36  1.72] 
new state: [ 0.34  0.04  0.81  0.86 -0.68  1.08  1.22  1.3   0.05  0.36  1.72] 
new state: [ 0.34  0.04  0.81  0.86 -0.68  1.08  1.22  1.29  0.05  0.36  1.72] 
new state: [ 0.34  0.04  0.8   0.86 -0.68  1.08  1.22  1.29  0.05  0.36  1.72] 
new state: [ 0.34  0.04  0.8   0.86 -0.68  1.08  1.22  1.29  0.04  0.37  1.72] 
new state: [ 0.34  0.04  0.8   0.86 -0.68  1.08  1.22  1.29  0.04  0.37  1.72] 
new state: [ 0.34  0.04  0.8   0.86 -0.68  1.08  1.21  1.29  0.04  0.37  1.72] 
new state: [ 0.34  0.04  0.8   0.86 -0.68  1.08  1.21  1.29  0.04  0.37  1.72] 
new state: [ 0.34  0.04  0.8   0.86 -0.68  1.08  1.21  1.29  0.04  0.37  1.71] 
new state: [ 0.34  0.03  0.8   0.86 -0.68  1.09  1.21  1.29  0.04  0.38  1.71] 
new state: [ 0.34  0.03  0.8   0.86 -0.68  1.09  1.21  1.29  0.03  0.38  1.71] 
new state: [ 0.34  0.03  0.8   0.86 -0.68  1.09  1.21  1.29  0.03  0.38  1.71] 
new state: [ 0.35  0.03  0.79  0.86 -0.68  1.09  1.21  1.29  0.03  0.38  1.71] 
new state: [ 0.35  0.03  0.79  0.86 -0.68  1.09  1.21  1.29  0.03  0.38  1.71] 
new state: [ 0.35  0.03  0.79  0.86 -0.68  1.09  1.2   1.29  0.03  0.39  1.71] 
new state: [ 0.35  0.03  0.79  0.86 -0.68  1.09  1.2   1.3   0.03  0.39  1.71] 
new state: [ 0.35  0.03  0.79  0.86 -0.68  1.1   1.2   1.3   0.03  0.39  1.71] 
new state: [ 0.35  0.03  0.79  0.86 -0.68  1.1   1.2   1.3   0.02  0.39  1.71] 
new state: [ 0.35  0.03  0.79  0.86 -0.68  1.1   1.2   1.3   0.02  0.39  1.71] 
new state: [ 0.35  0.03  0.79  0.86 -0.68  1.1   1.2   1.3   0.02  0.4   1.71] 
new state: [ 0.35  0.03  0.79  0.86 -0.68  1.1   1.2   1.3   0.02  0.4   1.71] 
new state: [ 0.35  0.03  0.79  0.86 -0.68  1.1   1.19  1.3   0.02  0.4   1.71] 
new state: [ 0.35  0.02  0.79  0.86 -0.68  1.11  1.19  1.3   0.02  0.4   1.71] 
new state: [ 0.35  0.02  0.79  0.86 -0.68  1.11  1.19  1.3   0.02  0.4   1.7 ] 
new state: [ 0.36  0.02  0.79  0.86 -0.68  1.11  1.19  1.3   0.01  0.4   1.7 ] 
new state: [ 0.36  0.02  0.79  0.86 -0.68  1.11  1.19  1.3   0.01  0.41  1.7 ] 
new state: [ 0.36  0.02  0.79  0.86 -0.68  1.11  1.19  1.3   0.01  0.41  1.7 ] 
new state: [ 0.36  0.02  0.79  0.86 -0.68  1.11  1.19  1.31  0.01  0.41  1.7 ] 
new state: [ 0.36  0.02  0.79  0.86 -0.68  1.12  1.19  1.31  0.01  0.41  1.7 ] 
new state: [ 0.36  0.02  0.78  0.86 -0.68  1.12  1.19  1.31  0.01  0.41  1.7 ] 
new state: [ 0.36  0.02  0.78  0.86 -0.68  1.12  1.18  1.31  0.01  0.42  1.7 ] 
new state: [ 0.36  0.02  0.78  0.86 -0.68  1.12  1.18  1.31  0.01  0.42  1.7 ] 
new state: [ 0.37  0.02  0.78  0.86 -0.68  1.12  1.18  1.31  0.    0.42  1.7 ] 
new state: [ 0.37  0.02  0.78  0.86 -0.68  1.12  1.18  1.31  0.    0.42  1.7 ] 
move to way point [0.707      0.293      0.78539816]
new state: [ 0.39  0.04  0.78  0.86 -0.68  1.13  1.18  1.32  0.01  0.43  1.7 ] 
new state: [ 0.4   0.05  0.78  0.86 -0.68  1.14  1.19  1.32  0.01  0.43  1.7 ] 
new state: [ 0.41  0.06  0.78  0.86 -0.68  1.14  1.19  1.33  0.02  0.44  1.71] 
new state: [ 0.42  0.06  0.78  0.86 -0.68  1.15  1.2   1.34  0.02  0.45  1.71] 
new state: [ 0.42  0.07  0.78  0.86 -0.68  1.16  1.2   1.35  0.03  0.45  1.72] 
new state: [ 0.43  0.07  0.78  0.86 -0.68  1.16  1.21  1.35  0.03  0.46  1.73] 
new state: [ 0.44  0.08  0.78  0.86 -0.68  1.17  1.22  1.36  0.04  0.47  1.73] 
new state: [ 0.45  0.1   0.78  0.86 -0.68  1.17  1.22  1.38  0.04  0.47  1.73] 
new state: [ 0.45  0.1   0.78  0.86 -0.68  1.2   1.24  1.38  0.04  0.46  1.73] 
new state: [ 0.47  0.12  0.78  0.86 -0.68  1.19  1.24  1.38  0.04  0.48  1.73] 
new state: [ 0.5   0.14  0.78  0.86 -0.68  1.2   1.24  1.38  0.04  0.48  1.74] 
new state: [ 0.52  0.16  0.78  0.86 -0.68  1.2   1.24  1.38  0.04  0.48  1.74] 
new state: [ 0.55  0.18  0.79  0.86 -0.68  1.19  1.23  1.38  0.04  0.48  1.74] 
new state: [ 0.58  0.2   0.79  0.86 -0.68  1.19  1.23  1.38  0.04  0.48  1.73] 
new state: [ 0.6   0.22  0.79  0.86 -0.68  1.18  1.22  1.38  0.04  0.48  1.73] 
new state: [ 0.62  0.24  0.79  0.86 -0.68  1.18  1.22  1.38  0.04  0.48  1.73] 
new state: [ 0.64  0.25  0.79  0.86 -0.68  1.17  1.21  1.38  0.04  0.48  1.73] 
new state: [ 0.66  0.27  0.79  0.86 -0.68  1.17  1.21  1.38  0.04  0.48  1.73] 
new state: [ 0.68  0.28  0.79  0.86 -0.68  1.16  1.2   1.38  0.04  0.48  1.73] 
move to way point [0.707      0.293      1.57079633]
new state: [ 0.7   0.28  0.85  0.86 -0.68  1.15  1.2   1.38  0.04  0.48  1.73] 
new state: [ 0.72  0.28  0.9   0.86 -0.68  1.12  1.21  1.38  0.04  0.48  1.73] 
new state: [ 0.74  0.28  0.96  0.86 -0.68  1.1   1.21  1.38  0.04  0.48  1.73] 
new state: [ 0.76  0.28  1.01  0.86 -0.68  1.07  1.21  1.38  0.04  0.48  1.73] 
new state: [ 0.78  0.28  1.06  0.86 -0.68  1.04  1.21  1.38  0.04  0.48  1.73] 
new state: [ 0.8   0.28  1.11  0.86 -0.68  1.01  1.21  1.38  0.04  0.48  1.73] 
new state: [ 0.82  0.28  1.15  0.86 -0.68  0.98  1.21  1.38  0.04  0.48  1.73] 
new state: [ 0.84  0.28  1.2   0.86 -0.68  0.95  1.21  1.38  0.04  0.48  1.73] 
new state: [ 0.83  0.29  1.31  0.86 -0.68  0.92  1.21  1.38  0.04  0.48  1.73] 
new state: [ 0.95  0.39  1.34  0.86 -0.68  1.03  1.29  1.38  0.04  0.23  1.56] 
new state: [ 0.92  0.37  1.38  0.86 -0.68  1.03  1.29  1.38  0.04  0.21  1.55] 
new state: [ 0.9   0.37  1.41  0.86 -0.68  1.04  1.28  1.38  0.04  0.21  1.55] 
new state: [ 0.87  0.36  1.43  0.86 -0.68  1.04  1.28  1.38  0.04  0.22  1.55] 
new state: [ 0.85  0.35  1.46  0.86 -0.68  1.04  1.28  1.38  0.04  0.23  1.56] 
new state: [ 0.81  0.35  1.48  0.86 -0.68  1.06  1.26  1.38  0.04  0.23  1.58] 
new state: [ 0.77  0.34  1.51  0.86 -0.68  1.07  1.25  1.38  0.04  0.25  1.59] 
new state: [ 0.74  0.34  1.53  0.86 -0.68  1.07  1.24  1.38  0.04  0.27  1.6 ] 
new state: [ 0.71  0.33  1.55  0.86 -0.68  1.08  1.23  1.38  0.04  0.29  1.62] 
move to way point [0.707      0.707      1.57079633]
new state: [ 0.68  0.36  1.55  0.86 -0.68  1.09  1.23  1.38  0.04  0.31  1.64] 
new state: [ 0.65  0.37  1.55  0.86 -0.68  1.1   1.22  1.38  0.04  0.34  1.67] 
[ 0.64800186  0.37131039  1.55202187  0.86061906 -0.68385372  1.1001339
  1.22440356  1.37882792  0.03585765  0.33849507  1.66502158 -0.67933551
  1.56330242]
new state: [ 0.61  0.38  1.55  0.86 -0.68  1.15  1.2   1.38  0.04  0.47  1.74 -0.72
  1.57] 
new state: [ 0.6   0.4   1.56  0.86 -0.68  1.15  1.2   1.38  0.04  0.48  1.75 -0.71
  1.58] 
new state: [ 0.58  0.4   1.56  0.86 -0.68  1.16  1.19  1.38  0.04  0.5   1.75 -0.7
  1.61] 
new state: [ 0.57  0.41  1.56  0.86 -0.68  1.16  1.19  1.38  0.04  0.51  1.76 -0.69
  1.63] 
new state: [ 0.57  0.42  1.56  0.86 -0.68  1.16  1.19  1.38  0.04  0.52  1.76 -0.68
  1.65] 
new state: [ 0.57  0.42  1.56  0.86 -0.68  1.17  1.2   1.38  0.04  0.52  1.77 -0.68
  1.66] 
new state: [ 0.57  0.42  1.56  0.86 -0.68  1.17  1.19  1.38  0.04  0.54  1.78 -0.68
  1.69] 
new state: [ 0.56  0.45  1.56  0.86 -0.68  1.18  1.18  1.38  0.04  0.55  1.78 -0.67
  1.7 ] 
new state: [ 0.57  0.48  1.56  0.86 -0.68  1.18  1.18  1.38  0.04  0.55  1.78 -0.67
  1.7 ] 
new state: [ 0.58  0.52  1.56  0.86 -0.68  1.18  1.18  1.38  0.04  0.55  1.78 -0.67
  1.7 ] 
new state: [ 0.59  0.54  1.57  0.86 -0.68  1.18  1.18  1.38  0.04  0.55  1.78 -0.67
  1.7 ] 
new state: [ 0.6   0.57  1.57  0.86 -0.68  1.18  1.18  1.38  0.04  0.55  1.77 -0.66
  1.7 ] 
new state: [ 0.61  0.59  1.57  0.86 -0.68  1.18  1.18  1.38  0.04  0.55  1.77 -0.66
  1.69] 
new state: [ 0.62  0.61  1.57  0.86 -0.68  1.19  1.18  1.38  0.04  0.55  1.77 -0.66
  1.68] 
new state: [ 0.62  0.63  1.57  0.86 -0.68  1.19  1.18  1.38  0.04  0.55  1.77 -0.66
  1.69] 
new state: [ 0.64  0.66  1.57  0.86 -0.68  1.19  1.18  1.38  0.04  0.55  1.76 -0.66
  1.69] 
new state: [ 0.65  0.68  1.57  0.86 -0.68  1.19  1.17  1.38  0.04  0.55  1.76 -0.66
  1.69] 
new state: [ 0.66  0.7   1.57  0.86 -0.68  1.19  1.17  1.38  0.04  0.55  1.75 -0.66
  1.69] 
new state: [ 0.67  0.71  1.57  0.86 -0.68  1.2   1.17  1.38  0.04  0.54  1.74 -0.66
  1.69] 
move to way point [0.707      0.707      2.35619449]
new state: [ 0.69  0.72  1.63  0.86 -0.68  1.19  1.18  1.38  0.04  0.53  1.73 -0.66
  1.69] 
new state: [ 0.71  0.72  1.69  0.86 -0.68  1.19  1.19  1.38  0.04  0.51  1.72 -0.66
  1.69] 
new state: [ 0.74  0.73  1.74  0.86 -0.68  1.19  1.2   1.38  0.04  0.48  1.7  -0.66
  1.69] 
new state: [ 0.76  0.73  1.8   0.86 -0.68  1.18  1.22  1.38  0.04  0.46  1.68 -0.66
  1.69] 
new state: [ 0.77  0.74  1.85  0.86 -0.68  1.19  1.22  1.38  0.04  0.43  1.66 -0.66
  1.69] 
new state: [ 0.81  0.74  1.89  0.86 -0.68  1.17  1.24  1.38  0.04  0.41  1.63 -0.66
  1.69] 
new state: [ 0.82  0.74  1.94  0.86 -0.68  1.16  1.26  1.38  0.04  0.38  1.61 -0.66
  1.69] 
new state: [ 0.84  0.74  1.98  0.86 -0.68  1.16  1.28  1.38  0.04  0.36  1.59 -0.66
  1.69] 
new state: [ 0.83  0.74  2.02  0.86 -0.68  1.16  1.28  1.38  0.04  0.35  1.58 -0.66
  1.69] 
new state: [ 0.83  0.74  2.06  0.86 -0.68  1.16  1.28  1.38  0.04  0.34  1.58 -0.66
  1.69] 
new state: [ 0.83  0.89  2.1   0.86 -0.68  1.17  1.38  1.38  0.04  0.35  1.71 -0.69
  1.31] 
new state: [ 0.81  0.85  2.13  0.86 -0.68  1.17  1.38  1.38  0.04  0.36  1.72 -0.7
  1.29] 
new state: [ 0.78  0.82  2.16  0.86 -0.68  1.17  1.38  1.38  0.04  0.38  1.73 -0.7
  1.3 ] 
new state: [ 0.76  0.8   2.19  0.86 -0.68  1.17  1.38  1.38  0.04  0.4   1.74 -0.7
  1.32] 
new state: [ 0.74  0.77  2.22  0.86 -0.68  1.17  1.38  1.38  0.04  0.41  1.74 -0.7
  1.34] 
new state: [ 0.72  0.75  2.25  0.86 -0.68  1.17  1.38  1.38  0.04  0.43  1.73 -0.7
  1.35] 
[ 0.72076877  0.75091573  2.24507147  0.86061906 -0.68385372  1.17145305
  1.37850076  1.37882792  0.03585765  0.42734216  1.73358104 -0.70018248
  1.35431638 -1.12182091  0.85106883]
new state: [ 0.7   0.73  2.27  0.86 -0.68  1.17  1.38  1.38  0.04  0.53  1.74 -0.67
  1.5  -1.15  0.79] 
new state: [ 0.69  0.72  2.29  0.86 -0.68  1.17  1.38  1.38  0.04  0.53  1.74 -0.66
  1.5  -1.14  0.79] 
new state: [ 0.68  0.7   2.31  0.86 -0.68  1.17  1.38  1.38  0.04  0.54  1.74 -0.66
  1.51 -1.15  0.8 ] 
new state: [ 0.67  0.68  2.33  0.86 -0.68  1.17  1.38  1.38  0.04  0.54  1.73 -0.65
  1.52 -1.15  0.82] 
new state: [ 0.65  0.65  2.35  0.86 -0.68  1.17  1.38  1.38  0.04  0.56  1.72 -0.64
  1.54 -1.15  0.85] 
new state: [ 0.64  0.64  2.37  0.86 -0.68  1.17  1.38  1.38  0.04  0.57  1.71 -0.63
  1.55 -1.16  0.87] 
new state: [ 0.65  0.64  2.38  0.86 -0.68  1.17  1.38  1.38  0.04  0.57  1.7  -0.63
  1.55 -1.16  0.87] 
new state: [ 0.65  0.64  2.4   0.86 -0.68  1.17  1.38  1.38  0.04  0.57  1.7  -0.63
  1.55 -1.16  0.88] 
new state: [ 0.65  0.65  2.41  0.86 -0.68  1.17  1.38  1.38  0.04  0.57  1.7  -0.63
  1.55 -1.16  0.87] 
new state: [ 0.66  0.66  2.42  0.86 -0.68  1.17  1.38  1.38  0.04  0.57  1.7  -0.64
  1.55 -1.16  0.87] 
new state: [ 0.67  0.67  2.43  0.86 -0.68  1.17  1.38  1.38  0.04  0.56  1.71 -0.64
  1.55 -1.16  0.86] 
new state: [ 0.67  0.68  2.44  0.86 -0.68  1.17  1.38  1.38  0.04  0.56  1.71 -0.64
  1.54 -1.16  0.85] 
new state: [ 0.68  0.68  2.45  0.86 -0.68  1.17  1.38  1.38  0.04  0.55  1.71 -0.64
  1.54 -1.15  0.84] 
new state: [ 0.68  0.69  2.46  0.86 -0.68  1.17  1.38  1.38  0.04  0.55  1.72 -0.64
  1.53 -1.15  0.84] 
new state: [ 0.68  0.69  2.46  0.86 -0.68  1.17  1.38  1.38  0.04  0.55  1.72 -0.65
  1.53 -1.15  0.83] 
new state: [ 0.69  0.7   2.47  0.86 -0.68  1.17  1.38  1.38  0.04  0.54  1.73 -0.65
  1.53 -1.15  0.82] 
new state: [ 0.69  0.7   2.48  0.86 -0.68  1.17  1.38  1.38  0.04  0.54  1.73 -0.65
  1.52 -1.15  0.82] 
new state: [ 0.69  0.71  2.48  0.86 -0.68  1.17  1.38  1.38  0.04  0.54  1.74 -0.65
  1.52 -1.14  0.81] 
new state: [ 0.69  0.71  2.48  0.86 -0.68  1.17  1.38  1.38  0.04  0.53  1.74 -0.65
  1.52 -1.14  0.8 ] 
new state: [ 0.7   0.71  2.49  0.86 -0.68  1.17  1.38  1.38  0.04  0.53  1.74 -0.66
  1.51 -1.14  0.8 ] 
new state: [ 0.7   0.72  2.49  0.86 -0.68  1.17  1.38  1.38  0.04  0.53  1.75 -0.66
  1.51 -1.14  0.79] 
new state: [ 0.7   0.72  2.49  0.86 -0.68  1.17  1.38  1.38  0.04  0.53  1.75 -0.66
  1.51 -1.14  0.79] 
new state: [ 0.7   0.72  2.49  0.86 -0.68  1.17  1.38  1.38  0.04  0.52  1.75 -0.66
  1.51 -1.14  0.79] 
new state: [ 0.7   0.72  2.5   0.86 -0.68  1.17  1.38  1.38  0.04  0.52  1.75 -0.66
  1.5  -1.14  0.78] 
new state: [ 0.7   0.72  2.5   0.86 -0.68  1.17  1.38  1.38  0.04  0.52  1.75 -0.66
  1.5  -1.13  0.78] 
new state: [ 0.7   0.72  2.5   0.86 -0.68  1.17  1.38  1.38  0.04  0.52  1.75 -0.66
  1.5  -1.13  0.78] 
new state: [ 0.7   0.72  2.5   0.86 -0.68  1.17  1.38  1.38  0.04  0.52  1.75 -0.66
  1.5  -1.13  0.78] 
new state: [ 0.7   0.72  2.5   0.86 -0.68  1.17  1.38  1.38  0.04  0.52  1.75 -0.66
  1.5  -1.13  0.78] 
new state: [ 0.7   0.72  2.49  0.86 -0.68  1.17  1.38  1.38  0.04  0.52  1.75 -0.66
  1.5  -1.13  0.78] 
new state: [ 0.7   0.72  2.49  0.86 -0.68  1.17  1.38  1.38  0.04  0.52  1.75 -0.66
  1.5  -1.13  0.78] 
new state: [ 0.7   0.71  2.49  0.86 -0.68  1.17  1.38  1.38  0.04  0.52  1.75 -0.66
  1.5  -1.13  0.78] 
new state: [ 0.7   0.71  2.49  0.86 -0.68  1.17  1.38  1.38  0.04  0.52  1.75 -0.66
  1.5  -1.13  0.78] 
new state: [ 0.7   0.71  2.49  0.86 -0.68  1.17  1.38  1.38  0.04  0.52  1.75 -0.66
  1.5  -1.13  0.78] 
new state: [ 0.7   0.71  2.49  0.86 -0.68  1.17  1.38  1.38  0.04  0.52  1.75 -0.66
  1.5  -1.14  0.78] 
new state: [ 0.7   0.71  2.48  0.86 -0.68  1.17  1.38  1.38  0.04  0.52  1.75 -0.66
  1.5  -1.14  0.78] 
new state: [ 0.7   0.71  2.48  0.86 -0.68  1.17  1.38  1.38  0.04  0.52  1.75 -0.66
  1.5  -1.14  0.78] 
new state: [ 0.69  0.7   2.48  0.86 -0.68  1.17  1.38  1.38  0.04  0.52  1.74 -0.66
  1.5  -1.14  0.78] 
new state: [ 0.69  0.7   2.48  0.86 -0.68  1.17  1.38  1.38  0.04  0.53  1.74 -0.66
  1.5  -1.14  0.78] 
new state: [ 0.69  0.7   2.47  0.86 -0.68  1.17  1.38  1.38  0.04  0.53  1.74 -0.66
  1.5  -1.14  0.79] 
new state: [ 0.69  0.7   2.47  0.86 -0.68  1.17  1.38  1.38  0.04  0.53  1.74 -0.66
  1.5  -1.14  0.79] 
new state: [ 0.69  0.69  2.47  0.86 -0.68  1.17  1.38  1.38  0.04  0.53  1.74 -0.66
  1.51 -1.14  0.79] 
new state: [ 0.69  0.69  2.47  0.86 -0.68  1.17  1.38  1.38  0.04  0.53  1.74 -0.65
  1.51 -1.14  0.79] 
new state: [ 0.69  0.69  2.46  0.86 -0.68  1.17  1.38  1.38  0.04  0.53  1.73 -0.65
  1.51 -1.14  0.8 ] 
new state: [ 0.69  0.69  2.46  0.86 -0.68  1.17  1.38  1.38  0.04  0.54  1.73 -0.65
  1.51 -1.14  0.8 ] 
new state: [ 0.69  0.69  2.46  0.86 -0.68  1.17  1.38  1.38  0.04  0.54  1.73 -0.65
  1.51 -1.14  0.8 ] 
new state: [ 0.68  0.68  2.45  0.86 -0.68  1.17  1.38  1.38  0.04  0.54  1.73 -0.65
  1.51 -1.14  0.81] 
new state: [ 0.68  0.68  2.45  0.86 -0.68  1.17  1.38  1.38  0.04  0.54  1.73 -0.65
  1.52 -1.14  0.81] 
new state: [ 0.68  0.68  2.45  0.86 -0.68  1.17  1.38  1.38  0.04  0.54  1.73 -0.65
  1.52 -1.14  0.81] 
new state: [ 0.68  0.68  2.44  0.86 -0.68  1.17  1.38  1.38  0.04  0.55  1.72 -0.65
  1.52 -1.15  0.82] 
new state: [ 0.68  0.68  2.44  0.86 -0.68  1.17  1.38  1.38  0.04  0.55  1.72 -0.64
  1.52 -1.15  0.82] 
new state: [ 0.68  0.67  2.44  0.86 -0.68  1.17  1.38  1.38  0.04  0.55  1.72 -0.64
  1.52 -1.15  0.82] 
new state: [ 0.68  0.67  2.43  0.86 -0.68  1.17  1.38  1.38  0.04  0.55  1.72 -0.64
  1.53 -1.15  0.83] 
new state: [ 0.68  0.67  2.43  0.86 -0.68  1.17  1.38  1.38  0.04  0.56  1.72 -0.64
  1.53 -1.15  0.83] 
new state: [ 0.68  0.67  2.43  0.86 -0.68  1.17  1.38  1.38  0.04  0.56  1.72 -0.64
  1.53 -1.15  0.83] 
new state: [ 0.68  0.67  2.43  0.86 -0.68  1.17  1.38  1.38  0.04  0.56  1.71 -0.64
  1.53 -1.15  0.84] 
new state: [ 0.68  0.67  2.42  0.86 -0.68  1.17  1.38  1.38  0.04  0.56  1.71 -0.63
  1.53 -1.15  0.84] 
new state: [ 0.68  0.67  2.42  0.86 -0.68  1.17  1.38  1.38  0.04  0.56  1.71 -0.63
  1.54 -1.15  0.84] 
new state: [ 0.68  0.66  2.42  0.86 -0.68  1.17  1.38  1.38  0.04  0.57  1.71 -0.63
  1.54 -1.15  0.85] 
new state: [ 0.67  0.66  2.41  0.86 -0.68  1.17  1.38  1.38  0.04  0.57  1.71 -0.63
  1.54 -1.15  0.85] 
new state: [ 0.67  0.66  2.41  0.86 -0.68  1.17  1.38  1.38  0.04  0.57  1.71 -0.63
  1.54 -1.15  0.86] 
new state: [ 0.67  0.66  2.41  0.86 -0.68  1.17  1.38  1.38  0.04  0.57  1.71 -0.63
  1.55 -1.15  0.86] 
new state: [ 0.67  0.66  2.41  0.86 -0.68  1.17  1.38  1.38  0.04  0.58  1.71 -0.62
  1.55 -1.15  0.86] 
new state: [ 0.67  0.66  2.4   0.86 -0.68  1.17  1.38  1.38  0.04  0.58  1.71 -0.62
  1.55 -1.15  0.87] 
new state: [ 0.67  0.66  2.4   0.86 -0.68  1.17  1.38  1.38  0.04  0.58  1.71 -0.62
  1.55 -1.15  0.87] 
new state: [ 0.67  0.66  2.4   0.86 -0.68  1.17  1.38  1.38  0.04  0.58  1.71 -0.62
  1.55 -1.15  0.88] 
new state: [ 0.67  0.66  2.4   0.86 -0.68  1.17  1.38  1.38  0.04  0.58  1.7  -0.61
  1.56 -1.15  0.88] 
new state: [ 0.67  0.66  2.4   0.86 -0.68  1.17  1.38  1.38  0.04  0.59  1.7  -0.61
  1.56 -1.15  0.88] 
new state: [ 0.67  0.66  2.39  0.86 -0.68  1.17  1.38  1.38  0.04  0.59  1.7  -0.61
  1.56 -1.15  0.89] 
new state: [ 0.67  0.66  2.39  0.86 -0.68  1.17  1.38  1.38  0.04  0.59  1.7  -0.61
  1.56 -1.15  0.89] 
new state: [ 0.67  0.66  2.39  0.86 -0.68  1.17  1.38  1.38  0.04  0.59  1.7  -0.61
  1.57 -1.15  0.89] 
new state: [ 0.67  0.66  2.39  0.86 -0.68  1.17  1.38  1.38  0.04  0.6   1.7  -0.6
  1.57 -1.15  0.9 ] 
new state: [ 0.67  0.66  2.39  0.86 -0.68  1.17  1.38  1.38  0.04  0.6   1.7  -0.6
  1.57 -1.15  0.9 ] 
new state: [ 0.67  0.66  2.38  0.86 -0.68  1.17  1.38  1.38  0.04  0.6   1.7  -0.6
  1.57 -1.15  0.9 ] 
new state: [ 0.67  0.66  2.38  0.86 -0.68  1.17  1.38  1.38  0.04  0.6   1.7  -0.6
  1.58 -1.15  0.91] 
new state: [ 0.67  0.66  2.38  0.86 -0.68  1.17  1.38  1.38  0.04  0.6   1.7  -0.6
  1.58 -1.14  0.91] 
new state: [ 0.67  0.66  2.38  0.86 -0.68  1.17  1.38  1.38  0.04  0.61  1.7  -0.6
  1.58 -1.14  0.92] 
new state: [ 0.68  0.66  2.38  0.86 -0.68  1.17  1.38  1.38  0.04  0.61  1.7  -0.59
  1.58 -1.14  0.92] 
new state: [ 0.68  0.66  2.38  0.86 -0.68  1.17  1.38  1.38  0.04  0.61  1.71 -0.59
  1.59 -1.14  0.92] 
new state: [ 0.68  0.66  2.37  0.86 -0.68  1.17  1.38  1.38  0.04  0.61  1.71 -0.59
  1.59 -1.14  0.93] 
new state: [ 0.68  0.66  2.37  0.86 -0.68  1.17  1.38  1.38  0.04  0.61  1.71 -0.59
  1.59 -1.14  0.93] 
new state: [ 0.68  0.66  2.37  0.86 -0.68  1.17  1.38  1.38  0.04  0.62  1.71 -0.59
  1.59 -1.14  0.93] 
new state: [ 0.68  0.66  2.37  0.86 -0.68  1.17  1.38  1.38  0.04  0.62  1.71 -0.59
  1.6  -1.14  0.93] 
new state: [ 0.68  0.66  2.37  0.86 -0.68  1.17  1.38  1.38  0.04  0.62  1.71 -0.58
  1.6  -1.14  0.94] 
new state: [ 0.68  0.67  2.37  0.86 -0.68  1.17  1.38  1.38  0.04  0.62  1.71 -0.58
  1.6  -1.14  0.94] 
new state: [ 0.68  0.67  2.37  0.86 -0.68  1.17  1.38  1.38  0.04  0.62  1.71 -0.58
  1.6  -1.14  0.94] 
move to way point [0.414      1.         2.35619449]
new state: [ 0.65  0.69  2.37  0.86 -0.68  1.17  1.38  1.38  0.04  0.62  1.72 -0.58
  1.61 -1.14  0.95] 
new state: [ 0.65  0.7   2.37  0.86 -0.68  1.17  1.38  1.38  0.04  0.62  1.72 -0.59
  1.62 -1.14  0.96] 
new state: [ 0.64  0.7   2.36  0.86 -0.68  1.17  1.38  1.38  0.04  0.61  1.73 -0.59
  1.63 -1.15  0.97] 
new state: [ 0.63  0.71  2.36  0.86 -0.68  1.17  1.38  1.38  0.04  0.61  1.73 -0.6
  1.63 -1.15  0.97] 
new state: [ 0.63  0.72  2.36  0.86 -0.68  1.17  1.38  1.38  0.04  0.6   1.74 -0.6
  1.64 -1.16  0.98] 
new state: [ 0.62  0.73  2.36  0.86 -0.68  1.17  1.38  1.38  0.04  0.6   1.75 -0.61
  1.65 -1.17  0.99] 
new state: [ 0.61  0.73  2.36  0.86 -0.68  1.17  1.38  1.38  0.04  0.59  1.75 -0.61
  1.65 -1.17  1.  ] 
new state: [ 0.59  0.75  2.36  0.86 -0.68  1.17  1.38  1.38  0.04  0.59  1.76 -0.61
  1.65 -1.17  1.  ] 
new state: [ 0.58  0.75  2.36  0.86 -0.68  1.17  1.38  1.38  0.04  0.6   1.76 -0.61
  1.67 -1.18  1.01] 
new state: [ 0.56  0.78  2.36  0.86 -0.68  1.17  1.38  1.38  0.04  0.59  1.76 -0.61
  1.67 -1.18  1.01] 
new state: [ 0.54  0.8   2.36  0.86 -0.68  1.17  1.38  1.38  0.04  0.6   1.76 -0.61
  1.67 -1.18  1.02] 
new state: [ 0.52  0.81  2.36  0.86 -0.68  1.17  1.38  1.38  0.04  0.6   1.77 -0.61
  1.67 -1.18  1.02] 
new state: [ 0.51  0.83  2.36  0.86 -0.68  1.17  1.38  1.38  0.04  0.6   1.77 -0.61
  1.68 -1.18  1.02] 
new state: [ 0.49  0.86  2.36  0.86 -0.68  1.17  1.38  1.38  0.04  0.6   1.77 -0.61
  1.67 -1.17  1.02] 
new state: [ 0.47  0.88  2.36  0.86 -0.68  1.17  1.38  1.38  0.04  0.6   1.77 -0.6
  1.67 -1.17  1.02] 
new state: [ 0.45  0.91  2.36  0.86 -0.68  1.17  1.38  1.38  0.04  0.6   1.77 -0.6
  1.67 -1.16  1.01] 
new state: [ 0.44  0.94  2.36  0.86 -0.68  1.17  1.38  1.38  0.04  0.6   1.77 -0.6
  1.66 -1.15  1.  ] 
new state: [ 0.42  0.97  2.36  0.86 -0.68  1.17  1.38  1.38  0.04  0.6   1.77 -0.6
  1.65 -1.15  0.99] 
move to way point [0.414      1.         3.14159265]
new state: [ 0.41  1.01  2.42  0.86 -0.68  1.17  1.38  1.38  0.04  0.6   1.77 -0.6
  1.64 -1.14  0.97] 
new state: [ 0.41  1.05  2.48  0.86 -0.68  1.17  1.38  1.38  0.04  0.6   1.77 -0.61
  1.62 -1.12  0.93] 
new state: [ 0.41  1.1   2.53  0.86 -0.68  1.17  1.38  1.38  0.04  0.6   1.77 -0.62
  1.6  -1.11  0.9 ] 
new state: [ 0.39  1.12  2.58  0.86 -0.68  1.17  1.38  1.38  0.04  0.6   1.77 -0.63
  1.61 -1.09  0.85] 
new state: [ 0.39  1.18  2.63  0.86 -0.68  1.17  1.38  1.38  0.04  0.6   1.77 -0.64
  1.57 -1.07  0.82] 
new state: [ 0.38  1.19  2.68  0.86 -0.68  1.17  1.38  1.38  0.04  0.6   1.77 -0.65
  1.58 -1.05  0.77] 
new state: [ 0.39  1.22  2.73  0.86 -0.68  1.17  1.38  1.38  0.04  0.6   1.77 -0.66
  1.52 -1.04  0.78] 
new state: [ 0.37  1.25  2.77  0.86 -0.68  1.17  1.38  1.38  0.04  0.6   1.77 -0.67
  1.54 -1.01  0.7 ] 
new state: [ 0.37  1.23  2.81  0.86 -0.68  1.17  1.38  1.38  0.04  0.6   1.77 -0.67
  1.54 -1.    0.69] 
new state: [ 0.37  1.22  2.85  0.86 -0.68  1.17  1.38  1.38  0.04  0.6   1.77 -0.67
  1.54 -1.    0.68] 
new state: [ 0.38  1.2   2.88  0.86 -0.68  1.17  1.38  1.38  0.04  0.6   1.77 -0.67
  1.53 -1.    0.69] 
new state: [ 0.38  1.17  2.92  0.86 -0.68  1.17  1.38  1.38  0.04  0.6   1.77 -0.67
  1.52 -1.01  0.7 ] 
new state: [ 0.39  1.11  2.95  0.86 -0.68  1.17  1.38  1.38  0.04  0.6   1.77 -0.65
  1.54 -1.02  0.74] 
new state: [ 0.39  1.05  2.98  0.86 -0.68  1.17  1.38  1.38  0.04  0.6   1.77 -0.64
  1.55 -1.04  0.77] 
[ 0.392261    1.04859776  2.97693857  0.86061906 -0.68385372  1.17145305
  1.37850076  1.37882792  0.03585765  0.59684258  1.76834072 -0.63683215
  1.55017286 -1.03957148  0.77488212 -0.98351398 -0.17133026]
new state: [ 0.39  1.    3.    0.86 -0.68  1.17  1.38  1.38  0.04  0.6   1.77 -0.57
  1.63 -1.1   0.95 -0.96 -0.25] 
new state: [ 0.4   0.97  3.03  0.86 -0.68  1.17  1.38  1.38  0.04  0.6   1.77 -0.56
  1.64 -1.1   0.97 -0.97 -0.24] 
new state: [ 0.4   0.91  3.05  0.86 -0.68  1.17  1.38  1.38  0.04  0.6   1.77 -0.54
  1.65 -1.1   0.99 -1.   -0.22] 
new state: [ 0.4   0.87  3.08  0.86 -0.68  1.17  1.38  1.38  0.04  0.6   1.77 -0.52
  1.65 -1.09  1.02 -1.03 -0.19] 
new state: [ 0.41  0.82  3.1   0.86 -0.68  1.17  1.38  1.38  0.04  0.6   1.77 -0.48
  1.66 -1.09  1.04 -1.07 -0.16] 
new state: [ 0.41  0.79  3.12  0.86 -0.68  1.17  1.38  1.38  0.04  0.6   1.77 -0.46
  1.66 -1.08  1.07 -1.1  -0.14] 
new state: [ 0.41  0.77  3.14  0.86 -0.68  1.17  1.38  1.38  0.04  0.6   1.77 -0.43
  1.66 -1.08  1.09 -1.13 -0.12] 
new state: [ 0.41  0.75  3.15  0.86 -0.68  1.17  1.38  1.38  0.04  0.6   1.77 -0.41
  1.66 -1.07  1.1  -1.16 -0.1 ] 
new state: [ 0.41  0.76  3.17  0.86 -0.68  1.17  1.38  1.38  0.04  0.6   1.77 -0.4
  1.66 -1.07  1.11 -1.17 -0.09] 
new state: [ 0.41  0.77  3.18  0.86 -0.68  1.17  1.38  1.38  0.04  0.6   1.77 -0.4
  1.66 -1.07  1.12 -1.18 -0.08] 
new state: [ 0.42  0.78  3.19  0.86 -0.68  1.17  1.38  1.38  0.04  0.6   1.77 -0.4
  1.66 -1.07  1.12 -1.18 -0.08] 
new state: [ 0.42  0.79  3.21  0.86 -0.68  1.17  1.38  1.38  0.04  0.6   1.77 -0.4
  1.66 -1.07  1.12 -1.17 -0.08] 
new state: [ 0.42  0.8   3.22  0.86 -0.68  1.17  1.38  1.38  0.04  0.6   1.77 -0.4
  1.67 -1.07  1.12 -1.17 -0.08] 
[ 0.41888635  0.802657    3.21688743  0.86061906 -0.68385372  1.17145305
  1.37850076  1.37882792  0.03585765  0.59684258  1.76834072 -0.39929683
  1.66543777 -1.06912748  1.12347679 -1.17375506 -0.08128792 -0.6677268
 -0.67228405]
new state: [ 0.42  0.8   3.23  0.86 -0.68  1.17  1.38  1.38  0.04  0.6   1.77 -0.4
  1.67 -1.06  1.19 -1.2  -0.01 -0.65 -0.68] 
new state: [ 0.43  0.8   3.24  0.86 -0.68  1.17  1.38  1.38  0.04  0.6   1.77 -0.4
  1.67 -1.06  1.2  -1.21 -0.01 -0.66 -0.68] 
new state: [ 0.44  0.78  3.24  0.86 -0.68  1.17  1.38  1.38  0.04  0.6   1.77 -0.4
  1.67 -1.05  1.21 -1.21  0.01 -0.67 -0.67] 
new state: [ 0.45  0.77  3.25  0.86 -0.68  1.17  1.38  1.38  0.04  0.6   1.77 -0.4
  1.67 -1.03  1.23 -1.22  0.03 -0.7  -0.66] 
new state: [ 0.46  0.75  3.26  0.86 -0.68  1.17  1.38  1.38  0.04  0.6   1.77 -0.4
  1.67 -1.01  1.24 -1.23  0.05 -0.72 -0.66] 
new state: [ 0.46  0.75  3.26  0.86 -0.68  1.17  1.38  1.38  0.04  0.6   1.77 -0.4
  1.67 -1.    1.25 -1.24  0.06 -0.73 -0.65] 
new state: [ 0.46  0.76  3.27  0.86 -0.68  1.17  1.38  1.38  0.04  0.6   1.77 -0.4
  1.67 -0.99  1.26 -1.24  0.07 -0.74 -0.65] 
new state: [ 0.46  0.77  3.27  0.86 -0.68  1.17  1.38  1.38  0.04  0.6   1.77 -0.4
  1.67 -0.99  1.26 -1.24  0.08 -0.75 -0.64] 
new state: [ 0.45  0.77  3.27  0.86 -0.68  1.17  1.38  1.38  0.04  0.6   1.77 -0.4
  1.67 -0.98  1.27 -1.24  0.08 -0.75 -0.64] 
new state: [ 0.45  0.78  3.28  0.86 -0.68  1.17  1.38  1.38  0.04  0.6   1.77 -0.4
  1.67 -0.98  1.27 -1.24  0.09 -0.75 -0.63] 
new state: [ 0.45  0.79  3.28  0.86 -0.68  1.17  1.38  1.38  0.04  0.6   1.77 -0.4
  1.67 -0.98  1.28 -1.24  0.1  -0.75 -0.62] 
new state: [ 0.45  0.8   3.28  0.86 -0.68  1.17  1.38  1.38  0.04  0.6   1.77 -0.4
  1.67 -0.98  1.28 -1.24  0.1  -0.75 -0.62] 
new state: [ 0.45  0.81  3.28  0.86 -0.68  1.17  1.38  1.38  0.04  0.6   1.77 -0.4
  1.67 -0.98  1.29 -1.24  0.11 -0.75 -0.61] 
new state: [ 0.45  0.82  3.28  0.86 -0.68  1.17  1.38  1.38  0.04  0.6   1.77 -0.4
  1.67 -0.99  1.3  -1.24  0.11 -0.75 -0.61] 
new state: [ 0.44  0.83  3.28  0.86 -0.68  1.17  1.38  1.38  0.04  0.6   1.77 -0.4
  1.67 -0.99  1.3  -1.24  0.12 -0.75 -0.61] 
new state: [ 0.44  0.87  3.28  0.86 -0.68  1.17  1.38  1.38  0.04  0.6   1.77 -0.4
  1.67 -1.    1.3  -1.24  0.11 -0.73 -0.61] 
new state: [ 0.42  0.9   3.28  0.86 -0.68  1.17  1.38  1.38  0.04  0.6   1.77 -0.4
  1.67 -1.02  1.29 -1.23  0.1  -0.71 -0.61] 
new state: [ 0.41  0.95  3.28  0.86 -0.68  1.17  1.38  1.38  0.04  0.6   1.77 -0.4
  1.67 -1.04  1.28 -1.22  0.08 -0.69 -0.61] 
new state: [ 0.4   0.96  3.28  0.86 -0.68  1.17  1.38  1.38  0.04  0.6   1.77 -0.43
  1.78 -1.05  1.26 -1.21  0.06 -0.66 -0.62] 
new state: [ 0.4   0.98  3.28  0.86 -0.68  1.17  1.38  1.38  0.04  0.6   1.77 -0.44
  1.79 -1.07  1.25 -1.2   0.05 -0.64 -0.62] 
new state: [ 0.4   1.01  3.28  0.86 -0.68  1.17  1.38  1.38  0.04  0.6   1.77 -0.44
  1.79 -1.08  1.24 -1.19  0.04 -0.64 -0.62] 
new state: [ 0.4   1.03  3.27  0.86 -0.68  1.17  1.38  1.38  0.04  0.6   1.77 -0.45
  1.79 -1.08  1.23 -1.17  0.03 -0.64 -0.62] 
new state: [ 0.4   1.06  3.27  0.86 -0.68  1.17  1.38  1.38  0.04  0.6   1.77 -0.47
  1.79 -1.09  1.22 -1.14  0.01 -0.64 -0.61] 
new state: [ 0.39  1.1   3.27  0.86 -0.68  1.17  1.38  1.38  0.04  0.6   1.77 -0.49
  1.79 -1.1   1.2  -1.11 -0.01 -0.64 -0.61] 
new state: [ 0.39  1.12  3.27  0.86 -0.68  1.17  1.38  1.38  0.04  0.6   1.77 -0.51
  1.79 -1.1   1.19 -1.09 -0.02 -0.64 -0.61] 
new state: [ 0.39  1.13  3.26  0.86 -0.68  1.17  1.38  1.38  0.04  0.6   1.77 -0.52
  1.8  -1.11  1.18 -1.07 -0.03 -0.64 -0.61] 
new state: [ 0.39  1.14  3.26  0.86 -0.68  1.17  1.38  1.38  0.04  0.6   1.77 -0.53
  1.8  -1.11  1.17 -1.05 -0.04 -0.64 -0.61] 
new state: [ 0.39  1.14  3.26  0.86 -0.68  1.17  1.38  1.38  0.04  0.6   1.77 -0.53
  1.8  -1.11  1.17 -1.04 -0.04 -0.64 -0.61] 
new state: [ 0.39  1.14  3.26  0.86 -0.68  1.17  1.38  1.38  0.04  0.6   1.77 -0.54
  1.8  -1.11  1.17 -1.04 -0.04 -0.64 -0.61] 
new state: [ 0.39  1.14  3.25  0.86 -0.68  1.17  1.38  1.38  0.04  0.6   1.77 -0.54
  1.8  -1.11  1.16 -1.03 -0.04 -0.64 -0.61] 
new state: [ 0.39  1.13  3.25  0.86 -0.68  1.17  1.38  1.38  0.04  0.6   1.77 -0.54
  1.8  -1.11  1.16 -1.03 -0.04 -0.64 -0.61] 
new state: [ 0.39  1.13  3.25  0.86 -0.68  1.17  1.38  1.38  0.04  0.6   1.77 -0.54
  1.8  -1.11  1.16 -1.03 -0.04 -0.64 -0.61] 
new state: [ 0.4   1.12  3.24  0.86 -0.68  1.17  1.38  1.38  0.04  0.6   1.77 -0.54
  1.8  -1.11  1.16 -1.03 -0.04 -0.64 -0.61] 
new state: [ 0.4   1.12  3.24  0.86 -0.68  1.17  1.38  1.38  0.04  0.6   1.77 -0.54
  1.8  -1.11  1.16 -1.03 -0.04 -0.64 -0.61] 
new state: [ 0.4   1.12  3.24  0.86 -0.68  1.17  1.38  1.38  0.04  0.6   1.77 -0.53
  1.8  -1.11  1.16 -1.03 -0.04 -0.64 -0.61] 
new state: [ 0.4   1.11  3.24  0.86 -0.68  1.17  1.38  1.38  0.04  0.6   1.77 -0.53
  1.8  -1.11  1.17 -1.04 -0.04 -0.64 -0.61] 
new state: [ 0.4   1.11  3.23  0.86 -0.68  1.17  1.38  1.38  0.04  0.6   1.77 -0.53
  1.8  -1.11  1.17 -1.04 -0.04 -0.64 -0.61] 
new state: [ 0.4   1.11  3.23  0.86 -0.68  1.17  1.38  1.38  0.04  0.6   1.77 -0.53
  1.8  -1.11  1.17 -1.04 -0.04 -0.64 -0.61] 
new state: [ 0.4   1.1   3.23  0.86 -0.68  1.17  1.38  1.38  0.04  0.6   1.77 -0.52
  1.8  -1.11  1.17 -1.04 -0.04 -0.64 -0.61] 
new state: [ 0.4   1.1   3.22  0.86 -0.68  1.17  1.38  1.38  0.04  0.6   1.77 -0.52
  1.8  -1.11  1.17 -1.04 -0.04 -0.64 -0.61] 
new state: [ 0.4   1.09  3.22  0.86 -0.68  1.17  1.38  1.38  0.04  0.6   1.77 -0.52
  1.8  -1.1   1.17 -1.05 -0.04 -0.64 -0.61] 
new state: [ 0.4   1.09  3.22  0.86 -0.68  1.17  1.38  1.38  0.04  0.6   1.77 -0.52
  1.8  -1.1   1.17 -1.05 -0.04 -0.64 -0.61] 
new state: [ 0.4   1.09  3.21  0.86 -0.68  1.17  1.38  1.38  0.04  0.6   1.77 -0.51
  1.8  -1.1   1.17 -1.05 -0.04 -0.64 -0.61] 
new state: [ 0.4   1.08  3.21  0.86 -0.68  1.17  1.38  1.38  0.04  0.6   1.77 -0.51
  1.79 -1.1   1.17 -1.05 -0.04 -0.64 -0.61] 
new state: [ 0.4   1.08  3.21  0.86 -0.68  1.17  1.38  1.38  0.04  0.6   1.77 -0.51
  1.79 -1.1   1.17 -1.06 -0.04 -0.64 -0.61] 
new state: [ 0.41  1.08  3.21  0.86 -0.68  1.17  1.38  1.38  0.04  0.6   1.77 -0.51
  1.79 -1.1   1.17 -1.06 -0.04 -0.64 -0.61] 
new state: [ 0.41  1.07  3.2   0.86 -0.68  1.17  1.38  1.38  0.04  0.6   1.77 -0.5
  1.79 -1.1   1.17 -1.06 -0.04 -0.64 -0.61] 
new state: [ 0.41  1.07  3.2   0.86 -0.68  1.17  1.38  1.38  0.04  0.6   1.77 -0.5
  1.79 -1.1   1.17 -1.06 -0.04 -0.64 -0.61] 
new state: [ 0.41  1.07  3.2   0.86 -0.68  1.17  1.38  1.38  0.04  0.6   1.77 -0.5
  1.79 -1.1   1.17 -1.07 -0.04 -0.64 -0.61] 
new state: [ 0.41  1.06  3.19  0.86 -0.68  1.17  1.38  1.38  0.04  0.6   1.77 -0.5
  1.79 -1.1   1.17 -1.07 -0.03 -0.64 -0.61] 
new state: [ 0.41  1.06  3.19  0.86 -0.68  1.17  1.38  1.38  0.04  0.6   1.77 -0.49
  1.79 -1.09  1.18 -1.07 -0.03 -0.64 -0.61] 
new state: [ 0.41  1.06  3.19  0.86 -0.68  1.17  1.38  1.38  0.04  0.6   1.77 -0.49
  1.79 -1.09  1.18 -1.07 -0.03 -0.64 -0.61] 
new state: [ 0.41  1.05  3.19  0.86 -0.68  1.17  1.38  1.38  0.04  0.6   1.77 -0.49
  1.79 -1.09  1.18 -1.08 -0.03 -0.64 -0.61] 
new state: [ 0.41  1.05  3.19  0.86 -0.68  1.17  1.38  1.38  0.04  0.6   1.77 -0.49
  1.78 -1.09  1.18 -1.08 -0.03 -0.64 -0.61] 
new state: [ 0.41  1.05  3.18  0.86 -0.68  1.17  1.38  1.38  0.04  0.6   1.77 -0.48
  1.78 -1.09  1.18 -1.08 -0.03 -0.64 -0.61] 
new state: [ 0.41  1.04  3.18  0.86 -0.68  1.17  1.38  1.38  0.04  0.6   1.77 -0.48
  1.78 -1.09  1.18 -1.08 -0.03 -0.64 -0.61] 
new state: [ 0.41  1.04  3.18  0.86 -0.68  1.17  1.38  1.38  0.04  0.6   1.77 -0.48
  1.78 -1.09  1.18 -1.08 -0.03 -0.64 -0.61] 
new state: [ 0.41  1.04  3.18  0.86 -0.68  1.17  1.38  1.38  0.04  0.6   1.77 -0.48
  1.78 -1.09  1.18 -1.09 -0.03 -0.64 -0.61] 
new state: [ 0.41  1.04  3.17  0.86 -0.68  1.17  1.38  1.38  0.04  0.6   1.77 -0.47
  1.78 -1.09  1.18 -1.09 -0.03 -0.64 -0.61] 
move to way point [0.         1.         3.14159265]
new state: [ 0.37  1.03  3.17  0.86 -0.68  1.17  1.38  1.38  0.04  0.6   1.77 -0.48
  1.78 -1.09  1.18 -1.1  -0.03 -0.64 -0.61] 
new state: [ 0.37  1.03  3.17  0.86 -0.68  1.17  1.38  1.38  0.04  0.6   1.77 -0.48
  1.78 -1.1   1.18 -1.11 -0.03 -0.64 -0.61] 
new state: [ 0.35  1.03  3.17  0.86 -0.68  1.17  1.38  1.38  0.04  0.6   1.77 -0.49
  1.78 -1.11  1.18 -1.12 -0.03 -0.64 -0.61] 
new state: [ 0.35  1.02  3.16  0.86 -0.68  1.17  1.38  1.38  0.04  0.6   1.77 -0.5
  1.78 -1.12  1.18 -1.13 -0.03 -0.64 -0.61] 
new state: [ 0.34  1.02  3.16  0.86 -0.68  1.17  1.38  1.38  0.04  0.6   1.77 -0.5
  1.78 -1.12  1.18 -1.14 -0.03 -0.64 -0.61] 
new state: [ 0.33  1.02  3.16  0.86 -0.68  1.17  1.38  1.38  0.04  0.6   1.77 -0.51
  1.78 -1.13  1.18 -1.15 -0.03 -0.64 -0.61] 
new state: [ 0.32  1.02  3.16  0.86 -0.68  1.17  1.38  1.38  0.04  0.6   1.77 -0.52
  1.77 -1.14  1.18 -1.16 -0.02 -0.64 -0.61] 
new state: [ 0.31  1.02  3.16  0.86 -0.68  1.17  1.38  1.38  0.04  0.6   1.77 -0.52
  1.78 -1.14  1.19 -1.18 -0.03 -0.64 -0.61] 
new state: [ 0.28  1.01  3.15  0.86 -0.68  1.17  1.38  1.38  0.04  0.6   1.77 -0.52
  1.78 -1.15  1.19 -1.19 -0.03 -0.64 -0.61] 
new state: [ 0.26  1.01  3.15  0.86 -0.68  1.17  1.38  1.38  0.04  0.6   1.77 -0.52
  1.77 -1.15  1.19 -1.18 -0.03 -0.64 -0.61] 
new state: [ 0.23  1.01  3.15  0.86 -0.68  1.17  1.38  1.38  0.04  0.6   1.77 -0.52
  1.77 -1.15  1.19 -1.19 -0.03 -0.64 -0.61] 
new state: [ 0.2   1.01  3.15  0.86 -0.68  1.17  1.38  1.38  0.04  0.6   1.77 -0.52
  1.77 -1.15  1.19 -1.18 -0.03 -0.64 -0.61] 
new state: [ 0.17  1.01  3.15  0.86 -0.68  1.17  1.38  1.38  0.04  0.6   1.77 -0.52
  1.77 -1.15  1.18 -1.18 -0.03 -0.64 -0.61] 
new state: [ 0.15  1.01  3.15  0.86 -0.68  1.17  1.38  1.38  0.04  0.6   1.77 -0.52
  1.77 -1.15  1.18 -1.17 -0.03 -0.64 -0.61] 
new state: [ 0.12  1.01  3.15  0.86 -0.68  1.17  1.38  1.38  0.04  0.6   1.77 -0.53
  1.77 -1.15  1.18 -1.17 -0.03 -0.64 -0.61] 
new state: [ 0.1   1.02  3.15  0.86 -0.68  1.17  1.38  1.38  0.04  0.6   1.77 -0.53
  1.77 -1.15  1.18 -1.16 -0.03 -0.64 -0.61] 
new state: [ 0.07  1.02  3.15  0.86 -0.68  1.17  1.38  1.38  0.04  0.6   1.77 -0.53
  1.77 -1.15  1.18 -1.15 -0.04 -0.64 -0.61] 
new state: [ 0.05  1.02  3.14  0.86 -0.68  1.17  1.38  1.38  0.04  0.6   1.77 -0.53
  1.78 -1.15  1.17 -1.14 -0.04 -0.64 -0.61] 
new state: [ 0.03  1.02  3.14  0.86 -0.68  1.17  1.38  1.38  0.04  0.6   1.77 -0.53
  1.78 -1.15  1.17 -1.14 -0.04 -0.64 -0.61] 
move to way point [0.         1.         3.92699082]
new state: [ 0.    1.05  3.2   0.86 -0.68  1.17  1.38  1.38  0.04  0.6   1.77 -0.53
  1.78 -1.15  1.16 -1.11 -0.05 -0.64 -0.61] 
new state: [-0.02  1.07  3.26  0.86 -0.68  1.17  1.38  1.38  0.04  0.6   1.77 -0.53
  1.78 -1.15  1.14 -1.08 -0.07 -0.64 -0.61] 
new state: [-0.05  1.1   3.32  0.86 -0.68  1.17  1.38  1.38  0.04  0.6   1.77 -0.53
  1.78 -1.16  1.11 -1.04 -0.08 -0.64 -0.61] 
new state: [-0.08  1.13  3.37  0.86 -0.68  1.17  1.38  1.38  0.04  0.6   1.77 -0.53
  1.78 -1.17  1.09 -1.   -0.1  -0.64 -0.61] 
new state: [-0.1   1.15  3.42  0.86 -0.68  1.17  1.38  1.38  0.04  0.6   1.77 -0.53
  1.78 -1.17  1.07 -0.95 -0.11 -0.64 -0.61] 
new state: [-0.13  1.17  3.47  0.86 -0.68  1.17  1.38  1.38  0.04  0.6   1.77 -0.53
  1.78 -1.18  1.04 -0.9  -0.13 -0.64 -0.61] 
new state: [-0.16  1.18  3.51  0.86 -0.68  1.17  1.38  1.38  0.04  0.6   1.77 -0.53
  1.78 -1.19  1.01 -0.85 -0.14 -0.64 -0.61] 
new state: [-0.19  1.2   3.55  0.86 -0.68  1.17  1.38  1.38  0.04  0.6   1.77 -0.53
  1.78 -1.19  0.98 -0.8  -0.15 -0.64 -0.61] 
new state: [-0.19  1.19  3.59  0.86 -0.68  1.17  1.38  1.38  0.04  0.6   1.77 -0.53
  1.78 -1.19  0.97 -0.78 -0.15 -0.64 -0.61] 
new state: [-0.16  1.17  3.63  0.86 -0.68  1.17  1.38  1.38  0.04  0.6   1.77 -0.53
  1.78 -1.19  0.98 -0.78 -0.15 -0.64 -0.61] 
new state: [-0.13  1.13  3.67  0.86 -0.68  1.17  1.38  1.38  0.04  0.6   1.77 -0.53
  1.78 -1.19  0.99 -0.8  -0.15 -0.64 -0.61] 
new state: [-0.11  1.11  3.7   0.86 -0.68  1.17  1.38  1.38  0.04  0.6   1.77 -0.53
  1.78 -1.18  1.01 -0.83 -0.14 -0.64 -0.61] 
new state: [-0.08  1.07  3.73  0.86 -0.68  1.17  1.38  1.38  0.04  0.6   1.77 -0.53
  1.78 -1.17  1.02 -0.85 -0.14 -0.64 -0.61] 
new state: [-0.12  1.04  3.76  0.86 -0.68  1.17  1.38  1.38  0.04  0.6   1.77 -0.58
  1.78 -1.22  1.04 -0.95 -0.13 -0.4  -0.61] 
new state: [-0.07  1.    3.79  0.86 -0.68  1.17  1.38  1.38  0.04  0.6   1.77 -0.58
  1.78 -1.2   1.07 -0.99 -0.11 -0.4  -0.62] 
new state: [-0.04  0.96  3.82  0.86 -0.68  1.17  1.38  1.38  0.04  0.6   1.77 -0.58
  1.78 -1.18  1.1  -1.02 -0.09 -0.42 -0.63] 
new state: [ 0.02  0.93  3.84  0.86 -0.68  1.17  1.38  1.38  0.04  0.6   1.77 -0.58
  1.78 -1.17  1.09 -1.05 -0.06 -0.45 -0.63] 
new state: [ 0.06  0.9   3.86  0.86 -0.68  1.17  1.38  1.38  0.04  0.6   1.77 -0.58
  1.78 -1.17  1.09 -1.07 -0.03 -0.49 -0.62] 
new state: [ 0.09  0.88  3.88  0.86 -0.68  1.17  1.38  1.38  0.04  0.6   1.77 -0.58
  1.78 -1.17  1.09 -1.09 -0.   -0.51 -0.62] 
new state: [ 0.12  0.87  3.9   0.86 -0.68  1.17  1.38  1.38  0.04  0.6   1.77 -0.58
  1.78 -1.17  1.09 -1.1   0.02 -0.54 -0.62] 
new state: [ 0.13  0.86  3.92  0.86 -0.68  1.17  1.38  1.38  0.04  0.6   1.77 -0.58
  1.78 -1.17  1.09 -1.1   0.04 -0.56 -0.61] 
new state: [ 0.14  0.85  3.94  0.86 -0.68  1.17  1.38  1.38  0.04  0.6   1.77 -0.58
  1.78 -1.17  1.09 -1.11  0.06 -0.57 -0.61] 
new state: [ 0.14  0.85  3.95  0.86 -0.68  1.17  1.38  1.38  0.04  0.6   1.77 -0.58
  1.78 -1.17  1.09 -1.11  0.06 -0.58 -0.61] 
new state: [ 0.14  0.85  3.97  0.86 -0.68  1.17  1.38  1.38  0.04  0.6   1.77 -0.58
  1.78 -1.17  1.09 -1.12  0.07 -0.59 -0.61] 
new state: [ 0.15  0.85  3.98  0.86 -0.68  1.17  1.38  1.38  0.04  0.6   1.77 -0.58
  1.78 -1.17  1.09 -1.12  0.08 -0.6  -0.61] 
new state: [ 0.14  0.86  3.99  0.86 -0.68  1.17  1.38  1.38  0.04  0.6   1.77 -0.58
  1.78 -1.17  1.09 -1.12  0.08 -0.6  -0.61] 
new state: [ 0.14  0.87  4.    0.86 -0.68  1.17  1.38  1.38  0.04  0.6   1.77 -0.58
  1.78 -1.17  1.09 -1.13  0.09 -0.6  -0.61] 
new state: [ 0.13  0.88  4.01  0.86 -0.68  1.17  1.38  1.38  0.04  0.6   1.77 -0.58
  1.78 -1.17  1.09 -1.13  0.09 -0.6  -0.61] 
new state: [ 0.12  0.88  4.02  0.86 -0.68  1.17  1.38  1.38  0.04  0.6   1.77 -0.58
  1.78 -1.17  1.09 -1.13  0.09 -0.6  -0.6 ] 
new state: [ 0.11  0.89  4.03  0.86 -0.68  1.17  1.38  1.38  0.04  0.6   1.77 -0.58
  1.78 -1.17  1.09 -1.13  0.09 -0.6  -0.6 ] 
new state: [ 0.1   0.9   4.03  0.86 -0.68  1.17  1.38  1.38  0.04  0.6   1.77 -0.58
  1.78 -1.17  1.09 -1.13  0.09 -0.6  -0.6 ] 
new state: [ 0.09  0.91  4.04  0.86 -0.68  1.17  1.38  1.38  0.04  0.6   1.77 -0.58
  1.78 -1.17  1.09 -1.14  0.08 -0.6  -0.6 ] 
new state: [ 0.09  0.91  4.05  0.86 -0.68  1.17  1.38  1.38  0.04  0.6   1.77 -0.58
  1.78 -1.17  1.09 -1.14  0.08 -0.6  -0.6 ] 
new state: [ 0.08  0.92  4.05  0.86 -0.68  1.17  1.38  1.38  0.04  0.6   1.77 -0.58
  1.78 -1.17  1.09 -1.14  0.08 -0.59 -0.59] 
new state: [ 0.08  0.92  4.05  0.86 -0.68  1.17  1.38  1.38  0.04  0.6   1.77 -0.58
  1.78 -1.17  1.09 -1.14  0.08 -0.59 -0.59] 
new state: [ 0.07  0.93  4.06  0.86 -0.68  1.17  1.38  1.38  0.04  0.6   1.77 -0.58
  1.78 -1.17  1.09 -1.15  0.08 -0.59 -0.59] 
new state: [ 0.06  0.93  4.06  0.86 -0.68  1.17  1.38  1.38  0.04  0.6   1.77 -0.58
  1.78 -1.17  1.09 -1.15  0.08 -0.59 -0.59] 
new state: [ 0.06  0.94  4.06  0.86 -0.68  1.17  1.38  1.38  0.04  0.6   1.77 -0.58
  1.78 -1.17  1.09 -1.15  0.08 -0.59 -0.58] 
new state: [ 0.06  0.94  4.06  0.86 -0.68  1.17  1.38  1.38  0.04  0.6   1.77 -0.58
  1.78 -1.17  1.09 -1.15  0.09 -0.59 -0.58] 
new state: [ 0.05  0.95  4.07  0.86 -0.68  1.17  1.38  1.38  0.04  0.6   1.77 -0.58
  1.78 -1.17  1.09 -1.16  0.09 -0.59 -0.58] 
new state: [ 0.05  0.95  4.07  0.86 -0.68  1.17  1.38  1.38  0.04  0.6   1.77 -0.58
  1.78 -1.17  1.09 -1.16  0.09 -0.59 -0.58] 
new state: [ 0.05  0.95  4.07  0.86 -0.68  1.17  1.38  1.38  0.04  0.6   1.77 -0.58
  1.78 -1.17  1.09 -1.16  0.09 -0.6  -0.57] 
new state: [ 0.04  0.95  4.07  0.86 -0.68  1.17  1.38  1.38  0.04  0.6   1.77 -0.58
  1.78 -1.17  1.09 -1.16  0.09 -0.6  -0.57] 
new state: [ 0.04  0.96  4.07  0.86 -0.68  1.17  1.38  1.38  0.04  0.6   1.77 -0.58
  1.78 -1.17  1.09 -1.17  0.09 -0.6  -0.57] 
new state: [ 0.04  0.96  4.07  0.86 -0.68  1.17  1.38  1.38  0.04  0.6   1.77 -0.58
  1.78 -1.17  1.09 -1.17  0.1  -0.6  -0.57] 
new state: [ 0.04  0.96  4.06  0.86 -0.68  1.17  1.38  1.38  0.04  0.6   1.77 -0.58
  1.78 -1.17  1.09 -1.17  0.1  -0.6  -0.56] 
new state: [ 0.04  0.96  4.06  0.86 -0.68  1.17  1.38  1.38  0.04  0.6   1.77 -0.58
  1.78 -1.17  1.09 -1.17  0.1  -0.61 -0.56] 
new state: [ 0.04  0.96  4.06  0.86 -0.68  1.17  1.38  1.38  0.04  0.6   1.77 -0.58
  1.78 -1.17  1.09 -1.18  0.1  -0.61 -0.56] 
new state: [ 0.04  0.96  4.06  0.86 -0.68  1.17  1.38  1.38  0.04  0.6   1.77 -0.58
  1.78 -1.17  1.09 -1.18  0.11 -0.61 -0.56] 
new state: [ 0.03  0.96  4.06  0.86 -0.68  1.17  1.38  1.38  0.04  0.6   1.77 -0.58
  1.78 -1.17  1.09 -1.18  0.11 -0.62 -0.55] 
new state: [ 0.03  0.97  4.05  0.86 -0.68  1.17  1.38  1.38  0.04  0.6   1.77 -0.58
  1.78 -1.17  1.09 -1.18  0.11 -0.62 -0.55] 
new state: [ 0.03  0.97  4.05  0.86 -0.68  1.17  1.38  1.38  0.04  0.6   1.77 -0.58
  1.78 -1.17  1.09 -1.18  0.12 -0.62 -0.55] 
new state: [ 0.03  0.97  4.05  0.86 -0.68  1.17  1.38  1.38  0.04  0.6   1.77 -0.58
  1.78 -1.17  1.09 -1.19  0.12 -0.63 -0.55] 
new state: [ 0.03  0.97  4.05  0.86 -0.68  1.17  1.38  1.38  0.04  0.6   1.77 -0.58
  1.78 -1.17  1.09 -1.19  0.12 -0.63 -0.54] 
new state: [ 0.03  0.97  4.04  0.86 -0.68  1.17  1.38  1.38  0.04  0.6   1.77 -0.58
  1.78 -1.17  1.09 -1.19  0.13 -0.63 -0.54] 
new state: [ 0.03  0.97  4.04  0.86 -0.68  1.17  1.38  1.38  0.04  0.6   1.77 -0.58
  1.78 -1.17  1.09 -1.19  0.13 -0.64 -0.54] 
new state: [ 0.03  0.97  4.04  0.86 -0.68  1.17  1.38  1.38  0.04  0.6   1.77 -0.58
  1.78 -1.17  1.09 -1.2   0.14 -0.64 -0.54] 
new state: [ 0.03  0.97  4.04  0.86 -0.68  1.17  1.38  1.38  0.04  0.6   1.77 -0.58
  1.78 -1.17  1.09 -1.2   0.14 -0.65 -0.53] 
new state: [ 0.03  0.97  4.03  0.86 -0.68  1.17  1.38  1.38  0.04  0.6   1.77 -0.58
  1.78 -1.17  1.09 -1.2   0.14 -0.65 -0.53] 
new state: [ 0.03  0.97  4.03  0.86 -0.68  1.17  1.38  1.38  0.04  0.6   1.77 -0.58
  1.78 -1.17  1.09 -1.2   0.15 -0.66 -0.53] 
new state: [ 0.03  0.97  4.03  0.86 -0.68  1.17  1.38  1.38  0.04  0.6   1.77 -0.58
  1.78 -1.17  1.09 -1.21  0.15 -0.66 -0.53] 
new state: [ 0.03  0.97  4.02  0.86 -0.68  1.17  1.38  1.38  0.04  0.6   1.77 -0.58
  1.78 -1.17  1.09 -1.21  0.16 -0.66 -0.52] 
new state: [ 0.03  0.97  4.02  0.86 -0.68  1.17  1.38  1.38  0.04  0.6   1.77 -0.58
  1.78 -1.17  1.09 -1.21  0.16 -0.67 -0.52] 
new state: [ 0.03  0.97  4.02  0.86 -0.68  1.17  1.38  1.38  0.04  0.6   1.77 -0.58
  1.78 -1.17  1.09 -1.21  0.16 -0.67 -0.52] 
new state: [ 0.03  0.97  4.01  0.86 -0.68  1.17  1.38  1.38  0.04  0.6   1.77 -0.58
  1.78 -1.17  1.09 -1.22  0.17 -0.68 -0.52] 
new state: [ 0.03  0.97  4.01  0.86 -0.68  1.17  1.38  1.38  0.04  0.6   1.77 -0.58
  1.78 -1.17  1.09 -1.22  0.17 -0.68 -0.51] 
new state: [ 0.03  0.97  4.01  0.86 -0.68  1.17  1.38  1.38  0.04  0.6   1.77 -0.58
  1.78 -1.17  1.09 -1.22  0.18 -0.69 -0.51] 
new state: [ 0.03  0.98  4.01  0.86 -0.68  1.17  1.38  1.38  0.04  0.6   1.77 -0.58
  1.78 -1.17  1.09 -1.23  0.18 -0.69 -0.51] 
new state: [ 0.03  0.98  4.    0.86 -0.68  1.17  1.38  1.38  0.04  0.6   1.77 -0.58
  1.78 -1.17  1.09 -1.23  0.19 -0.7  -0.51] 
new state: [ 0.03  0.98  4.    0.86 -0.68  1.17  1.38  1.38  0.04  0.6   1.77 -0.58
  1.78 -1.17  1.09 -1.23  0.19 -0.7  -0.5 ] 
new state: [ 0.03  0.98  4.    0.86 -0.68  1.17  1.38  1.38  0.04  0.6   1.77 -0.58
  1.78 -1.17  1.09 -1.23  0.19 -0.71 -0.5 ] 
new state: [ 0.03  0.98  3.99  0.86 -0.68  1.17  1.38  1.38  0.04  0.6   1.77 -0.58
  1.78 -1.17  1.09 -1.24  0.2  -0.71 -0.5 ] 
new state: [ 0.03  0.98  3.99  0.86 -0.68  1.17  1.38  1.38  0.04  0.6   1.77 -0.58
  1.78 -1.17  1.09 -1.24  0.2  -0.72 -0.5 ] 
new state: [ 0.03  0.98  3.99  0.86 -0.68  1.17  1.38  1.38  0.04  0.6   1.77 -0.58
  1.78 -1.17  1.09 -1.24  0.21 -0.72 -0.49] 
new state: [ 0.03  0.98  3.99  0.86 -0.68  1.17  1.38  1.38  0.04  0.6   1.77 -0.58
  1.78 -1.17  1.09 -1.24  0.21 -0.73 -0.49] 
new state: [ 0.02  0.98  3.98  0.86 -0.68  1.17  1.38  1.38  0.04  0.6   1.77 -0.58
  1.78 -1.17  1.09 -1.25  0.21 -0.73 -0.49] 
new state: [ 0.02  0.98  3.98  0.86 -0.68  1.17  1.38  1.38  0.04  0.6   1.77 -0.58
  1.78 -1.17  1.09 -1.25  0.22 -0.74 -0.48] 
new state: [ 0.02  0.98  3.98  0.86 -0.68  1.17  1.38  1.38  0.04  0.6   1.77 -0.58
  1.78 -1.17  1.09 -1.25  0.22 -0.74 -0.48] 
new state: [ 0.02  0.98  3.98  0.86 -0.68  1.17  1.38  1.38  0.04  0.6   1.77 -0.58
  1.78 -1.17  1.09 -1.26  0.23 -0.74 -0.48] 
new state: [ 0.02  0.98  3.97  0.86 -0.68  1.17  1.38  1.38  0.04  0.6   1.77 -0.58
  1.78 -1.17  1.09 -1.26  0.23 -0.75 -0.48] 
new state: [ 0.02  0.98  3.97  0.86 -0.68  1.17  1.38  1.38  0.04  0.6   1.77 -0.58
  1.78 -1.17  1.09 -1.26  0.23 -0.75 -0.47] 
new state: [ 0.02  0.98  3.97  0.86 -0.68  1.17  1.38  1.38  0.04  0.6   1.77 -0.58
  1.78 -1.17  1.09 -1.26  0.24 -0.76 -0.47] 
move to way point [-0.293       0.707       3.92699082]
new state: [-0.01  0.95  3.96  0.86 -0.68  1.17  1.38  1.38  0.04  0.6   1.77 -0.58
  1.78 -1.17  1.09 -1.27  0.24 -0.77 -0.48] 
new state: [-0.01  0.94  3.96  0.86 -0.68  1.17  1.38  1.38  0.04  0.6   1.77 -0.58
  1.78 -1.17  1.09 -1.28  0.23 -0.78 -0.48] 
new state: [-0.02  0.93  3.96  0.86 -0.68  1.17  1.38  1.38  0.04  0.6   1.77 -0.58
  1.78 -1.17  1.09 -1.29  0.23 -0.79 -0.49] 
new state: [-0.03  0.92  3.95  0.86 -0.68  1.17  1.38  1.38  0.04  0.6   1.77 -0.58
  1.78 -1.17  1.09 -1.3   0.23 -0.8  -0.49] 
new state: [-0.03  0.91  3.95  0.86 -0.68  1.17  1.38  1.38  0.04  0.6   1.77 -0.58
  1.78 -1.17  1.09 -1.3   0.22 -0.81 -0.5 ] 
new state: [-0.04  0.9   3.95  0.86 -0.68  1.17  1.38  1.38  0.04  0.6   1.77 -0.58
  1.78 -1.17  1.09 -1.31  0.22 -0.82 -0.5 ] 
new state: [-0.05  0.89  3.95  0.86 -0.68  1.17  1.38  1.38  0.04  0.6   1.77 -0.58
  1.78 -1.17  1.09 -1.32  0.21 -0.83 -0.51] 
new state: [-0.06  0.88  3.95  0.86 -0.68  1.17  1.38  1.38  0.04  0.6   1.77 -0.58
  1.78 -1.17  1.09 -1.33  0.21 -0.84 -0.52] 
new state: [-0.05  0.88  3.94  0.86 -0.68  1.17  1.38  1.38  0.04  0.6   1.77 -0.58
  1.78 -1.17  1.09 -1.34  0.2  -0.85 -0.52] 
new state: [-0.08  0.86  3.94  0.86 -0.68  1.17  1.38  1.38  0.04  0.6   1.77 -0.58
  1.78 -1.17  1.09 -1.35  0.2  -0.86 -0.53] 
new state: [-0.1   0.85  3.94  0.86 -0.68  1.17  1.38  1.38  0.04  0.6   1.77 -0.58
  1.78 -1.17  1.09 -1.35  0.19 -0.85 -0.53] 
new state: [-0.12  0.84  3.94  0.86 -0.68  1.17  1.38  1.38  0.04  0.6   1.77 -0.58
  1.78 -1.17  1.09 -1.35  0.19 -0.85 -0.53] 
new state: [-0.15  0.83  3.94  0.86 -0.68  1.17  1.38  1.38  0.04  0.6   1.77 -0.58
  1.78 -1.17  1.09 -1.35  0.19 -0.85 -0.53] 
new state: [-0.17  0.81  3.94  0.86 -0.68  1.17  1.38  1.38  0.04  0.6   1.77 -0.58
  1.78 -1.17  1.09 -1.35  0.18 -0.85 -0.53] 
new state: [-0.19  0.8   3.93  0.86 -0.68  1.17  1.38  1.38  0.04  0.6   1.77 -0.58
  1.78 -1.17  1.09 -1.35  0.18 -0.84 -0.53] 
new state: [-0.21  0.79  3.93  0.86 -0.68  1.17  1.38  1.38  0.04  0.6   1.77 -0.58
  1.78 -1.17  1.09 -1.35  0.18 -0.84 -0.53] 
new state: [-0.23  0.77  3.93  0.86 -0.68  1.17  1.38  1.38  0.04  0.6   1.77 -0.58
  1.78 -1.17  1.09 -1.35  0.17 -0.83 -0.53] 
new state: [-0.25  0.76  3.93  0.86 -0.68  1.17  1.38  1.38  0.04  0.6   1.77 -0.58
  1.78 -1.17  1.09 -1.35  0.17 -0.83 -0.52] 
new state: [-0.27  0.75  3.93  0.86 -0.68  1.17  1.38  1.38  0.04  0.6   1.77 -0.58
  1.78 -1.17  1.09 -1.35  0.17 -0.83 -0.52] 
new state: [-0.28  0.74  3.93  0.86 -0.68  1.17  1.38  1.38  0.04  0.6   1.77 -0.58
  1.78 -1.17  1.09 -1.35  0.17 -0.82 -0.52] 
move to way point [-0.293       0.707       4.71238898]
new state: [-0.3   0.75  3.99  0.86 -0.68  1.17  1.38  1.38  0.04  0.6   1.77 -0.58
  1.78 -1.17  1.09 -1.34  0.16 -0.8  -0.52] 
new state: [-0.34  0.76  4.05  0.86 -0.68  1.17  1.38  1.38  0.04  0.6   1.77 -0.58
  1.78 -1.17  1.09 -1.34  0.14 -0.77 -0.52] 
new state: [-0.37  0.77  4.1   0.86 -0.68  1.17  1.38  1.38  0.04  0.6   1.77 -0.58
  1.78 -1.17  1.09 -1.33  0.12 -0.74 -0.52] 
new state: [-0.4   0.78  4.15  0.86 -0.68  1.17  1.38  1.38  0.04  0.6   1.77 -0.58
  1.78 -1.17  1.09 -1.32  0.1  -0.71 -0.51] 
new state: [-0.44  0.78  4.2   0.86 -0.68  1.17  1.38  1.38  0.04  0.6   1.77 -0.58
  1.78 -1.17  1.09 -1.3   0.08 -0.67 -0.5 ] 
new state: [-0.47  0.79  4.25  0.86 -0.68  1.17  1.38  1.38  0.04  0.6   1.77 -0.58
  1.78 -1.17  1.09 -1.29  0.06 -0.63 -0.5 ] 
new state: [-0.49  0.79  4.3   0.86 -0.68  1.17  1.38  1.38  0.04  0.6   1.77 -0.58
  1.78 -1.17  1.09 -1.28  0.04 -0.59 -0.48] 
new state: [-0.52  0.79  4.34  0.86 -0.68  1.17  1.38  1.38  0.04  0.6   1.77 -0.58
  1.78 -1.17  1.09 -1.27  0.01 -0.56 -0.48] 
new state: [-0.54  0.8   4.38  0.86 -0.68  1.17  1.38  1.38  0.04  0.6   1.77 -0.58
  1.78 -1.17  1.09 -1.25 -0.01 -0.52 -0.47] 
new state: [-0.53  0.79  4.42  0.86 -0.68  1.17  1.38  1.38  0.04  0.6   1.77 -0.58
  1.78 -1.17  1.09 -1.25 -0.02 -0.51 -0.46] 
new state: [-0.51  0.78  4.45  0.86 -0.68  1.17  1.38  1.38  0.04  0.6   1.77 -0.58
  1.78 -1.17  1.09 -1.25 -0.02 -0.5  -0.46] 
new state: [-0.47  0.77  4.49  0.86 -0.68  1.17  1.38  1.38  0.04  0.6   1.77 -0.58
  1.78 -1.17  1.09 -1.26 -0.01 -0.52 -0.47] 
new state: [-0.42  0.76  4.52  0.86 -0.68  1.17  1.38  1.38  0.04  0.6   1.77 -0.58
  1.78 -1.17  1.09 -1.27  0.01 -0.54 -0.48] 
new state: [-0.34  0.7   4.55  0.62 -0.45  1.17  1.38  1.38  0.04  0.6   1.77 -0.56
  1.76 -1.14  1.06 -1.22 -0.02 -0.52 -0.53] 
new state: [-0.32  0.69  4.58  0.62 -0.46  1.17  1.38  1.38  0.04  0.6   1.77 -0.56
  1.76 -1.14  1.06 -1.23  0.01 -0.54 -0.53] 
new state: [-0.28  0.69  4.6   0.63 -0.46  1.17  1.38  1.38  0.04  0.6   1.77 -0.56
  1.76 -1.14  1.06 -1.24  0.02 -0.57 -0.54] 
new state: [-0.23  0.67  4.63  0.63 -0.46  1.17  1.38  1.38  0.04  0.6   1.77 -0.56
  1.76 -1.14  1.06 -1.23  0.02 -0.62 -0.53] 
new state: [-0.13  0.71  4.65  0.53 -0.54  1.17  1.38  1.38  0.04  0.6   1.77 -0.56
  1.76 -1.14  1.07 -1.22  0.03 -0.64 -0.48] 
new state: [-0.07  0.71  4.67  0.48 -0.59  1.17  1.38  1.38  0.04  0.6   1.77 -0.56
  1.76 -1.14  1.07 -1.21  0.03 -0.68 -0.44] 
new state: [ 0.    0.75  4.69  0.48 -0.58  1.17  1.38  1.14 -0.28  0.6   1.77 -0.54
  1.78 -1.12  1.09 -1.18  0.08 -0.68 -0.36] 
new state: [ 0.05  0.75  4.71  0.44 -0.61  1.17  1.38  1.15 -0.3   0.6   1.77 -0.54
  1.78 -1.13  1.09 -1.18  0.08 -0.71 -0.32] 
new state: [ 0.1   0.75  4.72  0.39 -0.63  1.17  1.38  1.14 -0.33  0.6   1.77 -0.54
  1.78 -1.13  1.09 -1.18  0.08 -0.73 -0.28] 
new state: [ 0.12  0.75  4.74  0.36 -0.65  1.17  1.38  1.13 -0.35  0.6   1.77 -0.54
  1.78 -1.13  1.09 -1.18  0.08 -0.75 -0.24] 
new state: [ 0.14  0.75  4.75  0.33 -0.67  1.17  1.38  1.12 -0.38  0.6   1.77 -0.54
  1.78 -1.13  1.09 -1.18  0.08 -0.77 -0.21] 
new state: [ 0.13  0.75  4.77  0.31 -0.68  1.17  1.38  1.12 -0.39  0.6   1.77 -0.54
  1.78 -1.13  1.09 -1.18  0.08 -0.78 -0.2 ] 
new state: [ 0.12  0.75  4.78  0.29 -0.68  1.17  1.38  1.11 -0.4   0.6   1.77 -0.54
  1.78 -1.13  1.09 -1.18  0.08 -0.79 -0.18] 
new state: [ 0.12  0.75  4.79  0.28 -0.69  1.17  1.38  1.1  -0.41  0.6   1.77 -0.54
  1.78 -1.13  1.09 -1.18  0.08 -0.8  -0.17] 
new state: [ 0.12  0.77  4.8   0.25 -0.69  1.17  1.38  1.09 -0.44  0.6   1.77 -0.54
  1.78 -1.13  1.09 -1.18  0.08 -0.79 -0.17] 
new state: [ 0.13  0.77  4.81  0.21 -0.69  1.17  1.38  1.06 -0.46  0.6   1.77 -0.54
  1.78 -1.13  1.09 -1.18  0.08 -0.79 -0.17] 
new state: [ 0.14  0.79  4.81  0.18 -0.68  1.17  1.38  1.04 -0.49  0.6   1.77 -0.54
  1.78 -1.13  1.09 -1.18  0.08 -0.79 -0.17] 
new state: [ 0.14  0.79  4.82  0.14 -0.67  1.17  1.38  1.02 -0.52  0.6   1.77 -0.54
  1.78 -1.13  1.09 -1.18  0.08 -0.79 -0.17] 
new state: [ 0.15  0.8   4.83  0.11 -0.67  1.17  1.38  1.   -0.55  0.6   1.77 -0.54
  1.78 -1.13  1.09 -1.18  0.08 -0.79 -0.17] 
new state: [ 0.13  0.79  4.83  0.07 -0.67  1.17  1.38  1.01 -0.54  0.6   1.77 -0.54
  1.78 -1.13  1.09 -1.18  0.08 -0.79 -0.17] 
new state: [ 0.11  0.77  4.84  0.04 -0.66  1.17  1.38  1.01 -0.55  0.6   1.77 -0.54
  1.78 -1.13  1.09 -1.18  0.08 -0.79 -0.17] 
new state: [ 0.13  0.79  4.84  0.03 -0.64  1.17  1.38  0.95 -0.59  0.6   1.77 -0.54
  1.78 -1.13  1.09 -1.18  0.08 -0.79 -0.17] 
new state: [ 0.1   0.77  4.84 -0.   -0.64  1.17  1.38  0.96 -0.59  0.6   1.77 -0.54
  1.78 -1.13  1.09 -1.18  0.08 -0.79 -0.17] 
new state: [ 0.12  0.77  4.85 -0.01 -0.63  1.17  1.38  0.9  -0.61  0.6   1.77 -0.54
  1.78 -1.13  1.09 -1.18  0.08 -0.79 -0.17] 
new state: [ 0.11  0.76  4.85 -0.07 -0.61  1.17  1.38  0.83 -0.65  0.6   1.77 -0.54
  1.78 -1.13  1.09 -1.18  0.08 -0.79 -0.17] 
new state: [ 0.06  0.74  4.78 -0.15 -0.57  1.17  1.38  0.73 -0.69  0.6   1.77 -0.54
  1.78 -1.13  1.09 -1.18  0.08 -0.79 -0.17] 
new state: [ 0.04  0.74  4.78 -0.17 -0.56  1.17  1.38  0.72 -0.71  0.6   1.77 -0.54
  1.78 -1.13  1.09 -1.18  0.08 -0.79 -0.17] 
new state: [ 0.04  0.74  4.77 -0.18 -0.55  1.17  1.38  0.7  -0.72  0.6   1.77 -0.54
  1.78 -1.13  1.09 -1.18  0.08 -0.79 -0.17] 
new state: [-0.04  0.72  4.76 -0.18 -0.54  1.17  1.38  0.7  -0.72  0.6   1.77 -0.54
  1.78 -1.13  1.09 -1.18  0.08 -0.79 -0.17] 
new state: [-0.07  0.71  4.75 -0.18 -0.55  1.17  1.38  0.71 -0.71  0.6   1.77 -0.54
  1.78 -1.13  1.09 -1.18  0.08 -0.79 -0.17] 
new state: [-0.1   0.7   4.75 -0.17 -0.55  1.17  1.38  0.71 -0.69  0.6   1.77 -0.54
  1.78 -1.13  1.09 -1.18  0.08 -0.79 -0.17] 
new state: [-0.14  0.69  4.75 -0.17 -0.55  1.17  1.38  0.72 -0.68  0.6   1.77 -0.54
  1.78 -1.13  1.09 -1.18  0.08 -0.79 -0.17] 
new state: [-0.16  0.68  4.74 -0.16 -0.56  1.17  1.38  0.72 -0.66  0.6   1.77 -0.54
  1.78 -1.13  1.09 -1.18  0.08 -0.79 -0.17] 
new state: [-0.18  0.69  4.74 -0.16 -0.56  1.17  1.38  0.72 -0.66  0.6   1.77 -0.54
  1.78 -1.13  1.09 -1.18  0.08 -0.79 -0.17] 
new state: [-0.2   0.7   4.74 -0.15 -0.57  1.17  1.38  0.72 -0.66  0.6   1.77 -0.54
  1.78 -1.13  1.09 -1.18  0.08 -0.79 -0.17] 
new state: [-0.25  0.67  4.73 -0.15 -0.57  1.17  1.38  0.75 -0.63  0.6   1.77 -0.54
  1.78 -1.13  1.09 -1.18  0.08 -0.79 -0.17] 
new state: [-0.27  0.67  4.73 -0.14 -0.58  1.17  1.38  0.76 -0.62  0.6   1.77 -0.54
  1.78 -1.13  1.09 -1.18  0.08 -0.79 -0.17] 
move to way point [-0.293       0.293       4.71238898]
new state: [-0.29  0.61  4.72 -0.13 -0.59  1.17  1.38  0.76 -0.61  0.6   1.77 -0.54
  1.78 -1.13  1.09 -1.18  0.08 -0.79 -0.17] 
new state: [-0.3   0.6   4.72 -0.13 -0.6   1.17  1.38  0.76 -0.61  0.6   1.77 -0.54
  1.78 -1.13  1.09 -1.18  0.08 -0.79 -0.17] 
new state: [-0.3   0.58  4.72 -0.12 -0.61  1.17  1.38  0.76 -0.61  0.6   1.77 -0.54
  1.78 -1.13  1.09 -1.18  0.08 -0.79 -0.17] 
new state: [-0.3   0.57  4.72 -0.12 -0.62  1.17  1.38  0.76 -0.61  0.6   1.77 -0.54
  1.78 -1.13  1.09 -1.18  0.08 -0.79 -0.17] 
new state: [-0.3   0.56  4.72 -0.12 -0.63  1.17  1.38  0.76 -0.62  0.6   1.77 -0.54
  1.78 -1.13  1.09 -1.18  0.08 -0.79 -0.17] 
new state: [-0.3   0.55  4.72 -0.12 -0.64  1.17  1.38  0.76 -0.62  0.6   1.77 -0.54
  1.78 -1.13  1.09 -1.18  0.08 -0.79 -0.17] 
new state: [-0.3   0.54  4.72 -0.12 -0.65  1.17  1.38  0.76 -0.63  0.6   1.77 -0.54
  1.78 -1.13  1.09 -1.18  0.08 -0.79 -0.17] 
new state: [-0.3   0.54  4.72 -0.12 -0.66  1.17  1.38  0.76 -0.64  0.6   1.77 -0.54
  1.78 -1.13  1.09 -1.18  0.08 -0.79 -0.17] 
new state: [-0.3   0.51  4.72 -0.12 -0.67  1.17  1.38  0.76 -0.64  0.6   1.77 -0.54
  1.78 -1.13  1.09 -1.18  0.08 -0.79 -0.17] 
new state: [-0.3   0.49  4.72 -0.12 -0.67  1.17  1.38  0.76 -0.64  0.6   1.77 -0.54
  1.78 -1.13  1.09 -1.18  0.08 -0.79 -0.17] 
new state: [-0.3   0.47  4.72 -0.12 -0.67  1.17  1.38  0.76 -0.64  0.6   1.77 -0.54
  1.78 -1.13  1.09 -1.18  0.08 -0.79 -0.17] 
new state: [-0.3   0.45  4.72 -0.12 -0.67  1.17  1.38  0.76 -0.64  0.6   1.77 -0.54
  1.78 -1.13  1.09 -1.18  0.08 -0.79 -0.17] 
new state: [-0.3   0.43  4.72 -0.12 -0.67  1.17  1.38  0.76 -0.64  0.6   1.77 -0.54
  1.78 -1.13  1.09 -1.18  0.08 -0.79 -0.17] 
new state: [-0.29  0.41  4.72 -0.12 -0.67  1.17  1.38  0.76 -0.64  0.6   1.77 -0.54
  1.78 -1.13  1.09 -1.18  0.08 -0.79 -0.17] 
new state: [-0.29  0.39  4.71 -0.12 -0.67  1.17  1.38  0.76 -0.64  0.6   1.77 -0.54
  1.78 -1.13  1.09 -1.18  0.08 -0.79 -0.17] 
new state: [-0.29  0.38  4.71 -0.12 -0.67  1.17  1.38  0.76 -0.64  0.6   1.77 -0.54
  1.78 -1.13  1.09 -1.18  0.08 -0.79 -0.17] 
new state: [-0.29  0.36  4.71 -0.12 -0.66  1.17  1.38  0.76 -0.64  0.6   1.77 -0.54
  1.78 -1.13  1.09 -1.18  0.08 -0.79 -0.17] 
new state: [-0.29  0.34  4.71 -0.12 -0.66  1.17  1.38  0.76 -0.64  0.6   1.77 -0.54
  1.78 -1.13  1.09 -1.18  0.08 -0.79 -0.17] 
move to way point [-0.293       0.293       5.49778714]
new state: [-0.3   0.32  4.77 -0.12 -0.67  1.17  1.38  0.77 -0.62  0.6   1.77 -0.54
  1.78 -1.13  1.09 -1.18  0.08 -0.79 -0.17] 
new state: [-0.31  0.3   4.83 -0.12 -0.67  1.17  1.38  0.79 -0.6   0.6   1.77 -0.54
  1.78 -1.13  1.09 -1.18  0.08 -0.79 -0.17] 
new state: [-0.33  0.27  4.89 -0.12 -0.67  1.17  1.38  0.8  -0.57  0.6   1.77 -0.54
  1.78 -1.13  1.09 -1.18  0.08 -0.79 -0.17] 
new state: [-0.34  0.25  4.94 -0.12 -0.67  1.17  1.38  0.82 -0.54  0.6   1.77 -0.54
  1.78 -1.13  1.09 -1.18  0.08 -0.79 -0.17] 
new state: [-0.35  0.22  4.99 -0.12 -0.67  1.17  1.38  0.84 -0.5   0.6   1.77 -0.54
  1.78 -1.13  1.09 -1.18  0.08 -0.79 -0.17] 
new state: [-0.36  0.19  5.04 -0.12 -0.67  1.17  1.38  0.86 -0.46  0.6   1.77 -0.54
  1.78 -1.13  1.09 -1.18  0.08 -0.79 -0.17] 
new state: [-0.37  0.17  5.08 -0.12 -0.67  1.17  1.38  0.87 -0.43  0.6   1.77 -0.54
  1.78 -1.13  1.09 -1.18  0.08 -0.79 -0.17] 
new state: [-0.38  0.15  5.12 -0.12 -0.67  1.17  1.38  0.89 -0.39  0.6   1.77 -0.54
  1.78 -1.13  1.09 -1.18  0.08 -0.79 -0.17] 
new state: [-0.37  0.15  5.24 -0.12 -0.67  1.17  1.38  0.91 -0.36  0.6   1.77 -0.54
  1.78 -1.13  1.09 -1.18  0.08 -0.79 -0.17] 
new state: [-0.42  0.17  5.27 -0.03 -0.65  1.17  1.38  0.87 -0.36  0.6   1.77 -0.54
  1.78 -1.13  1.09 -1.18  0.08 -0.79 -0.17] 
new state: [-0.4   0.18  5.3  -0.03 -0.65  1.17  1.38  0.88 -0.37  0.6   1.77 -0.54
  1.78 -1.13  1.09 -1.18  0.08 -0.79 -0.17] 
new state: [-0.4   0.2   5.33 -0.03 -0.65  1.17  1.38  0.88 -0.37  0.6   1.77 -0.54
  1.78 -1.13  1.09 -1.18  0.08 -0.79 -0.17] 
new state: [-0.38  0.23  5.36 -0.03 -0.65  1.17  1.38  0.88 -0.39  0.6   1.77 -0.54
  1.78 -1.13  1.09 -1.18  0.08 -0.79 -0.17] 
new state: [-0.34  0.29  5.41 -0.03 -0.65  1.17  1.38  0.85 -0.44  0.6   1.77 -0.54
  1.78 -1.13  1.09 -1.18  0.08 -0.79 -0.17] 
new state: [-0.3   0.31  5.43 -0.06 -0.64  1.17  1.38  0.85 -0.48  0.6   1.77 -0.54
  1.78 -1.13  1.09 -1.18  0.08 -0.79 -0.17] 
new state: [-0.34  0.47  5.45 -0.12 -0.49  1.48  0.52  0.79 -0.36  0.6   1.77 -0.56
  1.83 -1.14  1.14 -1.22  0.17 -0.82 -0.07] 
new state: [-0.3   0.47  5.47 -0.13 -0.49  1.49  0.53  0.77 -0.4   0.6   1.77 -0.56
  1.83 -1.14  1.14 -1.22  0.17 -0.82 -0.07] 
new state: [-0.28  0.5   5.49 -0.13 -0.48  1.49  0.54  0.75 -0.45  0.6   1.77 -0.56
  1.83 -1.14  1.14 -1.22  0.17 -0.83 -0.07] 
new state: [-0.24  0.56  5.51 -0.17 -0.46  1.51  0.44  0.73 -0.46  0.6   1.77 -0.56
  1.83 -1.15  1.14 -1.22  0.17 -0.83 -0.07] 
new state: [-0.22  0.58  5.52 -0.19 -0.44  1.53  0.38  0.71 -0.48  0.6   1.77 -0.56
  1.83 -1.15  1.14 -1.22  0.17 -0.83 -0.07] 
new state: [-0.21  0.59  5.54 -0.2  -0.43  1.54  0.34  0.69 -0.48  0.6   1.77 -0.56
  1.83 -1.15  1.14 -1.22  0.17 -0.83 -0.07] 
new state: [-0.21  0.58  5.55 -0.2  -0.43  1.55  0.32  0.68 -0.49  0.6   1.77 -0.56
  1.83 -1.15  1.14 -1.22  0.17 -0.83 -0.07] 
new state: [-0.22  0.57  5.56 -0.21 -0.43  1.56  0.31  0.67 -0.49  0.6   1.77 -0.56
  1.83 -1.15  1.14 -1.22  0.17 -0.83 -0.07] 
new state: [-0.22  0.56  5.57 -0.21 -0.43  1.56  0.3   0.67 -0.5   0.6   1.77 -0.56
  1.83 -1.15  1.14 -1.22  0.17 -0.83 -0.07] 
new state: [-0.23  0.55  5.58 -0.21 -0.43  1.57  0.29  0.67 -0.5   0.6   1.77 -0.56
  1.83 -1.15  1.14 -1.22  0.17 -0.83 -0.07] 
new state: [-0.22  0.55  5.59 -0.22 -0.43  1.57  0.3   0.67 -0.52  0.6   1.77 -0.56
  1.83 -1.15  1.14 -1.22  0.17 -0.83 -0.07] 
new state: [-0.2   0.56  5.6  -0.22 -0.42  1.56  0.25  0.65 -0.53  0.6   1.77 -0.56
  1.83 -1.15  1.14 -1.22  0.17 -0.83 -0.07] 
new state: [-0.22  0.55  5.61 -0.22 -0.42  1.59  0.23  0.63 -0.53  0.6   1.77 -0.56
  1.83 -1.15  1.14 -1.22  0.17 -0.83 -0.07] 
new state: [-0.21  0.54  5.61 -0.22 -0.42  1.59  0.22  0.63 -0.54  0.6   1.77 -0.56
  1.83 -1.15  1.14 -1.22  0.17 -0.83 -0.07] 
new state: [-0.22  0.52  5.62 -0.22 -0.42  1.59  0.21  0.62 -0.54  0.6   1.77 -0.56
  1.83 -1.15  1.14 -1.22  0.17 -0.83 -0.07] 
new state: [-0.21  0.5   5.62 -0.22 -0.42  1.59  0.21  0.61 -0.54  0.6   1.77 -0.56
  1.83 -1.15  1.14 -1.22  0.17 -0.83 -0.07] 
new state: [-0.22  0.48  5.63 -0.22 -0.42  1.58  0.21  0.61 -0.54  0.6   1.77 -0.56
  1.83 -1.15  1.14 -1.22  0.17 -0.83 -0.07] 
new state: [-0.22  0.46  5.63 -0.22 -0.42  1.58  0.21  0.61 -0.54  0.6   1.77 -0.56
  1.83 -1.15  1.14 -1.22  0.17 -0.83 -0.07] 
new state: [-0.21  0.44  5.63 -0.22 -0.42  1.57  0.21  0.61 -0.54  0.6   1.77 -0.56
  1.83 -1.15  1.14 -1.22  0.17 -0.83 -0.07] 
new state: [-0.22  0.42  5.63 -0.22 -0.42  1.57  0.21  0.61 -0.55  0.6   1.77 -0.56
  1.83 -1.15  1.14 -1.22  0.17 -0.83 -0.07] 
new state: [-0.21  0.4   5.64 -0.22 -0.42  1.56  0.21  0.61 -0.55  0.6   1.77 -0.56
  1.83 -1.15  1.14 -1.22  0.17 -0.83 -0.07] 
new state: [-0.22  0.38  5.64 -0.22 -0.42  1.55  0.22  0.61 -0.55  0.6   1.77 -0.56
  1.83 -1.15  1.14 -1.22  0.17 -0.83 -0.07] 
new state: [-0.22  0.36  5.64 -0.22 -0.42  1.55  0.22  0.61 -0.55  0.6   1.77 -0.56
  1.83 -1.15  1.14 -1.22  0.17 -0.83 -0.07] 
new state: [-0.23  0.35  5.64 -0.22 -0.42  1.55  0.22  0.61 -0.55  0.6   1.77 -0.56
  1.83 -1.15  1.14 -1.22  0.17 -0.83 -0.07] 
new state: [-0.22  0.33  5.64 -0.22 -0.42  1.54  0.23  0.61 -0.55  0.6   1.77 -0.56
  1.83 -1.15  1.14 -1.22  0.17 -0.83 -0.07] 
new state: [-0.22  0.32  5.64 -0.22 -0.42  1.53  0.23  0.61 -0.55  0.6   1.77 -0.56
  1.83 -1.15  1.14 -1.22  0.17 -0.83 -0.07] 
new state: [-0.22  0.3   5.64 -0.22 -0.42  1.52  0.23  0.61 -0.55  0.6   1.77 -0.56
  1.83 -1.15  1.14 -1.22  0.17 -0.83 -0.07] 
new state: [-0.22  0.29  5.63 -0.22 -0.42  1.52  0.24  0.61 -0.55  0.6   1.77 -0.56
  1.83 -1.15  1.14 -1.22  0.17 -0.83 -0.07] 
new state: [-0.23  0.28  5.63 -0.22 -0.42  1.51  0.24  0.61 -0.55  0.6   1.77 -0.56
  1.83 -1.15  1.14 -1.22  0.17 -0.83 -0.07] 
new state: [-0.23  0.27  5.63 -0.22 -0.42  1.51  0.24  0.61 -0.55  0.6   1.77 -0.56
  1.83 -1.15  1.14 -1.22  0.17 -0.83 -0.07] 
new state: [-0.23  0.26  5.63 -0.22 -0.42  1.5   0.25  0.61 -0.56  0.6   1.77 -0.56
  1.83 -1.15  1.14 -1.22  0.17 -0.83 -0.07] 
new state: [-0.23  0.25  5.63 -0.22 -0.42  1.5   0.25  0.6  -0.56  0.6   1.77 -0.56
  1.83 -1.15  1.14 -1.22  0.17 -0.83 -0.07] 
new state: [-0.24  0.25  5.63 -0.22 -0.42  1.5   0.25  0.6  -0.56  0.6   1.77 -0.56
  1.83 -1.15  1.14 -1.22  0.17 -0.83 -0.07] 
new state: [-0.24  0.25  5.62 -0.22 -0.42  1.49  0.24  0.6  -0.56  0.6   1.77 -0.56
  1.83 -1.15  1.14 -1.22  0.17 -0.83 -0.07] 
new state: [-0.24  0.25  5.62 -0.22 -0.42  1.49  0.24  0.6  -0.56  0.6   1.77 -0.56
  1.83 -1.15  1.14 -1.22  0.17 -0.83 -0.07] 
new state: [-0.24  0.25  5.62 -0.22 -0.42  1.48  0.24  0.59 -0.57  0.6   1.77 -0.56
  1.83 -1.15  1.14 -1.22  0.17 -0.83 -0.07] 
new state: [-0.24  0.25  5.62 -0.22 -0.42  1.48  0.23  0.59 -0.57  0.6   1.77 -0.56
  1.83 -1.15  1.14 -1.22  0.17 -0.83 -0.07] 
new state: [-0.24  0.25  5.61 -0.22 -0.42  1.48  0.23  0.59 -0.57  0.6   1.77 -0.56
  1.83 -1.15  1.14 -1.22  0.17 -0.83 -0.07] 
new state: [-0.25  0.25  5.61 -0.22 -0.42  1.48  0.23  0.58 -0.57  0.6   1.77 -0.56
  1.83 -1.15  1.14 -1.22  0.17 -0.83 -0.07] 
new state: [-0.25  0.25  5.61 -0.22 -0.42  1.47  0.22  0.58 -0.58  0.6   1.77 -0.56
  1.83 -1.15  1.14 -1.22  0.17 -0.83 -0.07] 
new state: [-0.25  0.25  5.6  -0.22 -0.42  1.47  0.22  0.58 -0.58  0.6   1.77 -0.56
  1.83 -1.15  1.14 -1.22  0.17 -0.83 -0.07] 
new state: [-0.25  0.25  5.6  -0.22 -0.42  1.47  0.21  0.57 -0.58  0.6   1.77 -0.56
  1.83 -1.15  1.14 -1.22  0.17 -0.83 -0.07] 
new state: [-0.25  0.25  5.6  -0.22 -0.42  1.47  0.21  0.57 -0.58  0.6   1.77 -0.56
  1.83 -1.15  1.14 -1.22  0.17 -0.83 -0.07] 
new state: [-0.25  0.25  5.59 -0.22 -0.42  1.47  0.2   0.56 -0.58  0.6   1.77 -0.56
  1.83 -1.15  1.14 -1.22  0.17 -0.83 -0.07] 
new state: [-0.26  0.25  5.59 -0.22 -0.42  1.46  0.2   0.56 -0.58  0.6   1.77 -0.56
  1.83 -1.15  1.14 -1.22  0.17 -0.83 -0.07] 
new state: [-0.26  0.25  5.59 -0.22 -0.42  1.46  0.2   0.56 -0.59  0.6   1.77 -0.56
  1.83 -1.15  1.14 -1.22  0.17 -0.83 -0.07] 
new state: [-0.26  0.25  5.59 -0.22 -0.42  1.46  0.19  0.55 -0.59  0.6   1.77 -0.56
  1.83 -1.15  1.14 -1.22  0.17 -0.83 -0.07] 
new state: [-0.26  0.25  5.58 -0.22 -0.42  1.46  0.19  0.55 -0.59  0.6   1.77 -0.56
  1.83 -1.15  1.14 -1.22  0.17 -0.83 -0.07] 
new state: [-0.26  0.26  5.58 -0.22 -0.42  1.46  0.18  0.54 -0.59  0.6   1.77 -0.56
  1.83 -1.15  1.14 -1.22  0.17 -0.83 -0.07] 
new state: [-0.26  0.26  5.58 -0.22 -0.42  1.46  0.18  0.54 -0.59  0.6   1.77 -0.56
  1.83 -1.15  1.14 -1.22  0.17 -0.83 -0.07] 
new state: [-0.26  0.26  5.57 -0.22 -0.42  1.45  0.17  0.53 -0.59  0.6   1.77 -0.56
  1.83 -1.15  1.14 -1.22  0.17 -0.83 -0.07] 
new state: [-0.27  0.26  5.57 -0.22 -0.42  1.45  0.17  0.53 -0.6   0.6   1.77 -0.56
  1.83 -1.15  1.14 -1.22  0.17 -0.83 -0.07] 
new state: [-0.27  0.26  5.57 -0.22 -0.42  1.45  0.16  0.53 -0.6   0.6   1.77 -0.56
  1.83 -1.15  1.14 -1.22  0.17 -0.83 -0.07] 
new state: [-0.27  0.26  5.56 -0.22 -0.42  1.45  0.16  0.52 -0.6   0.6   1.77 -0.56
  1.83 -1.15  1.14 -1.22  0.17 -0.83 -0.07] 
new state: [-0.27  0.26  5.56 -0.22 -0.42  1.45  0.16  0.52 -0.6   0.6   1.77 -0.56
  1.83 -1.15  1.14 -1.22  0.17 -0.83 -0.07] 
new state: [-0.27  0.26  5.56 -0.22 -0.42  1.44  0.15  0.51 -0.6   0.6   1.77 -0.56
  1.83 -1.15  1.14 -1.22  0.17 -0.83 -0.07] 
new state: [-0.27  0.26  5.56 -0.22 -0.42  1.44  0.15  0.51 -0.6   0.6   1.77 -0.56
  1.83 -1.15  1.14 -1.22  0.17 -0.83 -0.07] 
new state: [-0.27  0.26  5.55 -0.22 -0.42  1.44  0.14  0.51 -0.61  0.6   1.77 -0.56
  1.83 -1.15  1.14 -1.22  0.17 -0.83 -0.07] 
new state: [-0.28  0.26  5.55 -0.22 -0.42  1.44  0.14  0.5  -0.61  0.6   1.77 -0.56
  1.83 -1.15  1.14 -1.22  0.17 -0.83 -0.07] 
new state: [-0.28  0.26  5.55 -0.22 -0.42  1.44  0.14  0.5  -0.61  0.6   1.77 -0.56
  1.83 -1.15  1.14 -1.22  0.17 -0.83 -0.07] 
new state: [-0.28  0.26  5.55 -0.22 -0.42  1.44  0.13  0.49 -0.61  0.6   1.77 -0.56
  1.83 -1.15  1.14 -1.22  0.17 -0.83 -0.07] 
new state: [-0.28  0.26  5.54 -0.22 -0.42  1.43  0.13  0.49 -0.61  0.6   1.77 -0.56
  1.83 -1.15  1.14 -1.22  0.17 -0.83 -0.07] 
new state: [-0.28  0.26  5.54 -0.22 -0.42  1.43  0.12  0.49 -0.61  0.6   1.77 -0.56
  1.83 -1.15  1.14 -1.22  0.17 -0.83 -0.07] 
new state: [-0.28  0.27  5.54 -0.22 -0.42  1.43  0.12  0.48 -0.61  0.6   1.77 -0.56
  1.83 -1.15  1.14 -1.22  0.17 -0.83 -0.07] 
new state: [-0.28  0.27  5.54 -0.22 -0.42  1.43  0.12  0.48 -0.62  0.6   1.77 -0.56
  1.83 -1.15  1.14 -1.22  0.17 -0.83 -0.07] 
move to way point [0.         0.         5.49778714]
new state: [-0.25  0.24  5.53 -0.22 -0.42  1.43  0.11  0.48 -0.62  0.6   1.77 -0.56
  1.83 -1.15  1.14 -1.22  0.17 -0.83 -0.07] 
new state: [-0.24  0.24  5.53 -0.22 -0.42  1.44  0.1   0.49 -0.63  0.6   1.77 -0.56
  1.83 -1.15  1.14 -1.22  0.17 -0.83 -0.07] 
new state: [-0.23  0.23  5.53 -0.22 -0.42  1.45  0.09  0.49 -0.63  0.6   1.77 -0.56
  1.83 -1.15  1.14 -1.22  0.17 -0.83 -0.07] 
new state: [-0.22  0.23  5.52 -0.22 -0.42  1.45  0.08  0.5  -0.64  0.6   1.77 -0.56
  1.83 -1.15  1.14 -1.22  0.17 -0.83 -0.07] 
new state: [-0.21  0.22  5.52 -0.22 -0.42  1.46  0.07  0.5  -0.65  0.6   1.77 -0.56
  1.83 -1.15  1.14 -1.22  0.17 -0.83 -0.07] 
new state: [-0.2   0.21  5.52 -0.22 -0.42  1.47  0.06  0.51 -0.66  0.6   1.77 -0.56
  1.83 -1.15  1.14 -1.22  0.17 -0.83 -0.07] 
new state: [-0.2   0.21  5.52 -0.22 -0.42  1.48  0.05  0.51 -0.66  0.6   1.77 -0.56
  1.83 -1.15  1.14 -1.22  0.17 -0.83 -0.07] 
new state: [-0.19  0.21  5.52 -0.22 -0.42  1.49  0.04  0.52 -0.67  0.6   1.77 -0.56
  1.83 -1.15  1.14 -1.22  0.17 -0.83 -0.07] 
new state: [-0.18  0.19  5.51 -0.22 -0.42  1.48  0.04  0.53 -0.68  0.6   1.77 -0.56
  1.83 -1.15  1.14 -1.22  0.17 -0.83 -0.07] 
new state: [-0.18  0.17  5.51 -0.22 -0.42  1.51  0.04  0.52 -0.68  0.6   1.77 -0.56
  1.83 -1.15  1.14 -1.22  0.17 -0.83 -0.07] 
new state: [-0.16  0.15  5.51 -0.22 -0.42  1.51  0.04  0.53 -0.68  0.6   1.77 -0.56
  1.83 -1.15  1.14 -1.22  0.17 -0.83 -0.07] 
new state: [-0.14  0.13  5.51 -0.22 -0.42  1.5   0.04  0.53 -0.68  0.6   1.77 -0.56
  1.83 -1.15  1.14 -1.22  0.17 -0.83 -0.07] 
new state: [-0.12  0.11  5.51 -0.22 -0.42  1.5   0.05  0.53 -0.68  0.6   1.77 -0.56
  1.83 -1.15  1.14 -1.22  0.17 -0.83 -0.07] 
new state: [-0.1   0.09  5.51 -0.22 -0.42  1.49  0.05  0.54 -0.68  0.6   1.77 -0.56
  1.83 -1.15  1.14 -1.22  0.17 -0.83 -0.07] 
new state: [-0.09  0.07  5.5  -0.22 -0.42  1.49  0.06  0.54 -0.68  0.6   1.77 -0.56
  1.83 -1.15  1.14 -1.22  0.17 -0.83 -0.07] 
new state: [-0.07  0.06  5.5  -0.22 -0.42  1.49  0.06  0.54 -0.68  0.6   1.77 -0.56
  1.83 -1.15  1.14 -1.22  0.17 -0.83 -0.07] 
new state: [-0.06  0.04  5.5  -0.22 -0.42  1.48  0.06  0.55 -0.68  0.6   1.77 -0.56
  1.83 -1.15  1.14 -1.22  0.17 -0.83 -0.07] 
new state: [-0.05  0.03  5.5  -0.22 -0.42  1.48  0.07  0.55 -0.68  0.6   1.77 -0.56
  1.83 -1.15  1.14 -1.22  0.17 -0.83 -0.07] 
new state: [-0.04  0.02  5.5  -0.22 -0.42  1.48  0.07  0.55 -0.68  0.6   1.77 -0.56
  1.83 -1.15  1.14 -1.22  0.17 -0.83 -0.07] 
move to way point [0. 0. 0.]
new state: [-0.04 -0.01  5.56 -0.22 -0.42  1.48  0.09  0.56 -0.67  0.6   1.77 -0.56
  1.83 -1.15  1.14 -1.22  0.17 -0.83 -0.07] 
new state: [-0.03 -0.04  5.62 -0.22 -0.42  1.47  0.12  0.57 -0.67  0.6   1.77 -0.56
  1.83 -1.15  1.14 -1.22  0.17 -0.83 -0.07] 
new state: [-0.03 -0.08  5.67 -0.22 -0.42  1.45  0.16  0.58 -0.66  0.6   1.77 -0.56
  1.83 -1.15  1.14 -1.22  0.17 -0.83 -0.07] 
new state: [-0.03 -0.11  5.73 -0.22 -0.42  1.43  0.2   0.6  -0.66  0.6   1.77 -0.56
  1.83 -1.15  1.14 -1.22  0.17 -0.83 -0.07] 
new state: [-0.02 -0.14  5.78 -0.22 -0.42  1.41  0.24  0.62 -0.65  0.6   1.77 -0.56
  1.83 -1.15  1.14 -1.22  0.17 -0.83 -0.07] 
new state: [-0.01 -0.17  5.82 -0.22 -0.42  1.39  0.28  0.64 -0.64  0.6   1.77 -0.56
  1.83 -1.15  1.14 -1.22  0.17 -0.83 -0.07] 
new state: [-0.01 -0.2   5.87 -0.22 -0.42  1.36  0.32  0.66 -0.63  0.6   1.77 -0.56
  1.83 -1.15  1.14 -1.22  0.17 -0.83 -0.07] 
new state: [ 0.   -0.22  5.91 -0.22 -0.42  1.33  0.36  0.67 -0.62  0.6   1.77 -0.56
  1.83 -1.15  1.14 -1.22  0.17 -0.83 -0.07] 
new state: [-0.01 -0.21  5.95 -0.22 -0.42  1.33  0.36  0.69 -0.61  0.6   1.77 -0.56
  1.83 -1.15  1.14 -1.22  0.17 -0.83 -0.07] 
new state: [-0.01 -0.19  5.99 -0.22 -0.42  1.33  0.36  0.69 -0.61  0.6   1.77 -0.56
  1.83 -1.15  1.14 -1.22  0.17 -0.83 -0.07] 
new state: [-0.   -0.17  6.02 -0.22 -0.42  1.33  0.36  0.69 -0.61  0.6   1.77 -0.56
  1.83 -1.15  1.14 -1.22  0.17 -0.83 -0.07] 
new state: [ 0.   -0.15  6.06 -0.22 -0.42  1.33  0.36  0.68 -0.61  0.6   1.77 -0.56
  1.83 -1.15  1.14 -1.22  0.17 -0.83 -0.07] 
new state: [ 0.01 -0.13  6.09 -0.22 -0.42  1.33  0.36  0.68 -0.62  0.6   1.77 -0.56
  1.83 -1.15  1.14 -1.22  0.17 -0.83 -0.07] 
new state: [-0.11  0.01  6.12 -0.31 -0.35  1.2   0.45  0.53 -0.54  1.33  1.2  -0.59
  1.85 -1.18  1.17 -1.27  0.22 -0.89 -0.02] 
new state: [-0.08  0.02  6.15 -0.31 -0.35  1.2   0.45  0.52 -0.56  1.34  1.19 -0.59
  1.85 -1.18  1.17 -1.28  0.22 -0.89 -0.02] 
new state: [-0.1   0.06  6.17 -0.31 -0.35  1.2   0.45  0.5  -0.57  1.38  1.17 -0.59
  1.85 -1.18  1.17 -1.28  0.22 -0.89 -0.02] 
new state: [-0.07  0.07  6.2  -0.31 -0.35  1.2   0.45  0.49 -0.6   1.39  1.18 -0.59
  1.85 -1.18  1.17 -1.28  0.22 -0.89 -0.02] 
new state: [-0.11  0.14  6.22 -0.31 -0.35  1.2   0.45  0.48 -0.58  1.44  1.08 -0.59
  1.85 -1.18  1.17 -1.28  0.22 -0.89 -0.02] 
new state: [-0.12  0.17  6.24 -0.31 -0.35  1.2   0.45  0.47 -0.57  1.48  1.03 -0.59
  1.85 -1.18  1.17 -1.28  0.22 -0.89 -0.02] 
new state: [-0.13  0.21  6.26 -0.31 -0.35  1.2   0.45  0.47 -0.57  1.5   0.97 -0.59
  1.85 -1.18  1.17 -1.28  0.22 -0.89 -0.02] 
new state: [-0.17  0.36  6.28 -0.31 -0.36  1.26  0.18  0.46 -0.5   1.5   1.03 -0.59
  1.85 -1.18  1.16 -1.27  0.21 -0.89 -0.03] 
new state: [-0.16  0.37  6.29 -0.31 -0.36  1.26  0.16  0.46 -0.5   1.52  0.99 -0.59
  1.85 -1.18  1.16 -1.27  0.21 -0.89 -0.03] 
new state: [-0.47  0.38  6.31 -0.49 -0.36  0.95  0.16  0.16 -0.5   1.24  0.93  0.81
  1.87 -1.15  1.16 -1.35  0.21 -0.97 -0.03] 
new state: [-0.45  0.46  6.32 -0.49 -0.37  0.94  0.09  0.17 -0.51  1.27  0.89  0.82
  1.9  -1.15  1.17 -1.35  0.21 -0.97 -0.03] 
new state: [-0.44  0.48  6.31 -0.49 -0.37  0.93  0.06  0.17 -0.51  1.28  0.85  0.85
  1.9  -1.15  1.17 -1.35  0.21 -0.97 -0.03] 
new state: [-0.44  0.49  6.31 -0.49 -0.37  0.92  0.03  0.17 -0.51  1.29  0.82  0.88
  1.9  -1.15  1.17 -1.35  0.21 -0.97 -0.03] 
new state: [-0.43  0.49  6.31 -0.49 -0.37  0.91  0.02  0.17 -0.51  1.3   0.79  0.9
  1.89 -1.15  1.17 -1.35  0.21 -0.97 -0.03] 
new state: [-0.42  0.49  6.31 -0.49 -0.37  0.91 -0.    0.17 -0.51  1.31  0.77  0.93
  1.89 -1.15  1.17 -1.35  0.21 -0.97 -0.03] 
new state: [-0.42  0.5   6.31 -0.49 -0.37  0.91 -0.03  0.17 -0.51  1.32  0.74  0.96
  1.88 -1.15  1.17 -1.35  0.21 -0.97 -0.03] 
new state: [-0.42  0.49  6.3  -0.49 -0.37  0.91 -0.06  0.16 -0.51  1.32  0.75  1.01
  1.88 -1.15  1.17 -1.35  0.21 -0.97 -0.03] 
new state: [-0.39  0.52  6.3  -0.49 -0.37  0.88 -0.07  0.16 -0.51  1.32  0.69  1.04
  1.87 -1.15  1.17 -1.35  0.21 -0.97 -0.03] 
new state: [-0.38  0.49  6.3  -0.49 -0.37  0.88 -0.09  0.16 -0.51  1.32  0.69  1.07
  1.87 -1.15  1.17 -1.35  0.21 -0.97 -0.03] 
new state: [-0.27  0.44  6.3  -0.49 -0.37  0.85 -0.09  0.16 -0.51  1.32  0.66  1.07
  1.85 -1.15  1.17 -1.35  0.21 -0.97 -0.03] 
new state: [-0.19  0.36  6.29 -0.49 -0.37  0.84 -0.1   0.16 -0.51  1.33  0.64  1.07
  1.84 -1.15  1.17 -1.35  0.21 -0.97 -0.03] 
new state: [-0.17  0.33  6.29 -0.49 -0.37  0.84 -0.11  0.16 -0.51  1.33  0.63  1.06
  1.84 -1.15  1.17 -1.35  0.21 -0.97 -0.03] 
new state: [-0.14  0.29  6.29 -0.49 -0.37  0.83 -0.11  0.16 -0.51  1.32  0.64  1.06
  1.84 -1.15  1.17 -1.35  0.21 -0.97 -0.03] 
new state: [-0.12  0.25  6.29 -0.49 -0.37  0.83 -0.1   0.16 -0.51  1.32  0.64  1.06
  1.83 -1.15  1.17 -1.35  0.21 -0.97 -0.03] 
new state: [-0.11  0.22  6.29 -0.49 -0.37  0.84 -0.11  0.16 -0.51  1.32  0.64  1.06
  1.83 -1.15  1.17 -1.35  0.21 -0.97 -0.03] 
new state: [-0.08  0.2   6.29 -0.49 -0.37  0.83 -0.11  0.16 -0.51  1.3   0.64  1.06
  1.83 -1.15  1.17 -1.35  0.21 -0.97 -0.03] 
new state: [-0.05  0.17  6.29 -0.49 -0.37  0.83 -0.11  0.16 -0.51  1.29  0.65  1.06
  1.83 -1.15  1.17 -1.35  0.21 -0.97 -0.03] 
new state: [-0.04  0.14  6.29 -0.49 -0.37  0.83 -0.11  0.16 -0.51  1.28  0.65  1.06
  1.83 -1.15  1.17 -1.35  0.21 -0.97 -0.03] 
new state: [-0.02  0.12  6.29 -0.49 -0.37  0.83 -0.11  0.16 -0.51  1.28  0.65  1.06
  1.83 -1.15  1.17 -1.35  0.21 -0.97 -0.03] 
new state: [-0.    0.11  6.29 -0.49 -0.37  0.82 -0.11  0.16 -0.51  1.27  0.64  1.06
  1.83 -1.15  1.17 -1.35  0.21 -0.97 -0.03] 
new state: [ 0.01  0.1   6.29 -0.49 -0.37  0.82 -0.12  0.16 -0.51  1.27  0.63  1.06
  1.83 -1.15  1.17 -1.35  0.21 -0.97 -0.03] 
new state: [ 0.03  0.09  6.28 -0.49 -0.37  0.81 -0.12  0.16 -0.51  1.27  0.62  1.06
  1.83 -1.15  1.17 -1.35  0.21 -0.97 -0.03] 
new state: [ 0.04  0.08  6.28 -0.49 -0.37  0.8  -0.12  0.16 -0.51  1.27  0.62  1.06
  1.83 -1.15  1.17 -1.35  0.21 -0.97 -0.03] 
new state: [ 0.04  0.07  6.28 -0.49 -0.37  0.79 -0.13  0.16 -0.51  1.27  0.61  1.06
  1.83 -1.15  1.17 -1.35  0.21 -0.97 -0.03] 
new state: [ 0.06  0.06  6.28 -0.49 -0.37  0.79 -0.13  0.16 -0.51  1.27  0.6   1.06
  1.83 -1.15  1.17 -1.35  0.21 -0.97 -0.03] 
new state: [ 0.06  0.05  6.28 -0.49 -0.37  0.79 -0.13  0.16 -0.51  1.26  0.6   1.06
  1.83 -1.15  1.17 -1.35  0.21 -0.97 -0.03] 
new state: [ 0.07  0.04  6.28 -0.49 -0.37  0.78 -0.13  0.16 -0.51  1.26  0.59  1.06
  1.83 -1.15  1.17 -1.35  0.21 -0.97 -0.03] 
new state: [ 0.08  0.03  6.28 -0.49 -0.37  0.78 -0.14  0.16 -0.51  1.26  0.59  1.06
  1.83 -1.15  1.17 -1.35  0.21 -0.97 -0.03] 
new state: [ 0.08  0.02  6.28 -0.49 -0.37  0.77 -0.14  0.16 -0.51  1.25  0.58  1.06
  1.83 -1.15  1.17 -1.35  0.21 -0.97 -0.03] 
new state: [ 0.09  0.01  6.28 -0.49 -0.37  0.77 -0.14  0.16 -0.51  1.25  0.58  1.06
  1.83 -1.15  1.17 -1.35  0.21 -0.97 -0.03] 
new state: [ 0.09  0.    6.28 -0.49 -0.37  0.77 -0.14  0.16 -0.51  1.25  0.57  1.06
  1.83 -1.15  1.17 -1.35  0.21 -0.97 -0.03] 
new state: [ 0.09 -0.01  6.28 -0.49 -0.37  0.76 -0.15  0.16 -0.51  1.25  0.57  1.06
  1.83 -1.15  1.17 -1.35  0.21 -0.97 -0.03] 
new state: [ 0.09 -0.01  6.28 -0.49 -0.37  0.76 -0.15  0.16 -0.51  1.25  0.56  1.06
  1.83 -1.15  1.17 -1.35  0.21 -0.97 -0.03] 
new state: [ 0.1  -0.02  6.28 -0.49 -0.37  0.76 -0.15  0.16 -0.51  1.24  0.56  1.06
  1.83 -1.15  1.17 -1.35  0.21 -0.97 -0.03] 
new state: [ 0.1  -0.02  6.28 -0.49 -0.37  0.76 -0.16  0.16 -0.51  1.24  0.56  1.06
  1.83 -1.15  1.17 -1.35  0.21 -0.97 -0.03] 
new state: [ 0.1  -0.03  6.28 -0.49 -0.37  0.76 -0.16  0.16 -0.51  1.24  0.55  1.06
  1.83 -1.15  1.17 -1.35  0.21 -0.97 -0.03] 
new state: [ 0.1  -0.03  6.28 -0.49 -0.37  0.75 -0.17  0.16 -0.51  1.24  0.55  1.06
  1.83 -1.15  1.17 -1.35  0.21 -0.97 -0.03] 
new state: [ 0.1  -0.04  6.28 -0.49 -0.37  0.75 -0.17  0.16 -0.51  1.24  0.55  1.06
  1.83 -1.15  1.17 -1.35  0.21 -0.97 -0.03] 
new state: [ 0.09 -0.04  6.28 -0.49 -0.37  0.75 -0.17  0.16 -0.51  1.24  0.54  1.06
  1.83 -1.15  1.17 -1.35  0.21 -0.97 -0.03] 
new state: [ 0.09 -0.05  6.28 -0.49 -0.37  0.75 -0.18  0.16 -0.51  1.23  0.54  1.06
  1.83 -1.15  1.17 -1.35  0.21 -0.97 -0.03] 
new state: [ 0.09 -0.05  6.28 -0.49 -0.37  0.75 -0.18  0.16 -0.51  1.23  0.54  1.06
  1.83 -1.15  1.17 -1.35  0.21 -0.97 -0.03] 
new state: [ 0.09 -0.05  6.28 -0.49 -0.37  0.75 -0.18  0.16 -0.51  1.23  0.53  1.06
  1.83 -1.15  1.17 -1.35  0.21 -0.97 -0.03] 
new state: [ 0.09 -0.05  6.28 -0.49 -0.37  0.74 -0.19  0.16 -0.51  1.23  0.53  1.06
  1.83 -1.15  1.17 -1.35  0.21 -0.97 -0.03] 
new state: [ 0.09 -0.06  6.28 -0.49 -0.37  0.74 -0.19  0.16 -0.51  1.23  0.52  1.06
  1.83 -1.15  1.17 -1.35  0.21 -0.97 -0.03] 
new state: [ 0.08 -0.06  6.28 -0.49 -0.37  0.74 -0.19  0.16 -0.51  1.23  0.52  1.06
  1.83 -1.15  1.17 -1.35  0.21 -0.97 -0.03] 
new state: [ 0.08 -0.06  6.28 -0.49 -0.37  0.74 -0.2   0.16 -0.51  1.22  0.52  1.06
  1.83 -1.15  1.17 -1.35  0.21 -0.97 -0.03] 
new state: [ 0.08 -0.06  6.28 -0.49 -0.37  0.74 -0.2   0.16 -0.51  1.22  0.52  1.06
  1.83 -1.15  1.17 -1.35  0.21 -0.97 -0.03] 
new state: [ 0.08 -0.07  6.28 -0.49 -0.37  0.74 -0.2   0.16 -0.51  1.22  0.51  1.06
  1.83 -1.15  1.17 -1.35  0.21 -0.97 -0.03] 
new state: [ 0.08 -0.07  6.28 -0.49 -0.37  0.73 -0.2   0.16 -0.51  1.22  0.51  1.06
  1.83 -1.15  1.17 -1.35  0.21 -0.97 -0.03] 
new state: [ 0.08 -0.07  6.28 -0.49 -0.37  0.73 -0.21  0.16 -0.51  1.22  0.51  1.06
  1.83 -1.15  1.17 -1.35  0.21 -0.97 -0.03] 
new state: [ 0.07 -0.07  6.28 -0.49 -0.37  0.73 -0.21  0.16 -0.51  1.22  0.51  1.06
  1.83 -1.15  1.17 -1.35  0.21 -0.97 -0.03] 
new state: [ 0.07 -0.07  6.28 -0.49 -0.37  0.73 -0.21  0.16 -0.51  1.21  0.5   1.06
  1.83 -1.15  1.17 -1.35  0.21 -0.97 -0.03] 
new state: [ 0.07 -0.08  6.28 -0.49 -0.37  0.73 -0.21  0.16 -0.51  1.21  0.5   1.06
  1.83 -1.15  1.17 -1.35  0.21 -0.97 -0.03] 
new state: [ 0.07 -0.08  6.28 -0.49 -0.37  0.73 -0.22  0.16 -0.51  1.21  0.5   1.06
  1.83 -1.15  1.17 -1.35  0.21 -0.97 -0.03] 
new state: [ 0.07 -0.08  6.28 -0.49 -0.37  0.72 -0.22  0.16 -0.51  1.21  0.5   1.06
  1.83 -1.15  1.17 -1.35  0.21 -0.97 -0.03] 
new state: [ 0.06 -0.08  6.28 -0.49 -0.37  0.72 -0.22  0.16 -0.51  1.21  0.5   1.06
  1.83 -1.15  1.17 -1.35  0.21 -0.97 -0.03] 
new state: [ 0.06 -0.08  6.28 -0.49 -0.37  0.72 -0.22  0.16 -0.51  1.2   0.49  1.06
  1.83 -1.15  1.17 -1.35  0.21 -0.97 -0.03] 
new state: [ 0.06 -0.08  6.28 -0.49 -0.37  0.72 -0.22  0.16 -0.51  1.2   0.49  1.06
  1.83 -1.15  1.17 -1.35  0.21 -0.97 -0.03] 
new state: [ 0.06 -0.08  6.28 -0.49 -0.37  0.72 -0.22  0.16 -0.51  1.2   0.49  1.06
  1.83 -1.15  1.17 -1.35  0.21 -0.97 -0.03] 
new state: [ 0.06 -0.08  6.28 -0.49 -0.37  0.72 -0.22  0.16 -0.51  1.2   0.49  1.06
  1.83 -1.15  1.17 -1.35  0.21 -0.97 -0.03] 
new state: [ 0.05 -0.09  6.28 -0.49 -0.37  0.71 -0.23  0.16 -0.51  1.2   0.49  1.06
  1.83 -1.15  1.17 -1.35  0.21 -0.97 -0.03] 
new state: [ 0.05 -0.09  6.28 -0.49 -0.37  0.71 -0.23  0.16 -0.51  1.19  0.49  1.06
  1.83 -1.15  1.17 -1.35  0.21 -0.97 -0.03] 
new state: [ 0.05 -0.09  6.28 -0.49 -0.37  0.71 -0.23  0.16 -0.51  1.19  0.49  1.06
  1.83 -1.15  1.17 -1.35  0.21 -0.97 -0.03] 
new state: [ 0.05 -0.09  6.28 -0.49 -0.37  0.71 -0.23  0.16 -0.51  1.19  0.49  1.06
  1.83 -1.15  1.17 -1.35  0.21 -0.97 -0.03] 
new state: [ 0.05 -0.09  6.28 -0.49 -0.37  0.71 -0.23  0.16 -0.51  1.19  0.49  1.06
  1.83 -1.15  1.17 -1.35  0.21 -0.97 -0.03] 
new state: [ 0.05 -0.09  6.28 -0.49 -0.37  0.7  -0.23  0.16 -0.51  1.19  0.48  1.06
  1.83 -1.15  1.17 -1.35  0.21 -0.97 -0.03] 
new state: [ 0.04 -0.09  6.28 -0.49 -0.37  0.7  -0.23  0.16 -0.51  1.19  0.48  1.06
  1.83 -1.15  1.17 -1.35  0.21 -0.97 -0.03] 
new state: [ 0.04 -0.09  6.28 -0.49 -0.37  0.7  -0.23  0.16 -0.51  1.18  0.48  1.06
  1.83 -1.15  1.17 -1.35  0.21 -0.97 -0.03] 
new state: [ 0.04 -0.09  6.28 -0.49 -0.37  0.7  -0.23  0.16 -0.51  1.18  0.48  1.06
  1.83 -1.15  1.17 -1.35  0.21 -0.97 -0.03] 
new state: [ 0.04 -0.09  6.28 -0.49 -0.37  0.7  -0.23  0.16 -0.51  1.18  0.48  1.06
  1.83 -1.15  1.17 -1.35  0.21 -0.97 -0.03] 
new state: [ 0.04 -0.09  6.28 -0.49 -0.37  0.69 -0.23  0.16 -0.51  1.18  0.48  1.06
  1.83 -1.15  1.17 -1.35  0.21 -0.97 -0.03] 
new state: [ 0.03 -0.09  6.28 -0.49 -0.37  0.69 -0.23  0.16 -0.51  1.18  0.48  1.06
  1.83 -1.15  1.17 -1.35  0.21 -0.97 -0.03] 
new state: [ 0.03 -0.09  6.28 -0.49 -0.37  0.69 -0.23  0.16 -0.51  1.17  0.48  1.06
  1.83 -1.15  1.17 -1.35  0.21 -0.97 -0.03] 
new state: [ 0.03 -0.09  6.28 -0.49 -0.37  0.69 -0.23  0.16 -0.51  1.17  0.48  1.06
  1.83 -1.15  1.17 -1.35  0.21 -0.97 -0.03] 
new state: [ 0.03 -0.09  6.28 -0.49 -0.37  0.69 -0.23  0.16 -0.51  1.17  0.48  1.06
  1.83 -1.15  1.17 -1.35  0.21 -0.97 -0.03] 
new state: [ 0.03 -0.09  6.28 -0.49 -0.37  0.69 -0.23  0.16 -0.51  1.17  0.48  1.06
  1.83 -1.15  1.17 -1.35  0.21 -0.97 -0.03] 
new state: [ 0.03 -0.09  6.28 -0.49 -0.37  0.68 -0.23  0.16 -0.51  1.17  0.48  1.06
  1.83 -1.15  1.17 -1.35  0.21 -0.97 -0.03] 
new state: [ 0.02 -0.09  6.28 -0.49 -0.37  0.68 -0.23  0.16 -0.51  1.17  0.48  1.06
  1.83 -1.15  1.17 -1.35  0.21 -0.97 -0.03] 
new state: [ 0.02 -0.08  6.28 -0.49 -0.37  0.68 -0.23  0.16 -0.51  1.16  0.48  1.06
  1.83 -1.15  1.17 -1.35  0.21 -0.97 -0.03] 
new state: [ 0.02 -0.08  6.28 -0.49 -0.37  0.68 -0.23  0.16 -0.51  1.16  0.49  1.06
  1.83 -1.15  1.17 -1.35  0.21 -0.97 -0.03] 
new state: [ 0.02 -0.08  6.28 -0.49 -0.37  0.68 -0.23  0.16 -0.51  1.16  0.49  1.06
  1.83 -1.15  1.17 -1.35  0.21 -0.97 -0.03] 
new state: [ 0.02 -0.08  6.28 -0.49 -0.37  0.68 -0.23  0.16 -0.51  1.16  0.49  1.06
  1.83 -1.15  1.17 -1.35  0.21 -0.97 -0.03] 
new state: [ 0.02 -0.08  6.28 -0.49 -0.37  0.67 -0.23  0.16 -0.51  1.16  0.49  1.06
  1.83 -1.15  1.17 -1.35  0.21 -0.97 -0.03] 
new state: [ 0.02 -0.08  6.28 -0.49 -0.37  0.67 -0.23  0.16 -0.51  1.16  0.49  1.06
  1.83 -1.15  1.17 -1.35  0.21 -0.97 -0.03] 
new state: [ 0.01 -0.08  6.28 -0.49 -0.37  0.67 -0.23  0.16 -0.51  1.15  0.49  1.06
  1.83 -1.15  1.17 -1.35  0.21 -0.97 -0.03] 
new state: [ 0.01 -0.08  6.28 -0.49 -0.37  0.67 -0.23  0.16 -0.51  1.15  0.49  1.06
  1.83 -1.15  1.17 -1.35  0.21 -0.97 -0.03] 
new state: [ 0.01 -0.08  6.28 -0.49 -0.37  0.67 -0.23  0.16 -0.51  1.15  0.49  1.06
  1.83 -1.15  1.17 -1.35  0.21 -0.97 -0.03] 
new state: [ 0.01 -0.08  6.28 -0.49 -0.37  0.67 -0.22  0.16 -0.51  1.15  0.49  1.06
  1.83 -1.15  1.17 -1.35  0.21 -0.97 -0.03] 
new state: [ 0.01 -0.08  6.28 -0.49 -0.37  0.67 -0.22  0.16 -0.51  1.15  0.49  1.06
  1.83 -1.15  1.17 -1.35  0.21 -0.97 -0.03] 
new state: [ 0.01 -0.07  6.28 -0.49 -0.37  0.66 -0.22  0.16 -0.51  1.15  0.49  1.06
  1.83 -1.15  1.17 -1.35  0.21 -0.97 -0.03] 
new state: [ 0.01 -0.07  6.28 -0.49 -0.37  0.66 -0.22  0.16 -0.51  1.15  0.49  1.06
  1.83 -1.15  1.17 -1.35  0.21 -0.97 -0.03] 
new state: [ 0.01 -0.07  6.28 -0.49 -0.37  0.66 -0.22  0.16 -0.51  1.14  0.5   1.06
  1.83 -1.15  1.17 -1.35  0.21 -0.97 -0.03] 
new state: [ 0.   -0.07  6.28 -0.49 -0.37  0.66 -0.22  0.16 -0.51  1.14  0.5   1.06
  1.83 -1.15  1.17 -1.35  0.21 -0.97 -0.03] 
new state: [ 0.   -0.07  6.28 -0.49 -0.37  0.66 -0.22  0.16 -0.51  1.14  0.5   1.06
  1.83 -1.15  1.17 -1.35  0.21 -0.97 -0.03] 
new state: [ 0.   -0.07  6.28 -0.49 -0.37  0.66 -0.22  0.16 -0.51  1.14  0.5   1.06
  1.83 -1.15  1.17 -1.35  0.21 -0.97 -0.03] 
new state: [ 0.   -0.07  6.28 -0.49 -0.37  0.66 -0.22  0.16 -0.51  1.14  0.5   1.06
  1.83 -1.15  1.17 -1.35  0.21 -0.97 -0.03] 
new state: [-0.   -0.07  6.28 -0.49 -0.37  0.66 -0.21  0.16 -0.51  1.14  0.5   1.06
  1.83 -1.15  1.17 -1.35  0.21 -0.97 -0.03] 
new state: [-0.   -0.06  6.28 -0.49 -0.37  0.65 -0.21  0.16 -0.51  1.14  0.5   1.06
  1.83 -1.15  1.17 -1.35  0.21 -0.97 -0.03] 
new state: [-0.   -0.06  6.28 -0.49 -0.37  0.65 -0.21  0.16 -0.51  1.14  0.5   1.06
  1.83 -1.15  1.17 -1.35  0.21 -0.97 -0.03] 
new state: [-0.   -0.06  6.28 -0.49 -0.37  0.65 -0.21  0.16 -0.51  1.13  0.51  1.06
  1.83 -1.15  1.17 -1.35  0.21 -0.97 -0.03] 
new state: [-0.   -0.06  6.28 -0.49 -0.37  0.65 -0.21  0.16 -0.51  1.13  0.51  1.06
  1.83 -1.15  1.17 -1.35  0.21 -0.97 -0.03] 
new state: [-0.01 -0.06  6.28 -0.49 -0.37  0.65 -0.21  0.16 -0.51  1.13  0.51  1.06
  1.83 -1.15  1.17 -1.35  0.21 -0.97 -0.03] 
new state: [-0.01 -0.06  6.28 -0.49 -0.37  0.65 -0.21  0.16 -0.51  1.13  0.51  1.06
  1.83 -1.15  1.17 -1.35  0.21 -0.97 -0.03] 
new state: [-0.01 -0.06  6.28 -0.49 -0.37  0.65 -0.21  0.16 -0.51  1.13  0.51  1.06
  1.83 -1.15  1.17 -1.35  0.21 -0.97 -0.03] 
new state: [-0.01 -0.05  6.28 -0.49 -0.37  0.65 -0.2   0.16 -0.51  1.13  0.51  1.06
  1.83 -1.15  1.17 -1.35  0.21 -0.97 -0.03] 
new state: [-0.01 -0.05  6.28 -0.49 -0.37  0.65 -0.2   0.16 -0.51  1.13  0.51  1.06
  1.83 -1.15  1.17 -1.35  0.21 -0.97 -0.03] 
new state: [-0.01 -0.05  6.28 -0.49 -0.37  0.65 -0.2   0.16 -0.51  1.13  0.52  1.06
  1.83 -1.15  1.17 -1.35  0.21 -0.97 -0.03] 
new state: [-0.01 -0.05  6.28 -0.49 -0.37  0.64 -0.2   0.16 -0.51  1.13  0.52  1.06
  1.83 -1.15  1.17 -1.35  0.21 -0.97 -0.03] 
new state: [-0.01 -0.05  6.28 -0.49 -0.37  0.64 -0.2   0.16 -0.51  1.13  0.52  1.06
  1.83 -1.15  1.17 -1.35  0.21 -0.97 -0.03] 
[[ 1.12484809e+01  4.16106072e-17  0.00000000e+00  5.30438534e+00
  -2.54536089e-16  1.11995521e+01  4.16967541e-17  7.37309411e+00
   5.20102857e-17  1.11995521e+01  4.16202668e-17  7.94569333e+00
   4.33176641e-17  2.17851838e+00 -6.17423977e-17  3.55259191e+00
  -6.09433932e-17  3.72384747e+00 -8.28934887e-17]
 [ 4.16106072e-17  1.12484809e+01  0.00000000e+00  8.19350553e-17
   5.30438534e+00  4.15586862e-17  1.11995521e+01  3.20293956e-17
   7.37309411e+00  4.15298769e-17  1.11995521e+01  4.16832581e-17
   7.94569333e+00  6.30291472e-17  2.17851838e+00  1.11975299e-16
   3.55259191e+00  8.99436295e-17  3.72384747e+00]
 [ 0.00000000e+00  0.00000000e+00  1.01800000e+02  0.00000000e+00
   0.00000000e+00  0.00000000e+00  0.00000000e+00  0.00000000e+00
   0.00000000e+00  0.00000000e+00  0.00000000e+00  0.00000000e+00
   0.00000000e+00  0.00000000e+00  0.00000000e+00  0.00000000e+00
   0.00000000e+00  0.00000000e+00  0.00000000e+00]
 [ 5.30438534e+00  8.19350553e-17  0.00000000e+00  2.69265107e+01
  -1.45082986e-16  5.30438534e+00  8.19543068e-17  5.32702725e+00
   1.03725183e-16  5.30438534e+00  8.19270060e-17  5.30438344e+00
   8.31792058e-17  2.23539688e+00 -5.74102798e-18  3.87950985e+00
   1.36315013e-17  4.08015029e+00  2.21910325e-17]
 [-2.54536089e-16  5.30438534e+00  0.00000000e+00 -1.45082986e-16
   2.69265107e+01 -2.54506054e-16  5.30438534e+00 -2.52755631e-16
   5.32702725e+00 -2.54516887e-16  5.30438534e+00 -2.53862789e-16
   5.30438344e+00 -5.04234292e-17  2.23539688e+00 -6.91225496e-17
   3.87950985e+00 -8.63657838e-17  4.08015029e+00]
 [ 1.11995521e+01  4.15586862e-17  0.00000000e+00  5.30438534e+00
  -2.54506054e-16  1.12825404e+01  4.16908623e-17  7.37309411e+00
   5.19979673e-17  1.11654927e+01  4.16417245e-17  7.94569333e+00
   4.33011429e-17  2.17851838e+00 -6.17382043e-17  3.55259191e+00
  -6.09391792e-17  3.72384747e+00 -8.28933824e-17]
 [ 4.16967541e-17  1.11995521e+01  0.00000000e+00  8.19543068e-17
   5.30438534e+00  4.16908623e-17  1.12825404e+01  3.21048955e-17
   7.37309411e+00  4.16617137e-17  1.11654927e+01  4.17291773e-17
   7.94569333e+00  6.30311250e-17  2.17851838e+00  1.12001826e-16
   3.55259191e+00  8.99576156e-17  3.72384747e+00]
 [ 7.37309411e+00  3.20293956e-17  0.00000000e+00  5.32702725e+00
  -2.52755631e-16  7.37309411e+00  3.21048955e-17  1.94609900e+01
   4.60095939e-17  7.37309411e+00  3.20669474e-17  7.37309085e+00
   3.23848389e-17  2.17297424e+00 -6.71668033e-17  3.56130365e+00
  -7.17889028e-17  3.73401217e+00 -8.82677878e-17]
 [ 5.20102857e-17  7.37309411e+00  0.00000000e+00  1.03725183e-16
   5.32702725e+00  5.19979673e-17  7.37309411e+00  4.60095939e-17
   1.94609900e+01  5.19829800e-17  7.37309411e+00  5.20936403e-17
   7.37309085e+00  6.89524278e-17  2.17297424e+00  1.18113438e-16
   3.56130365e+00  9.46340471e-17  3.73401217e+00]
 [ 1.11995521e+01  4.15298769e-17  0.00000000e+00  5.30438534e+00
  -2.54516887e-16  1.11654927e+01  4.16617137e-17  7.37309411e+00
   5.19829800e-17  1.12825404e+01  4.16134678e-17  7.94569333e+00
   4.32682376e-17  2.17851838e+00 -6.17383300e-17  3.55259191e+00
  -6.09470243e-17  3.72384747e+00 -8.28738674e-17]
 [ 4.16202668e-17  1.11995521e+01  0.00000000e+00  8.19270060e-17
   5.30438534e+00  4.16417245e-17  1.11654927e+01  3.20669474e-17
   7.37309411e+00  4.16134678e-17  1.12825404e+01  4.16882822e-17
   7.94569333e+00  6.30199126e-17  2.17851838e+00  1.11983541e-16
   3.55259191e+00  8.99384496e-17  3.72384747e+00]
 [ 7.94569333e+00  4.16832581e-17  0.00000000e+00  5.30438344e+00
  -2.53862789e-16  7.94569333e+00  4.17291773e-17  7.37309085e+00
   5.20936403e-17  7.94569333e+00  4.16882822e-17  1.77562036e+01
   4.30994647e-17  2.17851869e+00 -6.14690768e-17  3.55259111e+00
  -6.07148069e-17  3.72384656e+00 -8.21107745e-17]
 [ 4.33176641e-17  7.94569333e+00  0.00000000e+00  8.31792058e-17
   5.30438344e+00  4.33011429e-17  7.94569333e+00  3.23848389e-17
   7.37309085e+00  4.32682376e-17  7.94569333e+00  4.30994647e-17
   1.77562036e+01  6.33621213e-17  2.17851869e+00  1.12894602e-16
   3.55259111e+00  9.01573710e-17  3.72384656e+00]
 [ 2.17851838e+00  6.30291472e-17  0.00000000e+00  2.23539688e+00
  -5.04234292e-17  2.17851838e+00  6.30311250e-17  2.17297424e+00
   6.89524278e-17  2.17851838e+00  6.30199126e-17  2.17851869e+00
   6.33621213e-17  4.35850014e+01 -4.21902755e-17  2.43836870e+00
   2.94514683e-17  2.40523161e+00  2.67934773e-17]
 [-6.17423977e-17  2.17851838e+00  0.00000000e+00 -5.74102798e-18
   2.23539688e+00 -6.17382043e-17  2.17851838e+00 -6.71668033e-17
   2.17297424e+00 -6.17383300e-17  2.17851838e+00 -6.14690768e-17
   2.17851869e+00 -4.21902755e-17  4.35850014e+01  4.92385839e-18
   2.43836870e+00 -4.93907024e-18  2.40523161e+00]
 [ 3.55259191e+00  1.11975299e-16  0.00000000e+00  3.87950985e+00
  -6.91225496e-17  3.55259191e+00  1.12001826e-16  3.56130365e+00
   1.18113438e-16  3.55259191e+00  1.11983541e-16  3.55259111e+00
   1.12894602e-16  2.43836870e+00  4.92385839e-18  3.47470280e+01
   4.58905386e-17  4.36197954e+00  4.35825311e-17]
 [-6.09433932e-17  3.55259191e+00  0.00000000e+00  1.36315013e-17
   3.87950985e+00 -6.09391792e-17  3.55259191e+00 -7.17889028e-17
   3.56130365e+00 -6.09470243e-17  3.55259191e+00 -6.07148069e-17
   3.55259111e+00  2.94514683e-17  2.43836870e+00  4.58905386e-17
   3.47470280e+01  2.25112986e-17  4.36197954e+00]
 [ 3.72384747e+00  8.99436295e-17  0.00000000e+00  4.08015029e+00
  -8.63657838e-17  3.72384747e+00  8.99576156e-17  3.73401217e+00
   9.46340471e-17  3.72384747e+00  8.99384496e-17  3.72384656e+00
   9.01573710e-17  2.40523161e+00 -4.93907024e-18  4.36197954e+00
   2.25112986e-17  3.38027219e+01  2.34526473e-17]
 [-8.28934887e-17  3.72384747e+00  0.00000000e+00  2.21910325e-17
   4.08015029e+00 -8.28933824e-17  3.72384747e+00 -8.82677878e-17
   3.73401217e+00 -8.28738674e-17  3.72384747e+00 -8.21107745e-17
   3.72384656e+00  2.67934773e-17  2.40523161e+00  4.35825311e-17
   4.36197954e+00  2.34526473e-17  3.38027219e+01]]
