[0.         0.         0.         1.63503226 1.12271396]
[ 0.          0.          0.          1.63503226  1.12271396  1.68041199
 -0.07768035]
move to way point [0. 0. 0.]
move to way point [1. 0. 0.]
new state: [ 0.02  0.    0.    1.65  1.12  1.7  -0.08] 
new state: [ 0.05  0.    0.    1.66  1.12  1.71 -0.08] 
new state: [ 0.08 -0.    0.    1.67  1.12  1.72 -0.08] 
new state: [ 0.1  -0.    0.    1.68  1.12  1.73 -0.08] 
new state: [ 0.12 -0.    0.    1.7   1.12  1.74 -0.08] 
new state: [ 0.14 -0.    0.    1.71  1.12  1.76 -0.08] 
new state: [ 0.16 -0.    0.    1.73  1.12  1.77 -0.08] 
new state: [ 0.18 -0.    0.    1.75  1.12  1.79 -0.08] 
new state: [ 0.19 -0.    0.    1.77  1.13  1.81 -0.08] 
new state: [ 0.26 -0.02  0.    1.8   1.14  1.83 -0.08] 
[ 0.2551714  -0.02019795  0.          1.79580947  1.14433157  1.82861935
 -0.07843066  1.20876883 -0.71688267]
new state: [ 0.3  -0.02  0.    1.79  1.13  1.85 -0.07  1.25 -0.71] 
new state: [ 0.33 -0.02  0.    1.79  1.13  1.85 -0.07  1.24 -0.71] 
new state: [ 0.35 -0.02  0.    1.8   1.14  1.85 -0.07  1.24 -0.72] 
new state: [ 0.42 -0.02  0.    1.8   1.14  1.85 -0.07  1.24 -0.72] 
new state: [ 0.46 -0.01  0.    1.79  1.14  1.85 -0.07  1.24 -0.71] 
new state: [ 0.49 -0.01  0.    1.8   1.14  1.84 -0.07  1.23 -0.72] 
new state: [ 0.53 -0.01  0.    1.79  1.14  1.84 -0.07  1.23 -0.72] 
new state: [ 0.57 -0.01  0.    1.78  1.14  1.84 -0.07  1.23 -0.72] 
new state: [ 0.61 -0.01  0.    1.79  1.14  1.83 -0.07  1.22 -0.72] 
new state: [ 0.65 -0.01  0.    1.78  1.14  1.83 -0.07  1.23 -0.72] 
new state: [ 0.68 -0.01  0.    1.77  1.13  1.83 -0.07  1.23 -0.72] 
new state: [ 0.72 -0.01  0.    1.76  1.14  1.83 -0.07  1.23 -0.72] 
new state: [ 0.75 -0.01  0.    1.76  1.14  1.83 -0.06  1.23 -0.72] 
new state: [ 0.78 -0.01  0.    1.75  1.14  1.83 -0.06  1.23 -0.72] 
new state: [ 0.81 -0.01  0.    1.75  1.13  1.83 -0.06  1.23 -0.72] 
new state: [ 0.83 -0.01  0.    1.75  1.13  1.83 -0.06  1.23 -0.72] 
new state: [ 0.86 -0.01  0.    1.75  1.13  1.82 -0.06  1.23 -0.72] 
new state: [ 0.89 -0.01  0.    1.75  1.13  1.82 -0.06  1.23 -0.72] 
new state: [ 0.91 -0.01  0.    1.75  1.13  1.82 -0.06  1.23 -0.72] 
new state: [ 0.93 -0.01  0.    1.75  1.13  1.83 -0.05  1.23 -0.72] 
new state: [ 0.95 -0.01  0.    1.75  1.13  1.83 -0.05  1.23 -0.72] 
move to way point [1.         0.         1.57079633]
new state: [ 0.96 -0.02  0.06  1.75  1.13  1.83 -0.04  1.23 -0.72] 
new state: [ 0.96 -0.04  0.12  1.75  1.13  1.82 -0.03  1.23 -0.72] 
new state: [ 0.97 -0.05  0.18  1.75  1.13  1.82 -0.01  1.23 -0.72] 
new state: [ 0.98 -0.07  0.24  1.75  1.13  1.81  0.01  1.23 -0.72] 
new state: [ 0.99 -0.08  0.3   1.75  1.13  1.8   0.03  1.23 -0.72] 
new state: [ 1.   -0.1   0.36  1.75  1.13  1.78  0.05  1.23 -0.72] 
new state: [ 1.01 -0.11  0.41  1.75  1.13  1.77  0.08  1.23 -0.72] 
new state: [ 1.02 -0.12  0.46  1.75  1.13  1.76  0.1   1.23 -0.72] 
new state: [ 1.03 -0.14  0.51  1.75  1.13  1.75  0.12  1.23 -0.72] 
new state: [ 1.04 -0.14  0.56  1.75  1.13  1.74  0.13  1.23 -0.72] 
new state: [ 1.04 -0.14  0.62  1.75  1.13  1.74  0.14  1.23 -0.72] 
new state: [ 1.22 -0.14  0.67  1.41  1.15  1.9   0.13  1.23 -0.72] 
new state: [ 1.18 -0.13  0.72  1.41  1.15  1.89  0.13  1.23 -0.72] 
new state: [ 1.17 -0.11  0.75  1.41  1.15  1.9   0.11  1.23 -0.72] 
new state: [ 1.14 -0.09  0.79  1.45  1.15  1.89  0.09  1.23 -0.72] 
new state: [ 1.14 -0.07  0.83  1.45  1.16  1.89  0.07  1.23 -0.72] 
[ 1.13525353 -0.07042611  0.82856493  1.44643811  1.15741496  1.89311223
  0.07172465  1.22999506 -0.71756502  0.93487239  1.60677465]
new state: [ 1.12 -0.05  0.87  1.59  1.15  1.89 -0.01  1.23 -0.72  0.85  1.62] 
new state: [ 1.1  -0.05  0.9   1.6   1.14  1.89 -0.02  1.23 -0.72  0.86  1.62] 
new state: [ 1.07 -0.04  0.94  1.61  1.13  1.88 -0.02  1.23 -0.72  0.88  1.62] 
new state: [ 1.04 -0.03  0.98  1.62  1.12  1.88 -0.01  1.23 -0.72  0.9   1.63] 
new state: [ 1.02 -0.02  1.02  1.63  1.11  1.88 -0.01  1.23 -0.72  0.92  1.63] 
new state: [ 0.99 -0.02  1.06  1.64  1.11  1.88 -0.01  1.23 -0.72  0.93  1.64] 
new state: [ 0.98 -0.02  1.09  1.64  1.1   1.88 -0.01  1.23 -0.72  0.94  1.64] 
new state: [ 0.98 -0.02  1.13  1.64  1.1   1.88 -0.01  1.23 -0.72  0.94  1.64] 
new state: [ 0.97 -0.02  1.17  1.64  1.1   1.88 -0.01  1.23 -0.72  0.95  1.64] 
new state: [ 0.96 -0.01  1.21  1.64  1.1   1.88 -0.01  1.23 -0.72  0.95  1.64] 
new state: [ 0.95 -0.01  1.24  1.65  1.1   1.88 -0.01  1.23 -0.72  0.96  1.65] 
new state: [ 0.95 -0.01  1.28  1.65  1.1   1.88 -0.01  1.23 -0.72  0.96  1.65] 
new state: [ 0.96 -0.01  1.31  1.64  1.11  1.88 -0.01  1.23 -0.72  0.96  1.65] 
new state: [ 0.98 -0.02  1.35  1.63  1.11  1.88 -0.01  1.23 -0.72  0.94  1.64] 
new state: [ 1.01 -0.02  1.38  1.63  1.13  1.88 -0.01  1.23 -0.72  0.92  1.64] 
new state: [ 1.03 -0.02  1.41  1.62  1.14  1.88 -0.01  1.23 -0.72  0.9   1.63] 
new state: [ 1.06 -0.02  1.45  1.61  1.15  1.88 -0.01  1.23 -0.72  0.88  1.63] 
new state: [ 1.08 -0.03  1.48  1.59  1.16  1.88 -0.01  1.23 -0.72  0.86  1.62] 
new state: [ 1.1  -0.03  1.51  1.58  1.18  1.88 -0.01  1.23 -0.72  0.83  1.61] 
new state: [ 1.13 -0.03  1.54  1.57  1.19  1.88 -0.01  1.23 -0.72  0.81  1.6 ] 
new state: [ 1.15 -0.03  1.57  1.56  1.2   1.88 -0.01  1.23 -0.72  0.79  1.59] 
new state: [ 1.17 -0.02  1.59  1.55  1.21  1.88 -0.01  1.23 -0.72  0.77  1.58] 
new state: [ 1.19 -0.02  1.62  1.54  1.23  1.88 -0.01  1.23 -0.72  0.74  1.57] 
new state: [ 1.21 -0.02  1.64  1.52  1.24  1.88 -0.01  1.23 -0.72  0.72  1.56] 
new state: [ 1.23 -0.02  1.67  1.51  1.25  1.88 -0.01  1.23 -0.72  0.7   1.55] 
new state: [ 1.24 -0.01  1.69  1.5   1.26  1.88 -0.01  1.23 -0.72  0.68  1.54] 
new state: [ 1.25 -0.01  1.71  1.48  1.27  1.88 -0.01  1.23 -0.72  0.66  1.53] 
new state: [ 1.27 -0.01  1.73  1.47  1.28  1.88 -0.01  1.23 -0.72  0.64  1.52] 
new state: [ 1.28 -0.    1.75  1.46  1.28  1.88 -0.01  1.23 -0.72  0.62  1.51] 
new state: [ 1.27  0.    1.77  1.46  1.28  1.88 -0.01  1.23 -0.72  0.6   1.51] 
new state: [ 1.26 -0.    1.78  1.46  1.28  1.88 -0.01  1.23 -0.72  0.58  1.52] 
[ 1.26347098e+00 -3.73399867e-04  1.78227781e+00  1.46044553e+00
  1.28405442e+00  1.88301362e+00 -1.48980626e-02  1.22999506e+00
 -7.17565022e-01  5.84377889e-01  1.51534297e+00 -4.08504131e-01
  9.06827065e-01]
new state: [ 1.25  0.    1.8   1.46  1.28  1.88 -0.01  1.23 -0.72  0.59  1.55 -0.44
  0.88] 
new state: [ 1.22 -0.    1.81  1.45  1.3   1.88 -0.01  1.23 -0.72  0.59  1.55 -0.44
  0.89] 
new state: [ 1.19 -0.01  1.82  1.45  1.29  1.88 -0.01  1.23 -0.72  0.6   1.55 -0.43
  0.9 ] 
new state: [ 1.15 -0.03  1.84  1.45  1.28  1.88 -0.01  1.23 -0.72  0.62  1.55 -0.43
  0.93] 
new state: [ 1.11 -0.04  1.85  1.46  1.27  1.88 -0.01  1.23 -0.72  0.63  1.55 -0.43
  0.97] 
new state: [ 1.04 -0.06  1.86  1.48  1.24  1.88 -0.01  1.23 -0.72  0.66  1.56 -0.42
  1.01] 
new state: [ 0.97 -0.08  1.86  1.5   1.2   1.88 -0.01  1.23 -0.72  0.7   1.56 -0.41
  1.07] 
new state: [ 0.92 -0.09  1.87  1.51  1.17  1.88 -0.01  1.23 -0.72  0.73  1.56 -0.4
  1.13] 
[ 0.92010499 -0.09342927  1.87138813  1.50541954  1.17235266  1.88301362
 -0.01489806  1.22999506 -0.71756502  0.7271642   1.56191896 -0.39638452
  1.12536296 -0.76230367  0.62405949]
new state: [ 0.89 -0.1   1.88  1.58  1.07  1.88 -0.01  1.23 -0.72  0.87  1.58 -0.32
  1.33 -0.8   0.61] 
new state: [ 0.87 -0.09  1.88  1.58  1.07  1.88 -0.01  1.23 -0.72  0.88  1.58 -0.31
  1.33 -0.79  0.62] 
new state: [ 0.86 -0.1   1.89  1.59  1.07  1.88 -0.01  1.23 -0.72  0.88  1.58 -0.31
  1.34 -0.8   0.63] 
new state: [ 0.86 -0.1   1.89  1.59  1.06  1.88 -0.01  1.23 -0.72  0.88  1.58 -0.31
  1.35 -0.8   0.63] 
new state: [ 0.85 -0.09  1.89  1.58  1.06  1.88 -0.01  1.23 -0.72  0.88  1.58 -0.31
  1.35 -0.8   0.64] 
new state: [ 0.85 -0.09  1.89  1.58  1.06  1.88 -0.01  1.23 -0.72  0.88  1.58 -0.31
  1.35 -0.8   0.64] 
new state: [ 0.85 -0.09  1.89  1.58  1.06  1.88 -0.01  1.23 -0.72  0.88  1.58 -0.31
  1.35 -0.8   0.64] 
new state: [ 0.85 -0.08  1.89  1.58  1.06  1.88 -0.01  1.23 -0.72  0.88  1.58 -0.31
  1.36 -0.81  0.65] 
new state: [ 0.85 -0.08  1.89  1.58  1.06  1.88 -0.01  1.23 -0.72  0.88  1.58 -0.31
  1.36 -0.81  0.65] 
new state: [ 0.85 -0.08  1.89  1.58  1.06  1.88 -0.01  1.23 -0.72  0.88  1.58 -0.31
  1.36 -0.81  0.66] 
new state: [ 0.84 -0.08  1.89  1.58  1.06  1.88 -0.01  1.23 -0.72  0.88  1.58 -0.31
  1.37 -0.81  0.66] 
new state: [ 0.84 -0.08  1.88  1.58  1.06  1.88 -0.01  1.23 -0.72  0.89  1.59 -0.31
  1.37 -0.81  0.67] 
new state: [ 0.84 -0.08  1.88  1.58  1.06  1.88 -0.01  1.23 -0.72  0.89  1.59 -0.3
  1.37 -0.81  0.67] 
new state: [ 0.83 -0.08  1.87  1.58  1.06  1.88 -0.01  1.23 -0.72  0.89  1.59 -0.3
  1.38 -0.81  0.68] 
new state: [ 0.83 -0.08  1.87  1.58  1.06  1.88 -0.01  1.23 -0.72  0.89  1.59 -0.3
  1.38 -0.81  0.69] 
new state: [ 0.82 -0.08  1.86  1.58  1.05  1.88 -0.01  1.23 -0.72  0.9   1.59 -0.3
  1.39 -0.81  0.69] 
new state: [ 0.82 -0.08  1.86  1.58  1.05  1.88 -0.01  1.23 -0.72  0.9   1.59 -0.29
  1.4  -0.81  0.7 ] 
new state: [ 0.81 -0.08  1.85  1.59  1.04  1.88 -0.01  1.23 -0.72  0.91  1.59 -0.29
  1.4  -0.81  0.71] 
new state: [ 0.81 -0.08  1.84  1.59  1.04  1.88 -0.01  1.23 -0.72  0.91  1.59 -0.29
  1.41 -0.82  0.72] 
new state: [ 0.8  -0.08  1.83  1.59  1.04  1.88 -0.01  1.23 -0.72  0.92  1.59 -0.28
  1.42 -0.82  0.73] 
new state: [ 0.8  -0.08  1.83  1.59  1.03  1.88 -0.01  1.23 -0.72  0.92  1.58 -0.28
  1.42 -0.82  0.75] 
new state: [ 0.79 -0.08  1.82  1.59  1.02  1.88 -0.01  1.23 -0.72  0.93  1.58 -0.27
  1.43 -0.82  0.76] 
new state: [ 0.78 -0.08  1.81  1.59  1.02  1.88 -0.01  1.23 -0.72  0.93  1.58 -0.27
  1.44 -0.82  0.77] 
new state: [ 0.78 -0.08  1.8   1.6   1.01  1.88 -0.01  1.23 -0.72  0.94  1.58 -0.26
  1.45 -0.81  0.78] 
new state: [ 0.77 -0.08  1.79  1.6   1.    1.88 -0.01  1.23 -0.72  0.95  1.58 -0.26
  1.46 -0.81  0.8 ] 
new state: [ 0.76 -0.08  1.78  1.6   1.    1.88 -0.01  1.23 -0.72  0.96  1.58 -0.25
  1.47 -0.81  0.81] 
new state: [ 0.76 -0.08  1.77  1.6   0.99  1.88 -0.01  1.23 -0.72  0.96  1.58 -0.24
  1.47 -0.81  0.82] 
new state: [ 0.75 -0.08  1.76  1.61  0.98  1.88 -0.01  1.23 -0.72  0.97  1.57 -0.23
  1.48 -0.81  0.84] 
new state: [ 0.75 -0.08  1.75  1.61  0.97  1.88 -0.01  1.23 -0.72  0.98  1.57 -0.23
  1.49 -0.81  0.85] 
new state: [ 0.74 -0.07  1.74  1.61  0.97  1.88 -0.01  1.23 -0.72  0.99  1.57 -0.22
  1.5  -0.81  0.86] 
new state: [ 0.74 -0.07  1.73  1.62  0.96  1.88 -0.01  1.23 -0.72  0.99  1.57 -0.22
  1.51 -0.81  0.88] 
new state: [ 0.73 -0.07  1.72  1.62  0.95  1.88 -0.01  1.23 -0.72  1.    1.57 -0.21
  1.52 -0.8   0.89] 
new state: [ 0.72 -0.07  1.71  1.62  0.94  1.88 -0.01  1.23 -0.72  1.01  1.57 -0.2
  1.53 -0.8   0.91] 
new state: [ 0.72 -0.07  1.7   1.63  0.94  1.88 -0.01  1.23 -0.72  1.02  1.56 -0.19
  1.54 -0.8   0.92] 
new state: [ 0.7  -0.07  1.69  1.63  0.92  1.88 -0.01  1.23 -0.72  1.04  1.56 -0.18
  1.55 -0.79  0.94] 
new state: [ 0.7  -0.07  1.68  1.63  0.91  1.88 -0.01  1.23 -0.72  1.04  1.56 -0.17
  1.56 -0.79  0.95] 
new state: [ 0.71 -0.06  1.67  1.64  0.91  1.88 -0.01  1.23 -0.72  1.05  1.56 -0.16
  1.56 -0.79  0.97] 
new state: [ 0.71 -0.06  1.66  1.64  0.9   1.88 -0.01  1.23 -0.72  1.06  1.56 -0.16
  1.58 -0.79  0.98] 
new state: [ 0.71 -0.05  1.65  1.64  0.89  1.88 -0.01  1.23 -0.72  1.07  1.55 -0.15
  1.58 -0.78  0.99] 
new state: [ 0.73 -0.04  1.64  1.64  0.9   1.88 -0.01  1.23 -0.72  1.07  1.55 -0.15
  1.58 -0.78  0.99] 
new state: [ 0.74 -0.03  1.63  1.65  0.9   1.88 -0.01  1.23 -0.72  1.07  1.55 -0.14
  1.58 -0.78  0.99] 
new state: [ 0.75 -0.02  1.62  1.65  0.9   1.88 -0.01  1.23 -0.72  1.08  1.55 -0.14
  1.58 -0.78  0.99] 
new state: [ 0.76 -0.01  1.61  1.65  0.9   1.88 -0.01  1.23 -0.72  1.08  1.56 -0.13
  1.58 -0.78  0.99] 
new state: [ 0.78 -0.    1.61  1.66  0.91  1.88 -0.01  1.23 -0.72  1.08  1.56 -0.14
  1.58 -0.78  0.99] 
new state: [ 0.79  0.01  1.6   1.67  0.91  1.88 -0.01  1.23 -0.72  1.08  1.56 -0.13
  1.58 -0.78  0.99] 
new state: [ 0.81  0.03  1.59  1.67  0.91  1.88 -0.01  1.23 -0.72  1.08  1.56 -0.13
  1.57 -0.78  0.99] 
new state: [ 0.82  0.04  1.58  1.67  0.91  1.88 -0.01  1.23 -0.72  1.09  1.56 -0.13
  1.57 -0.78  0.99] 
new state: [ 0.84  0.05  1.57  1.67  0.91  1.88 -0.01  1.23 -0.72  1.09  1.56 -0.13
  1.57 -0.78  0.99] 
new state: [ 0.85  0.06  1.57  1.68  0.91  1.88 -0.01  1.23 -0.72  1.09  1.55 -0.12
  1.57 -0.78  0.99] 
new state: [ 0.86  0.07  1.56  1.68  0.91  1.88 -0.01  1.23 -0.72  1.09  1.55 -0.12
  1.57 -0.78  0.99] 
new state: [ 0.88  0.09  1.55  1.68  0.91  1.88 -0.01  1.23 -0.72  1.1   1.55 -0.12
  1.57 -0.78  0.99] 
new state: [ 0.89  0.09  1.55  1.69  0.91  1.88 -0.01  1.23 -0.72  1.1   1.55 -0.11
  1.56 -0.78  0.99] 
new state: [ 0.9   0.1   1.54  1.69  0.91  1.88 -0.01  1.23 -0.72  1.1   1.55 -0.11
  1.56 -0.78  0.99] 
new state: [ 0.92  0.11  1.54  1.69  0.91  1.88 -0.01  1.23 -0.72  1.1   1.55 -0.11
  1.56 -0.78  0.99] 
new state: [ 0.93  0.12  1.53  1.7   0.91  1.88 -0.01  1.23 -0.72  1.11  1.55 -0.11
  1.55 -0.78  0.99] 
new state: [ 0.93  0.13  1.53  1.7   0.91  1.88 -0.01  1.23 -0.72  1.11  1.55 -0.1
  1.56 -0.78  0.99] 
new state: [ 0.94  0.13  1.52  1.7   0.9   1.88 -0.01  1.23 -0.72  1.12  1.55 -0.1
  1.56 -0.78  0.99] 
new state: [ 0.95  0.14  1.52  1.71  0.9   1.88 -0.01  1.23 -0.72  1.12  1.55 -0.09
  1.56 -0.78  0.99] 
new state: [ 0.96  0.15  1.51  1.71  0.9   1.88 -0.01  1.23 -0.72  1.12  1.54 -0.09
  1.56 -0.78  0.99] 
new state: [ 0.97  0.15  1.51  1.71  0.9   1.88 -0.01  1.23 -0.72  1.13  1.54 -0.08
  1.56 -0.78  0.99] 
new state: [ 0.98  0.15  1.5   1.72  0.9   1.88 -0.01  1.23 -0.72  1.13  1.54 -0.08
  1.56 -0.78  0.99] 
new state: [ 0.98  0.16  1.5   1.72  0.9   1.88 -0.01  1.23 -0.72  1.14  1.54 -0.07
  1.56 -0.78  0.99] 
new state: [ 0.99  0.16  1.5   1.72  0.89  1.88 -0.01  1.23 -0.72  1.14  1.54 -0.07
  1.56 -0.78  0.99] 
new state: [ 1.    0.16  1.5   1.73  0.89  1.88 -0.01  1.23 -0.72  1.14  1.54 -0.07
  1.56 -0.78  0.99] 
new state: [ 1.01  0.17  1.49  1.73  0.89  1.88 -0.01  1.23 -0.72  1.15  1.54 -0.06
  1.55 -0.78  0.99] 
new state: [ 1.02  0.17  1.49  1.73  0.89  1.88 -0.01  1.23 -0.72  1.15  1.54 -0.06
  1.55 -0.78  0.99] 
new state: [ 1.03  0.17  1.49  1.74  0.89  1.88 -0.01  1.23 -0.72  1.15  1.53 -0.06
  1.55 -0.78  0.99] 
new state: [ 1.03  0.17  1.49  1.74  0.89  1.88 -0.01  1.23 -0.72  1.16  1.53 -0.06
  1.55 -0.78  0.99] 
new state: [ 1.04  0.18  1.49  1.74  0.89  1.88 -0.01  1.23 -0.72  1.16  1.53 -0.05
  1.54 -0.78  0.99] 
new state: [ 1.05  0.18  1.49  1.75  0.89  1.88 -0.01  1.23 -0.72  1.16  1.53 -0.05
  1.54 -0.78  0.99] 
new state: [ 1.05  0.18  1.49  1.75  0.89  1.88 -0.01  1.23 -0.72  1.17  1.53 -0.04
  1.54 -0.78  0.99] 
new state: [ 1.06  0.18  1.49  1.76  0.88  1.88 -0.01  1.23 -0.72  1.17  1.53 -0.04
  1.54 -0.78  0.99] 
new state: [ 1.06  0.18  1.49  1.76  0.88  1.88 -0.01  1.23 -0.72  1.18  1.52 -0.04
  1.54 -0.78  0.99] 
new state: [ 1.06  0.18  1.49  1.76  0.88  1.88 -0.01  1.23 -0.72  1.18  1.52 -0.03
  1.54 -0.78  0.99] 
new state: [ 1.07  0.17  1.49  1.77  0.88  1.88 -0.01  1.23 -0.72  1.18  1.52 -0.03
  1.54 -0.78  0.99] 
new state: [ 1.07  0.17  1.49  1.77  0.88  1.88 -0.01  1.23 -0.72  1.19  1.52 -0.02
  1.53 -0.78  0.99] 
new state: [ 1.07  0.17  1.49  1.77  0.88  1.88 -0.01  1.23 -0.72  1.19  1.52 -0.02
  1.53 -0.78  0.99] 
new state: [ 1.08  0.17  1.49  1.78  0.88  1.88 -0.01  1.23 -0.72  1.19  1.52 -0.02
  1.53 -0.78  0.99] 
new state: [ 1.08  0.17  1.49  1.78  0.88  1.88 -0.01  1.23 -0.72  1.2   1.51 -0.01
  1.53 -0.78  0.99] 
new state: [ 1.09  0.16  1.49  1.78  0.87  1.88 -0.01  1.23 -0.72  1.2   1.51 -0.01
  1.52 -0.78  0.99] 
new state: [ 1.09  0.16  1.49  1.79  0.87  1.88 -0.01  1.23 -0.72  1.2   1.51 -0.01
  1.52 -0.78  0.99] 
new state: [ 1.09  0.16  1.49  1.79  0.87  1.88 -0.01  1.23 -0.72  1.21  1.51 -0.01
  1.52 -0.78  0.99] 
new state: [ 1.1   0.16  1.49  1.79  0.87  1.88 -0.01  1.23 -0.72  1.21  1.51 -0.
  1.51 -0.78  0.99] 
new state: [ 1.1   0.15  1.5   1.8   0.87  1.88 -0.01  1.23 -0.72  1.21  1.51 -0.
  1.51 -0.78  0.99] 
new state: [ 1.11  0.15  1.5   1.8   0.87  1.88 -0.01  1.23 -0.72  1.21  1.5   0.
  1.51 -0.78  0.99] 
new state: [ 1.11  0.15  1.5   1.8   0.87  1.88 -0.01  1.23 -0.72  1.21  1.5   0.
  1.5  -0.78  0.99] 
new state: [ 1.11  0.15  1.5   1.81  0.87  1.88 -0.01  1.23 -0.72  1.22  1.5   0.
  1.5  -0.78  0.99] 
new state: [ 1.12  0.14  1.5   1.81  0.87  1.88 -0.01  1.23 -0.72  1.22  1.5   0.01
  1.49 -0.78  0.99] 
new state: [ 1.12  0.14  1.51  1.81  0.86  1.88 -0.01  1.23 -0.72  1.22  1.49  0.01
  1.49 -0.78  0.99] 
new state: [ 1.12  0.14  1.51  1.81  0.86  1.88 -0.01  1.23 -0.72  1.22  1.49  0.01
  1.48 -0.78  0.99] 
new state: [ 1.13  0.13  1.51  1.82  0.86  1.88 -0.01  1.23 -0.72  1.22  1.49  0.01
  1.48 -0.78  0.99] 
new state: [ 1.13  0.13  1.51  1.82  0.86  1.88 -0.01  1.23 -0.72  1.22  1.49  0.01
  1.47 -0.78  0.99] 
new state: [ 1.13  0.13  1.52  1.82  0.86  1.88 -0.01  1.23 -0.72  1.22  1.48  0.01
  1.47 -0.78  0.99] 
new state: [ 1.14  0.13  1.52  1.82  0.86  1.88 -0.01  1.23 -0.72  1.22  1.48  0.01
  1.46 -0.78  0.99] 
new state: [ 1.14  0.12  1.52  1.83  0.86  1.88 -0.01  1.23 -0.72  1.22  1.48  0.01
  1.46 -0.78  0.99] 
new state: [ 1.14  0.12  1.53  1.83  0.86  1.88 -0.01  1.23 -0.72  1.22  1.48  0.01
  1.45 -0.78  0.99] 
new state: [ 1.15  0.12  1.53  1.83  0.86  1.88 -0.01  1.23 -0.72  1.22  1.47  0.01
  1.45 -0.78  0.99] 
new state: [ 1.15  0.11  1.53  1.83  0.85  1.88 -0.01  1.23 -0.72  1.22  1.47  0.01
  1.44 -0.78  0.99] 
new state: [ 1.15  0.11  1.53  1.83  0.85  1.88 -0.01  1.23 -0.72  1.22  1.47  0.01
  1.43 -0.78  0.99] 
new state: [ 1.16  0.11  1.54  1.83  0.85  1.88 -0.01  1.23 -0.72  1.22  1.47  0.01
  1.43 -0.78  0.99] 
new state: [ 1.16  0.1   1.54  1.83  0.85  1.88 -0.01  1.23 -0.72  1.22  1.46  0.01
  1.42 -0.78  0.99] 
new state: [ 1.16  0.1   1.54  1.83  0.85  1.88 -0.01  1.23 -0.72  1.22  1.46  0.01
  1.41 -0.78  0.99] 
new state: [ 1.16  0.1   1.54  1.84  0.85  1.88 -0.01  1.23 -0.72  1.22  1.46  0.01
  1.41 -0.78  0.99] 
new state: [ 1.16  0.09  1.55  1.84  0.85  1.88 -0.01  1.23 -0.72  1.22  1.45  0.01
  1.4  -0.78  0.99] 
new state: [ 1.17  0.09  1.55  1.84  0.84  1.88 -0.01  1.23 -0.72  1.22  1.45  0.01
  1.4  -0.78  0.99] 
new state: [ 1.17  0.09  1.55  1.84  0.84  1.88 -0.01  1.23 -0.72  1.22  1.45  0.01
  1.39 -0.78  0.99] 
new state: [ 1.17  0.08  1.55  1.84  0.84  1.88 -0.01  1.23 -0.72  1.22  1.44  0.01
  1.38 -0.78  0.99] 
new state: [ 1.16  0.08  1.56  1.84  0.83  1.88 -0.01  1.23 -0.72  1.22  1.44  0.01
  1.39 -0.78  0.99] 
new state: [ 1.15  0.07  1.56  1.84  0.83  1.88 -0.01  1.23 -0.72  1.22  1.44  0.01
  1.39 -0.78  0.99] 
new state: [ 1.14  0.06  1.56  1.84  0.82  1.88 -0.01  1.23 -0.72  1.23  1.44  0.02
  1.4  -0.78  0.99] 
new state: [ 1.13  0.05  1.56  1.84  0.8   1.88 -0.01  1.23 -0.72  1.24  1.43  0.02
  1.41 -0.78  0.99] 
new state: [ 1.11  0.04  1.57  1.84  0.79  1.88 -0.01  1.23 -0.72  1.25  1.43  0.03
  1.42 -0.78  0.99] 
new state: [ 1.09  0.04  1.57  1.84  0.77  1.88 -0.01  1.23 -0.72  1.26  1.42  0.05
  1.44 -0.78  0.99] 
new state: [ 1.07  0.03  1.57  1.84  0.76  1.88 -0.01  1.23 -0.72  1.27  1.42  0.06
  1.45 -0.78  0.99] 
new state: [ 1.06  0.02  1.57  1.83  0.75  1.88 -0.01  1.23 -0.72  1.27  1.41  0.06
  1.46 -0.78  0.99] 
new state: [ 1.06  0.01  1.57  1.83  0.74  1.88 -0.01  1.23 -0.72  1.28  1.41  0.07
  1.47 -0.78  0.99] 
new state: [ 1.06  0.    1.57  1.83  0.73  1.88 -0.01  1.23 -0.72  1.28  1.41  0.07
  1.48 -0.78  0.99] 
new state: [ 1.06 -0.01  1.58  1.83  0.73  1.88 -0.01  1.23 -0.72  1.28  1.4   0.07
  1.48 -0.78  0.99] 
new state: [ 1.06 -0.01  1.58  1.83  0.73  1.88 -0.01  1.23 -0.72  1.28  1.4   0.08
  1.49 -0.78  0.99] 
new state: [ 1.05 -0.02  1.58  1.83  0.72  1.88 -0.01  1.23 -0.72  1.28  1.4   0.08
  1.49 -0.78  0.99] 
new state: [ 1.06 -0.03  1.58  1.83  0.72  1.88 -0.01  1.23 -0.72  1.28  1.4   0.08
  1.49 -0.78  0.99] 
new state: [ 1.05 -0.04  1.58  1.83  0.72  1.88 -0.01  1.23 -0.72  1.29  1.4   0.08
  1.49 -0.78  0.99] 
new state: [ 1.04 -0.04  1.58  1.83  0.71  1.88 -0.01  1.23 -0.72  1.29  1.39  0.08
  1.5  -0.78  0.99] 
new state: [ 1.04 -0.05  1.59  1.82  0.7   1.88 -0.01  1.23 -0.72  1.29  1.39  0.09
  1.5  -0.78  0.99] 
new state: [ 1.04 -0.06  1.59  1.82  0.7   1.88 -0.01  1.23 -0.72  1.3   1.39  0.09
  1.51 -0.78  0.99] 
new state: [ 1.03 -0.06  1.59  1.82  0.7   1.88 -0.01  1.23 -0.72  1.3   1.39  0.09
  1.51 -0.78  0.99] 
new state: [ 1.03 -0.07  1.59  1.82  0.69  1.88 -0.01  1.23 -0.72  1.3   1.39  0.1
  1.52 -0.78  0.99] 
new state: [ 1.02 -0.07  1.59  1.82  0.69  1.88 -0.01  1.23 -0.72  1.31  1.38  0.1
  1.52 -0.78  0.99] 
new state: [ 1.02 -0.08  1.59  1.82  0.68  1.88 -0.01  1.23 -0.72  1.31  1.38  0.11
  1.52 -0.78  0.99] 
new state: [ 1.02 -0.08  1.59  1.82  0.68  1.88 -0.01  1.23 -0.72  1.31  1.38  0.11
  1.52 -0.78  0.99] 
new state: [ 1.02 -0.08  1.59  1.82  0.67  1.88 -0.01  1.23 -0.72  1.31  1.38  0.11
  1.52 -0.78  0.99] 
new state: [ 1.02 -0.08  1.59  1.82  0.67  1.88 -0.01  1.23 -0.72  1.31  1.38  0.11
  1.52 -0.78  0.99] 
new state: [ 1.02 -0.08  1.59  1.82  0.67  1.88 -0.01  1.23 -0.72  1.31  1.37  0.11
  1.52 -0.78  0.99] 
new state: [ 1.02 -0.08  1.59  1.82  0.67  1.88 -0.01  1.23 -0.72  1.31  1.37  0.11
  1.52 -0.78  0.99] 
new state: [ 1.02 -0.09  1.59  1.82  0.67  1.88 -0.01  1.23 -0.72  1.31  1.37  0.11
  1.52 -0.78  0.99] 
new state: [ 1.02 -0.09  1.59  1.82  0.67  1.88 -0.01  1.23 -0.72  1.31  1.37  0.11
  1.52 -0.78  0.99] 
new state: [ 1.02 -0.09  1.59  1.82  0.66  1.88 -0.01  1.23 -0.72  1.31  1.37  0.11
  1.51 -0.78  0.99] 
new state: [ 1.02 -0.09  1.59  1.82  0.66  1.88 -0.01  1.23 -0.72  1.31  1.37  0.11
  1.51 -0.78  0.99] 
new state: [ 1.02 -0.09  1.59  1.82  0.66  1.88 -0.01  1.23 -0.72  1.31  1.37  0.11
  1.51 -0.78  0.99] 
new state: [ 1.02 -0.09  1.59  1.82  0.66  1.88 -0.01  1.23 -0.72  1.31  1.37  0.11
  1.51 -0.78  0.99] 
new state: [ 1.02 -0.09  1.59  1.82  0.66  1.88 -0.01  1.23 -0.72  1.31  1.36  0.11
  1.51 -0.78  0.99] 
new state: [ 1.02 -0.09  1.59  1.82  0.66  1.88 -0.01  1.23 -0.72  1.31  1.36  0.11
  1.51 -0.78  0.99] 
new state: [ 1.02 -0.09  1.59  1.82  0.66  1.88 -0.01  1.23 -0.72  1.31  1.36  0.11
  1.51 -0.78  0.99] 
new state: [ 1.02 -0.09  1.59  1.82  0.66  1.88 -0.01  1.23 -0.72  1.31  1.36  0.11
  1.51 -0.78  0.99] 
new state: [ 1.02 -0.09  1.59  1.82  0.66  1.88 -0.01  1.23 -0.72  1.31  1.36  0.11
  1.51 -0.78  0.99] 
new state: [ 1.02 -0.09  1.59  1.82  0.65  1.88 -0.01  1.23 -0.72  1.31  1.36  0.11
  1.51 -0.78  0.99] 
new state: [ 1.02 -0.09  1.59  1.82  0.65  1.88 -0.01  1.23 -0.72  1.31  1.36  0.11
  1.51 -0.78  0.99] 
new state: [ 1.02 -0.09  1.59  1.82  0.65  1.88 -0.01  1.23 -0.72  1.31  1.36  0.11
  1.51 -0.78  0.99] 
new state: [ 1.02 -0.09  1.59  1.82  0.65  1.88 -0.01  1.23 -0.72  1.31  1.36  0.11
  1.51 -0.78  0.99] 
new state: [ 1.02 -0.09  1.59  1.82  0.65  1.88 -0.01  1.23 -0.72  1.31  1.36  0.11
  1.5  -0.78  0.99] 
new state: [ 1.02 -0.09  1.59  1.82  0.65  1.88 -0.01  1.23 -0.72  1.31  1.36  0.11
  1.51 -0.78  0.99] 
new state: [ 1.02 -0.09  1.59  1.82  0.65  1.88 -0.01  1.23 -0.72  1.31  1.36  0.11
  1.51 -0.78  0.99] 
new state: [ 1.02 -0.09  1.59  1.82  0.65  1.88 -0.01  1.23 -0.72  1.31  1.36  0.11
  1.51 -0.78  0.99] 
new state: [ 1.02 -0.09  1.59  1.82  0.65  1.88 -0.01  1.23 -0.72  1.31  1.36  0.11
  1.51 -0.78  0.99] 
new state: [ 1.02 -0.09  1.59  1.82  0.65  1.88 -0.01  1.23 -0.72  1.31  1.36  0.11
  1.51 -0.78  0.99] 
new state: [ 1.01 -0.09  1.59  1.82  0.65  1.88 -0.01  1.23 -0.72  1.31  1.36  0.11
  1.51 -0.78  0.99] 
new state: [ 1.01 -0.09  1.59  1.82  0.65  1.88 -0.01  1.23 -0.72  1.31  1.36  0.11
  1.51 -0.78  0.99] 
new state: [ 1.01 -0.09  1.59  1.82  0.65  1.88 -0.01  1.23 -0.72  1.31  1.36  0.11
  1.51 -0.78  0.99] 
new state: [ 1.01 -0.09  1.59  1.82  0.65  1.88 -0.01  1.23 -0.72  1.31  1.36  0.11
  1.51 -0.78  0.99] 
new state: [ 1.01 -0.09  1.58  1.82  0.65  1.88 -0.01  1.23 -0.72  1.31  1.36  0.11
  1.51 -0.78  0.99] 
new state: [ 1.01 -0.09  1.58  1.82  0.65  1.88 -0.01  1.23 -0.72  1.32  1.36  0.11
  1.51 -0.78  0.99] 
new state: [ 1.01 -0.09  1.58  1.82  0.65  1.88 -0.01  1.23 -0.72  1.32  1.36  0.12
  1.51 -0.78  0.99] 
new state: [ 1.01 -0.09  1.58  1.82  0.65  1.88 -0.01  1.23 -0.72  1.32  1.36  0.12
  1.51 -0.78  0.99] 
new state: [ 1.01 -0.09  1.58  1.82  0.65  1.88 -0.01  1.23 -0.72  1.32  1.36  0.12
  1.51 -0.78  0.99] 
new state: [ 1.01 -0.09  1.58  1.82  0.65  1.88 -0.01  1.23 -0.72  1.32  1.36  0.12
  1.51 -0.78  0.99] 
new state: [ 1.01 -0.09  1.58  1.82  0.65  1.88 -0.01  1.23 -0.72  1.32  1.36  0.12
  1.52 -0.78  0.99] 
new state: [ 1.01 -0.09  1.58  1.82  0.65  1.88 -0.01  1.23 -0.72  1.32  1.36  0.12
  1.52 -0.78  0.99] 
new state: [ 1.01 -0.09  1.58  1.82  0.65  1.88 -0.01  1.23 -0.72  1.32  1.36  0.12
  1.52 -0.78  0.99] 
new state: [ 1.01 -0.08  1.58  1.82  0.65  1.88 -0.01  1.23 -0.72  1.32  1.36  0.12
  1.52 -0.78  0.99] 
new state: [ 1.   -0.08  1.58  1.82  0.65  1.88 -0.01  1.23 -0.72  1.32  1.36  0.12
  1.52 -0.78  0.99] 
new state: [ 1.   -0.08  1.58  1.82  0.65  1.88 -0.01  1.23 -0.72  1.32  1.36  0.12
  1.52 -0.78  0.99] 
new state: [ 1.   -0.08  1.58  1.82  0.65  1.88 -0.01  1.23 -0.72  1.32  1.36  0.12
  1.53 -0.78  0.99] 
new state: [ 1.   -0.08  1.58  1.82  0.65  1.88 -0.01  1.23 -0.72  1.32  1.36  0.12
  1.53 -0.78  0.99] 
new state: [ 1.   -0.08  1.57  1.82  0.65  1.88 -0.01  1.23 -0.72  1.32  1.36  0.12
  1.53 -0.78  0.99] 
new state: [ 1.   -0.08  1.57  1.82  0.65  1.88 -0.01  1.23 -0.72  1.32  1.36  0.12
  1.53 -0.78  0.99] 
new state: [ 1.   -0.08  1.57  1.81  0.65  1.88 -0.01  1.23 -0.72  1.32  1.37  0.12
  1.53 -0.78  0.99] 
new state: [ 1.   -0.07  1.57  1.81  0.65  1.88 -0.01  1.23 -0.72  1.32  1.37  0.12
  1.53 -0.78  0.99] 
new state: [ 1.   -0.07  1.57  1.81  0.65  1.88 -0.01  1.23 -0.72  1.32  1.37  0.12
  1.54 -0.78  0.99] 
new state: [ 1.   -0.07  1.57  1.81  0.65  1.88 -0.01  1.23 -0.72  1.32  1.37  0.12
  1.54 -0.78  0.99] 
new state: [ 1.   -0.07  1.57  1.81  0.65  1.88 -0.01  1.23 -0.72  1.32  1.37  0.12
  1.54 -0.78  0.99] 
new state: [ 1.   -0.07  1.57  1.81  0.65  1.88 -0.01  1.23 -0.72  1.32  1.37  0.12
  1.54 -0.78  0.99] 
new state: [ 1.   -0.07  1.57  1.81  0.66  1.88 -0.01  1.23 -0.72  1.32  1.37  0.12
  1.54 -0.78  0.99] 
new state: [ 1.   -0.07  1.57  1.81  0.66  1.88 -0.01  1.23 -0.72  1.32  1.37  0.12
  1.54 -0.78  0.99] 
new state: [ 1.   -0.06  1.57  1.81  0.66  1.88 -0.01  1.23 -0.72  1.32  1.37  0.12
  1.55 -0.78  0.99] 
new state: [ 1.   -0.06  1.57  1.81  0.66  1.88 -0.01  1.23 -0.72  1.32  1.38  0.12
  1.55 -0.78  0.99] 
new state: [ 1.   -0.06  1.57  1.81  0.66  1.88 -0.01  1.23 -0.72  1.32  1.38  0.12
  1.55 -0.78  0.99] 
new state: [ 1.   -0.06  1.57  1.81  0.66  1.88 -0.01  1.23 -0.72  1.32  1.38  0.12
  1.55 -0.78  0.99] 
new state: [ 1.   -0.06  1.57  1.81  0.66  1.88 -0.01  1.23 -0.72  1.32  1.38  0.13
  1.55 -0.78  0.99] 
new state: [ 1.   -0.06  1.57  1.81  0.66  1.88 -0.01  1.23 -0.72  1.32  1.38  0.13
  1.56 -0.78  0.99] 
new state: [ 1.   -0.05  1.57  1.81  0.66  1.88 -0.01  1.23 -0.72  1.32  1.38  0.13
  1.56 -0.78  0.99] 
new state: [ 0.99 -0.05  1.57  1.81  0.67  1.88 -0.01  1.23 -0.72  1.32  1.38  0.13
  1.56 -0.78  0.99] 
new state: [ 0.99 -0.05  1.57  1.81  0.67  1.88 -0.01  1.23 -0.72  1.32  1.39  0.13
  1.56 -0.78  0.99] 
new state: [ 0.99 -0.05  1.57  1.81  0.67  1.88 -0.01  1.23 -0.72  1.32  1.39  0.13
  1.56 -0.78  0.99] 
move to way point [1.         1.         1.57079633]
new state: [ 0.99 -0.01  1.57  1.81  0.68  1.88 -0.01  1.23 -0.72  1.32  1.39  0.13
  1.57 -0.78  0.99] 
new state: [ 0.99  0.    1.57  1.81  0.69  1.88 -0.01  1.23 -0.72  1.32  1.4   0.13
  1.58 -0.78  0.99] 
new state: [ 0.99  0.02  1.57  1.81  0.7   1.88 -0.01  1.23 -0.72  1.32  1.41  0.13
  1.59 -0.78  0.99] 
new state: [ 1.    0.03  1.57  1.81  0.71  1.88 -0.01  1.23 -0.72  1.32  1.43  0.13
  1.6  -0.78  0.99] 
new state: [ 1.    0.05  1.57  1.81  0.72  1.88 -0.01  1.23 -0.72  1.32  1.44  0.13
  1.62 -0.78  0.99] 
new state: [ 1.    0.07  1.57  1.81  0.73  1.88 -0.01  1.23 -0.72  1.32  1.45  0.13
  1.63 -0.78  0.99] 
new state: [ 1.    0.08  1.57  1.81  0.75  1.88 -0.01  1.23 -0.72  1.32  1.47  0.13
  1.64 -0.78  0.99] 
new state: [ 1.    0.1   1.57  1.81  0.76  1.88 -0.01  1.23 -0.72  1.32  1.48  0.13
  1.66 -0.78  0.99] 
new state: [ 0.99  0.15  1.57  1.82  0.77  1.88 -0.01  1.23 -0.72  1.33  1.49  0.13
  1.67 -0.78  0.99] 
new state: [ 0.99  0.19  1.57  1.82  0.77  1.88 -0.01  1.23 -0.72  1.33  1.5   0.13
  1.68 -0.78  0.99] 
new state: [ 0.99  0.23  1.57  1.82  0.77  1.88 -0.01  1.23 -0.72  1.33  1.5   0.13
  1.68 -0.78  0.99] 
new state: [ 0.99  0.27  1.57  1.82  0.77  1.88 -0.01  1.23 -0.72  1.33  1.49  0.13
  1.67 -0.78  0.99] 
new state: [ 0.99  0.32  1.57  1.82  0.77  1.88 -0.01  1.23 -0.72  1.33  1.49  0.13
  1.67 -0.78  0.99] 
new state: [ 1.    0.36  1.57  1.82  0.77  1.88 -0.01  1.23 -0.72  1.33  1.48  0.12
  1.67 -0.78  0.99] 
new state: [ 0.99  0.4   1.57  1.82  0.77  1.88 -0.01  1.23 -0.72  1.33  1.48  0.12
  1.67 -0.78  0.99] 
new state: [ 0.99  0.45  1.57  1.82  0.77  1.88 -0.01  1.23 -0.72  1.33  1.48  0.12
  1.66 -0.78  0.99] 
new state: [ 0.99  0.49  1.57  1.82  0.77  1.88 -0.01  1.23 -0.72  1.33  1.48  0.12
  1.66 -0.78  0.99] 
new state: [ 1.    0.53  1.57  1.82  0.77  1.88 -0.01  1.23 -0.72  1.33  1.48  0.12
  1.65 -0.78  0.99] 
new state: [ 1.    0.57  1.57  1.82  0.77  1.88 -0.01  1.23 -0.72  1.33  1.48  0.12
  1.65 -0.78  0.99] 
new state: [ 1.    0.6   1.57  1.82  0.77  1.88 -0.01  1.23 -0.72  1.33  1.49  0.12
  1.65 -0.78  0.99] 
new state: [ 1.    0.63  1.57  1.82  0.77  1.88 -0.01  1.23 -0.72  1.33  1.49  0.12
  1.66 -0.78  0.99] 
new state: [ 1.    0.66  1.57  1.82  0.77  1.88 -0.01  1.23 -0.72  1.33  1.5   0.12
  1.66 -0.78  0.99] 
new state: [ 1.    0.7   1.57  1.82  0.77  1.88 -0.01  1.23 -0.72  1.33  1.5   0.12
  1.66 -0.78  0.99] 
new state: [ 1.    0.73  1.57  1.82  0.77  1.88 -0.01  1.23 -0.72  1.33  1.5   0.12
  1.66 -0.78  0.99] 
new state: [ 1.    0.76  1.57  1.82  0.77  1.88 -0.01  1.23 -0.72  1.33  1.5   0.12
  1.66 -0.78  0.99] 
new state: [ 1.    0.8   1.57  1.82  0.77  1.88 -0.01  1.23 -0.72  1.33  1.5   0.12
  1.66 -0.78  0.99] 
new state: [ 1.    0.84  1.57  1.82  0.77  1.88 -0.01  1.23 -0.72  1.33  1.51  0.12
  1.65 -0.78  0.99] 
new state: [ 1.    0.87  1.57  1.82  0.77  1.88 -0.01  1.23 -0.72  1.33  1.51  0.12
  1.65 -0.78  0.99] 
new state: [ 1.    0.9   1.57  1.82  0.77  1.88 -0.01  1.23 -0.72  1.33  1.51  0.12
  1.65 -0.78  0.99] 
new state: [ 1.    0.93  1.57  1.82  0.77  1.88 -0.01  1.23 -0.72  1.33  1.51  0.12
  1.65 -0.78  0.99] 
new state: [ 1.    0.96  1.57  1.82  0.77  1.88 -0.01  1.23 -0.72  1.33  1.51  0.12
  1.65 -0.78  0.99] 
move to way point [1.         1.         3.14159265]
new state: [ 1.01  0.96  1.63  1.82  0.77  1.88 -0.01  1.23 -0.72  1.32  1.51  0.12
  1.65 -0.78  0.99] 
new state: [ 1.02  0.96  1.69  1.82  0.77  1.88 -0.01  1.23 -0.72  1.31  1.51  0.12
  1.65 -0.78  0.99] 
new state: [ 1.03  0.97  1.75  1.82  0.77  1.88 -0.01  1.23 -0.72  1.3   1.51  0.12
  1.65 -0.78  0.99] 
new state: [ 1.04  0.97  1.81  1.82  0.77  1.88 -0.01  1.23 -0.72  1.28  1.5   0.12
  1.65 -0.78  0.99] 
new state: [ 1.05  0.97  1.87  1.82  0.77  1.88 -0.01  1.23 -0.72  1.27  1.5   0.12
  1.65 -0.78  0.99] 
new state: [ 1.06  0.98  1.93  1.82  0.77  1.88 -0.01  1.23 -0.72  1.26  1.49  0.12
  1.65 -0.78  0.99] 
new state: [ 1.06  0.99  1.98  1.82  0.77  1.88 -0.01  1.23 -0.72  1.25  1.49  0.12
  1.65 -0.78  0.99] 
new state: [ 1.07  0.99  2.03  1.82  0.77  1.88 -0.01  1.23 -0.72  1.23  1.48  0.12
  1.65 -0.78  0.99] 
new state: [ 1.07  1.    2.08  1.82  0.77  1.88 -0.01  1.23 -0.72  1.23  1.48  0.12
  1.65 -0.78  0.99] 
new state: [ 0.95  1.11  2.62  1.76  0.84  1.88 -0.01  1.23 -0.72  1.15  1.57  0.06
  1.73 -0.49  0.64] 
[ 0.94501482  1.10699659  2.62118493  1.75806567  0.83991417  1.88301362
 -0.01489806  1.22999506 -0.71756502  1.15442548  1.56617698  0.05770086
  1.73141726 -0.49463322  0.6418946  -1.50554973  6.54376514]
new state: [ 1.01  1.12  2.67  1.76  0.84  1.88 -0.01  1.23 -0.72  1.15  1.57  0.06
  1.73 -0.42  0.66 -1.72  6.43] 
new state: [ 1.    1.11  2.72  1.76  0.84  1.88 -0.01  1.23 -0.72  1.15  1.57  0.06
  1.73 -0.42  0.66 -1.72  6.43] 
new state: [ 1.    1.11  2.77  1.76  0.84  1.88 -0.01  1.23 -0.72  1.15  1.57  0.06
  1.73 -0.42  0.66 -1.72  6.43] 
new state: [ 1.    1.09  2.82  1.76  0.84  1.88 -0.01  1.23 -0.72  1.15  1.57  0.06
  1.73 -0.43  0.68 -1.72  6.43] 
new state: [ 1.    1.07  2.87  1.76  0.84  1.88 -0.01  1.23 -0.72  1.15  1.57  0.06
  1.73 -0.43  0.69 -1.72  6.43] 
new state: [ 1.    1.06  2.92  1.76  0.84  1.88 -0.01  1.23 -0.72  1.15  1.57  0.06
  1.73 -0.43  0.7  -1.72  6.43] 
new state: [ 1.    1.04  2.96  1.76  0.84  1.88 -0.01  1.23 -0.72  1.15  1.57  0.06
  1.73 -0.43  0.71 -1.72  6.43] 
new state: [ 1.    1.03  3.01  1.76  0.84  1.88 -0.01  1.23 -0.72  1.15  1.57  0.06
  1.73 -0.43  0.72 -1.72  6.43] 
new state: [ 1.    1.02  3.05  1.76  0.84  1.88 -0.01  1.23 -0.72  1.15  1.57  0.06
  1.73 -0.44  0.73 -1.72  6.43] 
[ 0.9986053   1.01951172  3.05201804  1.75806567  0.83991417  1.88301362
 -0.01489806  1.22999506 -0.71756502  1.15442548  1.56617698  0.05770086
  1.73141726 -0.43535514  0.73360859 -1.71608547  6.42595557 -0.50681037
 -0.27346685]
new state: [ 1.    1.01  3.09  1.76  0.84  1.88 -0.01  1.23 -0.72  1.15  1.57  0.06
  1.73 -0.48  0.86 -1.72  6.43 -0.46 -0.34] 
move to way point [0.         1.         3.14159265]
new state: [ 0.96  0.97  3.1   1.76  0.84  1.88 -0.01  1.23 -0.72  1.15  1.57  0.06
  1.73 -0.48  0.88 -1.72  6.43 -0.48 -0.32] 
new state: [ 0.97  0.93  3.1   1.76  0.84  1.88 -0.01  1.23 -0.72  1.15  1.57  0.06
  1.73 -0.49  0.9  -1.72  6.43 -0.53 -0.3 ] 
new state: [ 0.96  0.89  3.1   1.76  0.84  1.88 -0.01  1.23 -0.72  1.15  1.57  0.06
  1.73 -0.49  0.93 -1.72  6.43 -0.57 -0.27] 
new state: [ 0.96  0.83  3.1   1.76  0.84  1.88 -0.01  1.23 -0.72  1.15  1.57  0.06
  1.73 -0.49  0.96 -1.72  6.43 -0.62 -0.24] 
new state: [ 0.95  0.8   3.1   1.76  0.84  1.88 -0.01  1.23 -0.72  1.15  1.57  0.06
  1.73 -0.49  0.98 -1.72  6.43 -0.66 -0.21] 
[ 0.9513371   0.79581154  3.10406162  1.75806567  0.83991417  1.88301362
 -0.01489806  1.22999506 -0.71756502  1.15442548  1.56617698  0.05770086
  1.73141726 -0.48701254  0.97929989 -1.71608547  6.42595557 -0.66414755
 -0.20537776 -0.43835474 -0.77306194]
new state: [ 0.94  0.77  3.11  1.76  0.84  1.88 -0.01  1.23 -0.72  1.15  1.57  0.06
  1.73 -0.52  1.11 -1.72  6.43 -0.87 -0.05 -0.45 -0.8 ] 
new state: [ 0.9   0.77  3.11  1.76  0.84  1.88 -0.01  1.23 -0.72  1.15  1.57  0.06
  1.73 -0.53  1.12 -1.72  6.43 -0.88 -0.04 -0.46 -0.79] 
new state: [ 0.88  0.73  3.11  1.76  0.84  1.88 -0.01  1.23 -0.72  1.15  1.57  0.06
  1.73 -0.52  1.13 -1.72  6.43 -0.9  -0.02 -0.49 -0.78] 
new state: [ 0.86  0.72  3.11  1.76  0.84  1.88 -0.01  1.23 -0.72  1.15  1.57  0.06
  1.73 -0.51  1.14 -1.72  6.43 -0.92 -0.   -0.51 -0.77] 
new state: [ 0.84  0.72  3.11  1.76  0.84  1.88 -0.01  1.23 -0.72  1.15  1.57  0.06
  1.73 -0.5   1.15 -1.72  6.43 -0.93  0.01 -0.53 -0.76] 
new state: [ 0.83  0.74  3.11  1.76  0.84  1.88 -0.01  1.23 -0.72  1.15  1.57  0.06
  1.73 -0.49  1.16 -1.72  6.43 -0.94  0.01 -0.55 -0.78] 
new state: [ 0.77  0.74  3.12  1.76  0.84  1.88 -0.01  1.23 -0.72  1.15  1.57  0.06
  1.73 -0.49  1.16 -1.72  6.43 -0.94  0.01 -0.55 -0.78] 
new state: [ 0.73  0.75  3.12  1.76  0.84  1.88 -0.01  1.23 -0.72  1.15  1.57  0.06
  1.73 -0.49  1.16 -1.72  6.43 -0.93  0.02 -0.55 -0.78] 
new state: [ 0.67  0.77  3.12  1.76  0.84  1.88 -0.01  1.23 -0.72  1.15  1.57  0.06
  1.73 -0.46  1.15 -1.72  6.43 -0.93  0.02 -0.55 -0.78] 
new state: [ 0.58  0.81  3.12  1.76  0.84  1.88 -0.01  1.23 -0.72  1.15  1.57  0.06
  1.73 -0.46  1.16 -1.72  6.43 -0.92 -0.01 -0.55 -0.78] 
new state: [ 0.53  0.82  3.12  1.76  0.84  1.88 -0.01  1.23 -0.72  1.15  1.57  0.06
  1.73 -0.47  1.16 -1.72  6.43 -0.9  -0.01 -0.55 -0.78] 
new state: [ 0.49  0.84  3.12  1.76  0.84  1.88 -0.01  1.23 -0.72  1.15  1.57  0.06
  1.73 -0.47  1.16 -1.72  6.43 -0.89 -0.01 -0.55 -0.78] 
new state: [ 0.44  0.85  3.12  1.76  0.84  1.88 -0.01  1.23 -0.72  1.15  1.57  0.06
  1.73 -0.48  1.16 -1.72  6.43 -0.88 -0.01 -0.55 -0.78] 
new state: [ 0.4   0.86  3.13  1.76  0.84  1.88 -0.01  1.23 -0.72  1.15  1.57  0.06
  1.73 -0.49  1.16 -1.72  6.43 -0.86 -0.01 -0.55 -0.78] 
new state: [ 0.36  0.87  3.13  1.76  0.84  1.88 -0.01  1.23 -0.72  1.15  1.57  0.06
  1.73 -0.49  1.16 -1.72  6.43 -0.85 -0.   -0.55 -0.78] 
new state: [ 0.33  0.88  3.13  1.76  0.84  1.88 -0.01  1.23 -0.72  1.15  1.57  0.06
  1.73 -0.5   1.16 -1.72  6.43 -0.85 -0.   -0.55 -0.78] 
new state: [ 0.29  0.89  3.13  1.76  0.84  1.88 -0.01  1.23 -0.72  1.15  1.57  0.06
  1.73 -0.5   1.16 -1.72  6.43 -0.85  0.   -0.55 -0.78] 
new state: [ 0.26  0.89  3.13  1.76  0.84  1.88 -0.01  1.23 -0.72  1.15  1.57  0.06
  1.73 -0.51  1.16 -1.72  6.43 -0.84  0.   -0.55 -0.78] 
new state: [ 0.23  0.9   3.13  1.76  0.84  1.88 -0.01  1.23 -0.72  1.15  1.57  0.06
  1.73 -0.51  1.17 -1.72  6.43 -0.84  0.01 -0.55 -0.78] 
new state: [ 0.21  0.91  3.13  1.76  0.84  1.88 -0.01  1.23 -0.72  1.15  1.57  0.06
  1.73 -0.52  1.17 -1.72  6.43 -0.84  0.01 -0.55 -0.78] 
new state: [ 0.18  0.92  3.14  1.76  0.84  1.88 -0.01  1.23 -0.72  1.15  1.57  0.06
  1.73 -0.52  1.17 -1.72  6.43 -0.84  0.01 -0.55 -0.78] 
new state: [ 0.14  0.93  3.14  1.76  0.84  1.88 -0.01  1.23 -0.72  1.15  1.57  0.06
  1.73 -0.53  1.17 -1.72  6.43 -0.83  0.01 -0.55 -0.78] 
new state: [ 0.11  0.94  3.14  1.76  0.84  1.88 -0.01  1.23 -0.72  1.15  1.57  0.06
  1.73 -0.53  1.17 -1.72  6.43 -0.83  0.02 -0.55 -0.78] 
new state: [ 0.09  0.95  3.14  1.76  0.84  1.88 -0.01  1.23 -0.72  1.15  1.57  0.06
  1.73 -0.54  1.18 -1.72  6.43 -0.83  0.02 -0.55 -0.78] 
new state: [ 0.06  0.96  3.14  1.76  0.84  1.88 -0.01  1.23 -0.72  1.15  1.57  0.06
  1.73 -0.54  1.18 -1.72  6.43 -0.83  0.01 -0.55 -0.78] 
new state: [ 0.04  0.97  3.14  1.76  0.84  1.88 -0.01  1.23 -0.72  1.15  1.57  0.06
  1.73 -0.55  1.19 -1.72  6.43 -0.84  0.01 -0.55 -0.78] 
new state: [ 0.01  0.97  3.14  1.76  0.84  1.88 -0.01  1.23 -0.72  1.15  1.57  0.06
  1.73 -0.55  1.19 -1.72  6.43 -0.83  0.01 -0.55 -0.78] 
move to way point [0.         1.         4.71238898]
new state: [-0.    0.98  3.2   1.76  0.84  1.88 -0.01  1.23 -0.72  1.15  1.57  0.06
  1.73 -0.56  1.18 -1.72  6.43 -0.81  0.   -0.55 -0.78] 
new state: [-0.03  1.    3.26  1.76  0.84  1.88 -0.01  1.23 -0.72  1.15  1.57  0.06
  1.73 -0.56  1.18 -1.72  6.43 -0.78 -0.   -0.55 -0.78] 
new state: [-0.02  1.    3.32  1.76  0.84  1.88 -0.01  1.23 -0.72  1.15  1.57  0.06
  1.73 -0.56  1.17 -1.72  6.43 -0.78 -0.   -0.55 -0.78] 
new state: [-0.03  1.02  3.38  1.76  0.84  1.88 -0.01  1.23 -0.72  1.15  1.57  0.06
  1.73 -0.55  1.15 -1.72  6.43 -0.78 -0.   -0.55 -0.78] 
new state: [-0.03  1.03  3.44  1.76  0.84  1.88 -0.01  1.23 -0.72  1.15  1.57  0.06
  1.73 -0.55  1.14 -1.72  6.43 -0.78 -0.   -0.55 -0.78] 
new state: [-0.04  1.04  3.5   1.76  0.84  1.88 -0.01  1.23 -0.72  1.15  1.57  0.06
  1.73 -0.54  1.12 -1.72  6.43 -0.78 -0.   -0.55 -0.78] 
new state: [-0.04  1.05  3.55  1.76  0.84  1.88 -0.01  1.23 -0.72  1.15  1.57  0.06
  1.73 -0.53  1.11 -1.72  6.43 -0.78 -0.   -0.55 -0.78] 
new state: [-0.05  1.06  3.6   1.76  0.84  1.88 -0.01  1.23 -0.72  1.15  1.57  0.06
  1.73 -0.52  1.1  -1.72  6.43 -0.78 -0.   -0.55 -0.78] 
new state: [-0.05  1.06  3.65  1.76  0.84  1.88 -0.01  1.23 -0.72  1.15  1.57  0.06
  1.73 -0.51  1.09 -1.72  6.43 -0.78 -0.   -0.55 -0.78] 
new state: [-0.06  1.06  3.71  1.76  0.84  1.88 -0.01  1.23 -0.72  1.15  1.57  0.06
  1.73 -0.51  1.09 -1.72  6.43 -0.78 -0.   -0.55 -0.78] 
new state: [-0.06  1.06  3.76  1.76  0.84  1.88 -0.01  1.23 -0.72  1.15  1.57  0.06
  1.73 -0.5   1.09 -1.72  6.43 -0.78 -0.   -0.55 -0.78] 
new state: [-0.2   1.08  3.81  1.76  0.84  1.88 -0.01  1.23 -0.72  1.15  1.57  0.06
  1.73 -0.62  1.11 -1.72  6.43 -0.51 -0.04 -0.55 -0.78] 
new state: [-0.17  1.07  3.87  1.76  0.84  1.88 -0.01  1.23 -0.72  1.15  1.57  0.06
  1.73 -0.62  1.11 -1.72  6.43 -0.51 -0.04 -0.55 -0.78] 
new state: [-0.34  1.    4.08  1.76  0.84  1.88 -0.01  1.23 -0.72  1.15  1.57  0.06
  1.73 -0.76  1.07 -1.72  6.43 -0.64 -0.08 -0.06 -0.65] 
new state: [-0.31  1.    4.12  1.76  0.84  1.88 -0.01  1.23 -0.72  1.15  1.57  0.06
  1.73 -0.76  1.07 -1.72  6.43 -0.65 -0.08 -0.05 -0.65] 
new state: [-0.3   1.    4.14  1.76  0.84  1.88 -0.01  1.23 -0.72  1.15  1.57  0.06
  1.73 -0.76  1.07 -1.72  6.43 -0.65 -0.08 -0.05 -0.65] 
new state: [-0.28  1.    4.17  1.76  0.84  1.88 -0.01  1.23 -0.72  1.15  1.57  0.06
  1.73 -0.76  1.07 -1.72  6.43 -0.65 -0.08 -0.06 -0.65] 
new state: [-0.2   0.99  4.2   1.76  0.84  1.88 -0.01  1.23 -0.72  1.15  1.57  0.06
  1.73 -0.76  1.07 -1.72  6.43 -0.71 -0.06 -0.05 -0.66] 
new state: [-0.19  0.99  4.22  1.76  0.84  1.88 -0.01  1.23 -0.72  1.15  1.57  0.06
  1.73 -0.76  1.07 -1.72  6.43 -0.71 -0.06 -0.06 -0.66] 
new state: [-0.19  0.99  4.25  1.76  0.84  1.88 -0.01  1.23 -0.72  1.15  1.57  0.06
  1.73 -0.76  1.07 -1.72  6.43 -0.7  -0.06 -0.07 -0.66] 
new state: [-0.19  0.99  4.27  1.76  0.84  1.88 -0.01  1.23 -0.72  1.15  1.57  0.06
  1.73 -0.76  1.07 -1.72  6.43 -0.7  -0.06 -0.06 -0.66] 
new state: [-0.19  1.    4.3   1.76  0.84  1.88 -0.01  1.23 -0.72  1.15  1.57  0.06
  1.73 -0.76  1.07 -1.72  6.43 -0.69 -0.06 -0.05 -0.66] 
new state: [-0.19  1.    4.33  1.76  0.84  1.88 -0.01  1.23 -0.72  1.15  1.57  0.06
  1.73 -0.76  1.07 -1.72  6.43 -0.69 -0.06 -0.03 -0.66] 
new state: [-0.18  1.01  4.35  1.76  0.84  1.88 -0.01  1.23 -0.72  1.15  1.57  0.06
  1.73 -0.76  1.07 -1.72  6.43 -0.69 -0.07 -0.03 -0.66] 
new state: [-0.17  1.01  4.38  1.76  0.84  1.88 -0.01  1.23 -0.72  1.15  1.57  0.06
  1.73 -0.76  1.07 -1.72  6.43 -0.68 -0.07 -0.03 -0.66] 
new state: [-0.17  1.01  4.41  1.76  0.84  1.88 -0.01  1.23 -0.72  1.15  1.57  0.06
  1.73 -0.76  1.07 -1.72  6.43 -0.68 -0.08 -0.02 -0.66] 
new state: [-0.17  1.01  4.43  1.76  0.84  1.88 -0.01  1.23 -0.72  1.15  1.57  0.06
  1.73 -0.76  1.07 -1.72  6.43 -0.67 -0.08 -0.02 -0.66] 
new state: [-0.18  1.01  4.46  1.76  0.84  1.88 -0.01  1.23 -0.72  1.15  1.57  0.06
  1.73 -0.76  1.07 -1.72  6.43 -0.66 -0.08 -0.   -0.65] 
new state: [-0.18  1.01  4.48  1.76  0.84  1.88 -0.01  1.23 -0.72  1.15  1.57  0.06
  1.73 -0.76  1.07 -1.72  6.43 -0.65 -0.09  0.01 -0.65] 
new state: [-0.19  1.01  4.51  1.76  0.84  1.88 -0.01  1.23 -0.72  1.15  1.57  0.06
  1.73 -0.76  1.07 -1.72  6.43 -0.64 -0.1   0.03 -0.65] 
new state: [-0.2   1.01  4.53  1.76  0.84  1.88 -0.01  1.23 -0.72  1.15  1.57  0.06
  1.73 -0.76  1.07 -1.72  6.43 -0.63 -0.1   0.04 -0.64] 
new state: [-0.19  1.01  4.56  1.76  0.84  1.88 -0.01  1.23 -0.72  1.15  1.57  0.06
  1.73 -0.76  1.07 -1.72  6.43 -0.63 -0.1   0.06 -0.64] 
new state: [-0.2   1.02  4.58  1.76  0.84  1.88 -0.01  1.23 -0.72  1.15  1.57  0.06
  1.73 -0.76  1.07 -1.72  6.43 -0.62 -0.11  0.07 -0.64] 
new state: [-0.2   1.02  4.6   1.76  0.84  1.88 -0.01  1.23 -0.72  1.15  1.57  0.06
  1.73 -0.76  1.07 -1.72  6.43 -0.61 -0.11  0.08 -0.64] 
new state: [-0.2   0.98  4.63  1.76  0.84  1.88 -0.01  1.32 -0.48  1.15  1.57  0.06
  1.73 -0.77  1.04 -1.72  6.43 -0.63 -0.15  0.08 -0.67] 
new state: [-0.18  0.99  4.65  1.76  0.84  1.88 -0.01  1.31 -0.49  1.15  1.57  0.06
  1.73 -0.77  1.04 -1.72  6.43 -0.62 -0.15  0.08 -0.67] 
new state: [-0.17  0.99  4.67  1.76  0.84  1.88 -0.01  1.3  -0.49  1.15  1.57  0.06
  1.73 -0.77  1.04 -1.72  6.43 -0.61 -0.15  0.09 -0.67] 
new state: [-0.17  0.98  4.69  1.76  0.84  1.88 -0.01  1.31 -0.49  1.15  1.57  0.06
  1.73 -0.77  1.04 -1.72  6.43 -0.6  -0.15  0.1  -0.67] 
new state: [-0.17  0.99  4.71  1.76  0.84  1.88 -0.01  1.31 -0.48  1.15  1.57  0.06
  1.73 -0.77  1.04 -1.72  6.43 -0.6  -0.15  0.11 -0.67] 
new state: [-0.13  0.99  4.73  1.76  0.84  1.88 -0.01  1.3  -0.5   1.15  1.57  0.06
  1.73 -0.77  1.04 -1.72  6.43 -0.59 -0.14  0.1  -0.67] 
new state: [-0.11  1.    4.75  1.76  0.84  1.88 -0.01  1.3  -0.51  1.15  1.57  0.06
  1.73 -0.77  1.04 -1.72  6.43 -0.59 -0.13  0.09 -0.67] 
new state: [-0.05  1.01  4.76  1.76  0.84  1.88 -0.01  1.28 -0.55  1.15  1.57  0.06
  1.73 -0.77  1.04 -1.72  6.43 -0.6  -0.12  0.08 -0.67] 
new state: [-0.02  1.02  4.78  1.76  0.84  1.88 -0.01  1.27 -0.58  1.15  1.57  0.06
  1.73 -0.77  1.04 -1.72  6.43 -0.6  -0.1   0.06 -0.67] 
new state: [ 0.02  1.02  4.79  1.76  0.84  1.88 -0.01  1.25 -0.61  1.15  1.57  0.06
  1.73 -0.77  1.04 -1.72  6.43 -0.6  -0.08  0.05 -0.67] 
new state: [ 0.06  1.03  4.81  1.76  0.84  1.88 -0.01  1.24 -0.63  1.15  1.57  0.06
  1.73 -0.77  1.04 -1.72  6.43 -0.59 -0.06  0.03 -0.66] 
new state: [ 0.1   1.05  4.82  1.76  0.84  1.85 -0.15  1.23 -0.64  1.15  1.57  0.06
  1.73 -0.77  1.06 -1.72  6.43 -0.59 -0.02  0.02 -0.64] 
new state: [ 0.14  1.05  4.84  1.76  0.84  1.85 -0.16  1.21 -0.67  1.15  1.57  0.06
  1.73 -0.77  1.06 -1.72  6.43 -0.59  0.    0.   -0.64] 
new state: [ 0.18  1.07  4.85  1.76  0.84  1.86 -0.19  1.19 -0.7   1.15  1.57  0.06
  1.73 -0.77  1.06 -1.72  6.43 -0.59  0.03 -0.02 -0.63] 
new state: [ 0.21  1.07  4.86  1.76  0.84  1.86 -0.21  1.17 -0.72  1.15  1.57  0.06
  1.73 -0.77  1.06 -1.72  6.43 -0.58  0.05 -0.03 -0.62] 
new state: [ 0.22  1.07  4.87  1.76  0.84  1.85 -0.22  1.16 -0.74  1.15  1.57  0.06
  1.73 -0.77  1.06 -1.72  6.43 -0.58  0.07 -0.04 -0.61] 
new state: [ 0.23  1.07  4.88  1.76  0.84  1.85 -0.23  1.16 -0.75  1.15  1.57  0.06
  1.73 -0.77  1.06 -1.72  6.43 -0.57  0.08 -0.04 -0.6 ] 
new state: [ 0.23  1.07  4.89  1.76  0.84  1.86 -0.24  1.15 -0.75  1.15  1.57  0.06
  1.73 -0.77  1.06 -1.72  6.43 -0.57  0.09 -0.04 -0.6 ] 
new state: [ 0.22  1.06  4.9   1.76  0.84  1.86 -0.24  1.16 -0.76  1.15  1.57  0.06
  1.73 -0.77  1.06 -1.72  6.43 -0.57  0.09 -0.04 -0.6 ] 
new state: [ 0.21  1.06  4.9   1.76  0.84  1.86 -0.23  1.16 -0.76  1.15  1.57  0.06
  1.73 -0.77  1.06 -1.72  6.43 -0.57  0.08 -0.03 -0.6 ] 
new state: [ 0.21  1.06  4.91  1.76  0.84  1.86 -0.23  1.16 -0.76  1.15  1.57  0.06
  1.73 -0.77  1.06 -1.72  6.43 -0.56  0.08 -0.03 -0.6 ] 
new state: [ 0.2   1.05  4.92  1.76  0.84  1.86 -0.22  1.16 -0.76  1.15  1.57  0.06
  1.73 -0.77  1.06 -1.72  6.43 -0.56  0.08 -0.03 -0.6 ] 
new state: [ 0.19  1.05  4.92  1.76  0.84  1.86 -0.22  1.17 -0.76  1.15  1.57  0.06
  1.73 -0.77  1.06 -1.72  6.43 -0.56  0.07 -0.03 -0.61] 
new state: [ 0.19  1.05  4.93  1.76  0.84  1.87 -0.22  1.17 -0.75  1.15  1.57  0.06
  1.73 -0.77  1.06 -1.72  6.43 -0.56  0.07 -0.02 -0.61] 
new state: [ 0.18  1.05  4.93  1.76  0.84  1.87 -0.21  1.17 -0.75  1.15  1.57  0.06
  1.73 -0.77  1.06 -1.72  6.43 -0.56  0.06 -0.02 -0.61] 
new state: [ 0.18  1.04  4.93  1.76  0.84  1.87 -0.21  1.17 -0.75  1.15  1.57  0.06
  1.73 -0.77  1.06 -1.72  6.43 -0.56  0.06 -0.02 -0.61] 
new state: [ 0.17  1.04  4.93  1.76  0.84  1.87 -0.2   1.18 -0.75  1.15  1.57  0.06
  1.73 -0.77  1.06 -1.72  6.43 -0.56  0.05 -0.02 -0.62] 
new state: [ 0.17  1.04  4.94  1.76  0.84  1.87 -0.2   1.18 -0.75  1.15  1.57  0.06
  1.73 -0.77  1.06 -1.72  6.43 -0.56  0.05 -0.02 -0.62] 
new state: [ 0.17  1.04  4.94  1.76  0.84  1.87 -0.2   1.18 -0.75  1.15  1.57  0.06
  1.73 -0.77  1.06 -1.72  6.43 -0.57  0.04 -0.02 -0.62] 
new state: [ 0.17  1.04  4.94  1.76  0.84  1.87 -0.2   1.18 -0.75  1.15  1.57  0.06
  1.73 -0.77  1.06 -1.72  6.43 -0.57  0.04 -0.02 -0.62] 
new state: [ 0.17  1.04  4.94  1.76  0.84  1.87 -0.2   1.18 -0.75  1.15  1.57  0.06
  1.73 -0.77  1.06 -1.72  6.43 -0.57  0.04 -0.02 -0.63] 
new state: [ 0.17  1.03  4.94  1.76  0.84  1.86 -0.2   1.18 -0.75  1.15  1.57  0.06
  1.73 -0.77  1.06 -1.72  6.43 -0.57  0.04 -0.02 -0.63] 
new state: [ 0.16  1.03  4.93  1.76  0.84  1.86 -0.2   1.18 -0.75  1.15  1.57  0.06
  1.73 -0.77  1.06 -1.72  6.43 -0.57  0.04 -0.02 -0.63] 
new state: [ 0.17  1.03  4.93  1.76  0.84  1.86 -0.2   1.18 -0.75  1.15  1.57  0.06
  1.73 -0.77  1.06 -1.72  6.43 -0.57  0.04 -0.02 -0.63] 
new state: [ 0.17  1.03  4.93  1.76  0.84  1.86 -0.2   1.18 -0.75  1.15  1.57  0.06
  1.73 -0.77  1.06 -1.72  6.43 -0.57  0.04 -0.02 -0.63] 
new state: [ 0.17  1.03  4.93  1.76  0.84  1.86 -0.2   1.17 -0.76  1.15  1.57  0.06
  1.73 -0.77  1.06 -1.72  6.43 -0.57  0.04 -0.02 -0.63] 
new state: [ 0.17  1.03  4.92  1.76  0.84  1.86 -0.21  1.17 -0.76  1.15  1.57  0.06
  1.73 -0.77  1.06 -1.72  6.43 -0.57  0.04 -0.02 -0.63] 
new state: [ 0.17  1.03  4.92  1.76  0.84  1.86 -0.21  1.17 -0.76  1.15  1.57  0.06
  1.73 -0.77  1.06 -1.72  6.43 -0.57  0.04 -0.03 -0.63] 
new state: [ 0.17  1.03  4.92  1.76  0.84  1.86 -0.22  1.16 -0.77  1.15  1.57  0.06
  1.73 -0.77  1.06 -1.72  6.43 -0.57  0.04 -0.03 -0.63] 
new state: [ 0.18  1.03  4.91  1.76  0.84  1.85 -0.22  1.16 -0.77  1.15  1.57  0.06
  1.73 -0.77  1.06 -1.72  6.43 -0.58  0.04 -0.03 -0.63] 
new state: [ 0.18  1.03  4.91  1.76  0.84  1.85 -0.23  1.16 -0.77  1.15  1.57  0.06
  1.73 -0.77  1.06 -1.72  6.43 -0.58  0.05 -0.04 -0.63] 
new state: [ 0.18  1.03  4.9   1.76  0.84  1.85 -0.24  1.15 -0.78  1.15  1.57  0.06
  1.73 -0.77  1.06 -1.72  6.43 -0.58  0.05 -0.04 -0.63] 
new state: [ 0.19  1.03  4.9   1.76  0.84  1.85 -0.24  1.15 -0.78  1.15  1.57  0.06
  1.73 -0.77  1.06 -1.72  6.43 -0.58  0.05 -0.05 -0.63] 
new state: [ 0.19  1.03  4.89  1.76  0.84  1.84 -0.25  1.14 -0.79  1.15  1.57  0.06
  1.73 -0.77  1.06 -1.72  6.43 -0.58  0.06 -0.05 -0.62] 
new state: [ 0.19  1.03  4.88  1.76  0.84  1.84 -0.26  1.14 -0.79  1.15  1.57  0.06
  1.73 -0.77  1.06 -1.72  6.43 -0.58  0.06 -0.06 -0.62] 
new state: [ 0.19  1.04  4.88  1.76  0.84  1.84 -0.27  1.13 -0.79  1.15  1.57  0.06
  1.73 -0.77  1.06 -1.72  6.43 -0.58  0.07 -0.06 -0.62] 
new state: [ 0.2   1.04  4.87  1.76  0.84  1.84 -0.27  1.12 -0.8   1.15  1.57  0.06
  1.73 -0.77  1.06 -1.72  6.43 -0.59  0.07 -0.07 -0.62] 
new state: [ 0.2   1.04  4.86  1.76  0.84  1.83 -0.28  1.12 -0.8   1.15  1.57  0.06
  1.73 -0.77  1.06 -1.72  6.43 -0.59  0.07 -0.07 -0.62] 
new state: [ 0.21  1.04  4.86  1.76  0.84  1.83 -0.29  1.11 -0.81  1.15  1.57  0.06
  1.73 -0.77  1.06 -1.72  6.43 -0.59  0.08 -0.08 -0.62] 
new state: [ 0.21  1.04  4.85  1.76  0.84  1.82 -0.3   1.11 -0.81  1.15  1.57  0.06
  1.73 -0.77  1.06 -1.72  6.43 -0.59  0.08 -0.08 -0.62] 
new state: [ 0.21  1.04  4.84  1.76  0.84  1.82 -0.31  1.1  -0.82  1.15  1.57  0.06
  1.73 -0.77  1.06 -1.72  6.43 -0.59  0.09 -0.09 -0.62] 
new state: [ 0.22  1.04  4.84  1.76  0.84  1.81 -0.32  1.09 -0.82  1.15  1.57  0.06
  1.73 -0.77  1.06 -1.72  6.43 -0.59  0.1  -0.1  -0.61] 
new state: [ 0.22  1.04  4.83  1.76  0.84  1.81 -0.33  1.08 -0.83  1.15  1.57  0.06
  1.73 -0.77  1.06 -1.72  6.43 -0.6   0.1  -0.1  -0.61] 
new state: [ 0.22  1.04  4.82  1.76  0.84  1.8  -0.34  1.07 -0.84  1.15  1.57  0.06
  1.73 -0.77  1.06 -1.72  6.43 -0.6   0.11 -0.11 -0.61] 
new state: [ 0.23  1.04  4.82  1.76  0.84  1.8  -0.35  1.07 -0.84  1.15  1.57  0.06
  1.73 -0.77  1.06 -1.72  6.43 -0.6   0.11 -0.12 -0.61] 
new state: [ 0.23  1.04  4.81  1.76  0.84  1.79 -0.36  1.06 -0.85  1.15  1.57  0.06
  1.73 -0.77  1.06 -1.72  6.43 -0.6   0.12 -0.12 -0.61] 
new state: [ 0.23  1.04  4.8   1.76  0.84  1.79 -0.37  1.05 -0.85  1.15  1.57  0.06
  1.73 -0.77  1.06 -1.72  6.43 -0.61  0.12 -0.13 -0.6 ] 
new state: [ 0.23  1.04  4.8   1.76  0.84  1.78 -0.38  1.04 -0.86  1.15  1.57  0.06
  1.73 -0.77  1.06 -1.72  6.43 -0.61  0.13 -0.14 -0.6 ] 
new state: [ 0.24  1.03  4.79  1.76  0.84  1.78 -0.39  1.03 -0.86  1.15  1.57  0.06
  1.73 -0.77  1.06 -1.72  6.43 -0.61  0.13 -0.14 -0.6 ] 
new state: [ 0.24  1.03  4.78  1.76  0.84  1.77 -0.4   1.02 -0.86  1.15  1.57  0.06
  1.73 -0.77  1.06 -1.72  6.43 -0.61  0.14 -0.15 -0.6 ] 
new state: [ 0.24  1.03  4.77  1.76  0.84  1.77 -0.41  1.01 -0.87  1.15  1.57  0.06
  1.73 -0.77  1.06 -1.72  6.43 -0.62  0.14 -0.16 -0.59] 
new state: [ 0.24  1.03  4.77  1.76  0.84  1.76 -0.42  1.   -0.87  1.15  1.57  0.06
  1.73 -0.77  1.06 -1.72  6.43 -0.62  0.15 -0.17 -0.59] 
new state: [ 0.24  1.03  4.76  1.76  0.84  1.76 -0.43  1.   -0.88  1.15  1.57  0.06
  1.73 -0.77  1.06 -1.72  6.43 -0.62  0.15 -0.17 -0.59] 
new state: [ 0.24  1.03  4.76  1.76  0.84  1.75 -0.44  0.99 -0.88  1.15  1.57  0.06
  1.73 -0.77  1.06 -1.72  6.43 -0.63  0.16 -0.18 -0.59] 
new state: [ 0.24  1.03  4.75  1.76  0.84  1.74 -0.44  0.98 -0.89  1.15  1.57  0.06
  1.73 -0.77  1.06 -1.72  6.43 -0.63  0.16 -0.19 -0.59] 
new state: [ 0.24  1.03  4.74  1.76  0.84  1.73 -0.45  0.97 -0.89  1.15  1.57  0.06
  1.73 -0.77  1.06 -1.72  6.43 -0.63  0.16 -0.2  -0.58] 
new state: [ 0.24  1.03  4.74  1.76  0.84  1.73 -0.46  0.96 -0.9   1.15  1.57  0.06
  1.73 -0.77  1.06 -1.72  6.43 -0.64  0.17 -0.2  -0.58] 
new state: [ 0.24  1.03  4.73  1.76  0.84  1.72 -0.47  0.95 -0.9   1.15  1.57  0.06
  1.73 -0.77  1.06 -1.72  6.43 -0.64  0.17 -0.21 -0.58] 
new state: [ 0.23  1.03  4.73  1.76  0.84  1.72 -0.48  0.94 -0.9   1.15  1.57  0.06
  1.73 -0.77  1.06 -1.72  6.43 -0.65  0.18 -0.22 -0.59] 
new state: [ 0.2   1.03  4.72  1.76  0.84  1.72 -0.47  0.95 -0.91  1.15  1.57  0.06
  1.73 -0.77  1.06 -1.72  6.43 -0.65  0.17 -0.22 -0.59] 
new state: [ 0.18  1.02  4.71  1.76  0.84  1.72 -0.46  0.95 -0.9   1.15  1.57  0.06
  1.73 -0.77  1.06 -1.72  6.43 -0.66  0.16 -0.22 -0.59] 
new state: [ 0.16  1.02  4.71  1.76  0.84  1.73 -0.47  0.95 -0.91  1.15  1.57  0.06
  1.73 -0.77  1.06 -1.72  6.43 -0.67  0.16 -0.23 -0.59] 
new state: [ 0.15  1.    4.71  1.76  0.84  1.72 -0.46  0.95 -0.9   1.15  1.57  0.06
  1.73 -0.77  1.06 -1.72  6.43 -0.67  0.16 -0.23 -0.6 ] 
new state: [ 0.14  1.    4.7   1.76  0.84  1.72 -0.46  0.94 -0.9   1.15  1.57  0.06
  1.73 -0.77  1.06 -1.72  6.43 -0.68  0.15 -0.23 -0.6 ] 
new state: [ 0.13  0.99  4.7   1.76  0.84  1.71 -0.45  0.94 -0.9   1.15  1.57  0.06
  1.73 -0.77  1.06 -1.72  6.43 -0.68  0.15 -0.23 -0.6 ] 
new state: [ 0.11  0.97  4.69  1.76  0.84  1.71 -0.45  0.94 -0.89  1.15  1.57  0.06
  1.73 -0.77  1.06 -1.72  6.43 -0.68  0.15 -0.23 -0.59] 
new state: [ 0.09  0.97  4.69  1.76  0.84  1.72 -0.45  0.94 -0.89  1.15  1.57  0.06
  1.73 -0.77  1.06 -1.72  6.43 -0.69  0.15 -0.24 -0.59] 
new state: [ 0.08  0.96  4.68  1.76  0.84  1.72 -0.46  0.93 -0.89  1.15  1.57  0.06
  1.73 -0.77  1.06 -1.72  6.43 -0.7   0.15 -0.24 -0.59] 
new state: [ 0.07  0.95  4.68  1.76  0.84  1.73 -0.46  0.93 -0.89  1.15  1.57  0.06
  1.73 -0.77  1.06 -1.72  6.43 -0.7   0.15 -0.25 -0.59] 
new state: [ 0.05  0.95  4.68  1.76  0.84  1.73 -0.46  0.93 -0.89  1.15  1.57  0.06
  1.73 -0.77  1.06 -1.72  6.43 -0.7   0.15 -0.25 -0.59] 
new state: [ 0.03  0.94  4.67  1.76  0.84  1.73 -0.46  0.93 -0.89  1.15  1.57  0.06
  1.73 -0.77  1.06 -1.72  6.43 -0.71  0.15 -0.25 -0.59] 
new state: [ 0.02  0.93  4.67  1.76  0.84  1.73 -0.46  0.92 -0.88  1.15  1.57  0.06
  1.73 -0.77  1.06 -1.72  6.43 -0.71  0.15 -0.26 -0.58] 
new state: [ 0.    0.92  4.67  1.76  0.84  1.73 -0.46  0.92 -0.87  1.15  1.57  0.06
  1.73 -0.77  1.06 -1.72  6.43 -0.72  0.15 -0.25 -0.58] 
new state: [-0.01  0.91  4.67  1.76  0.84  1.73 -0.46  0.92 -0.86  1.15  1.57  0.06
  1.73 -0.77  1.06 -1.72  6.43 -0.72  0.15 -0.26 -0.58] 
new state: [-0.03  0.9   4.66  1.76  0.84  1.73 -0.46  0.92 -0.85  1.15  1.57  0.06
  1.73 -0.77  1.06 -1.72  6.43 -0.72  0.15 -0.26 -0.58] 
new state: [-0.04  0.9   4.66  1.76  0.84  1.73 -0.46  0.92 -0.84  1.15  1.57  0.06
  1.73 -0.77  1.06 -1.72  6.43 -0.73  0.15 -0.26 -0.58] 
new state: [-0.06  0.9   4.66  1.76  0.84  1.73 -0.46  0.93 -0.85  1.15  1.57  0.06
  1.73 -0.77  1.06 -1.72  6.43 -0.74  0.14 -0.26 -0.58] 
new state: [-0.07  0.89  4.66  1.76  0.84  1.73 -0.46  0.93 -0.84  1.15  1.57  0.06
  1.73 -0.77  1.06 -1.72  6.43 -0.74  0.15 -0.26 -0.58] 
new state: [-0.08  0.88  4.66  1.76  0.84  1.73 -0.46  0.92 -0.84  1.15  1.57  0.06
  1.73 -0.77  1.06 -1.72  6.43 -0.74  0.14 -0.26 -0.58] 
new state: [-0.09  0.88  4.66  1.76  0.84  1.73 -0.46  0.92 -0.83  1.15  1.57  0.06
  1.73 -0.77  1.06 -1.72  6.43 -0.75  0.14 -0.27 -0.58] 
new state: [-0.1   0.88  4.66  1.76  0.84  1.73 -0.46  0.92 -0.82  1.15  1.57  0.06
  1.73 -0.77  1.06 -1.72  6.43 -0.75  0.14 -0.27 -0.58] 
new state: [-0.11  0.87  4.65  1.76  0.84  1.73 -0.46  0.92 -0.82  1.15  1.57  0.06
  1.73 -0.77  1.06 -1.72  6.43 -0.75  0.14 -0.27 -0.58] 
new state: [-0.12  0.87  4.65  1.76  0.84  1.73 -0.46  0.91 -0.81  1.15  1.57  0.06
  1.73 -0.77  1.06 -1.72  6.43 -0.76  0.14 -0.27 -0.57] 
new state: [-0.12  0.87  4.65  1.76  0.84  1.73 -0.46  0.91 -0.81  1.15  1.57  0.06
  1.73 -0.77  1.06 -1.72  6.43 -0.76  0.14 -0.27 -0.57] 
new state: [-0.13  0.87  4.65  1.76  0.84  1.73 -0.46  0.91 -0.81  1.15  1.57  0.06
  1.73 -0.77  1.06 -1.72  6.43 -0.76  0.14 -0.28 -0.57] 
new state: [-0.13  0.87  4.65  1.76  0.84  1.73 -0.46  0.9  -0.8   1.15  1.57  0.06
  1.73 -0.77  1.06 -1.72  6.43 -0.77  0.14 -0.28 -0.57] 
new state: [-0.13  0.88  4.65  1.76  0.84  1.73 -0.46  0.9  -0.8   1.15  1.57  0.06
  1.73 -0.77  1.06 -1.72  6.43 -0.77  0.14 -0.28 -0.57] 
new state: [-0.14  0.88  4.65  1.76  0.84  1.73 -0.46  0.9  -0.8   1.15  1.57  0.06
  1.73 -0.77  1.06 -1.72  6.43 -0.78  0.14 -0.29 -0.57] 
new state: [-0.14  0.88  4.65  1.76  0.84  1.73 -0.46  0.89 -0.8   1.15  1.57  0.06
  1.73 -0.77  1.06 -1.72  6.43 -0.78  0.14 -0.29 -0.57] 
new state: [-0.14  0.88  4.65  1.76  0.84  1.73 -0.46  0.89 -0.8   1.15  1.57  0.06
  1.73 -0.77  1.06 -1.72  6.43 -0.78  0.14 -0.29 -0.57] 
new state: [-0.15  0.88  4.65  1.76  0.84  1.73 -0.46  0.89 -0.8   1.15  1.57  0.06
  1.73 -0.77  1.06 -1.72  6.43 -0.79  0.14 -0.29 -0.57] 
new state: [-0.15  0.88  4.66  1.76  0.84  1.73 -0.46  0.89 -0.79  1.15  1.57  0.06
  1.73 -0.77  1.06 -1.72  6.43 -0.79  0.14 -0.3  -0.57] 
new state: [-0.15  0.88  4.66  1.76  0.84  1.73 -0.46  0.88 -0.79  1.15  1.57  0.06
  1.73 -0.77  1.06 -1.72  6.43 -0.79  0.14 -0.3  -0.57] 
new state: [-0.15  0.88  4.66  1.76  0.84  1.73 -0.46  0.88 -0.79  1.15  1.57  0.06
  1.73 -0.77  1.06 -1.72  6.43 -0.79  0.14 -0.3  -0.57] 
new state: [-0.16  0.89  4.66  1.76  0.84  1.73 -0.46  0.88 -0.79  1.15  1.57  0.06
  1.73 -0.77  1.06 -1.72  6.43 -0.8   0.14 -0.3  -0.56] 
new state: [-0.16  0.89  4.66  1.76  0.84  1.73 -0.46  0.88 -0.79  1.15  1.57  0.06
  1.73 -0.77  1.06 -1.72  6.43 -0.8   0.14 -0.31 -0.56] 
new state: [-0.16  0.89  4.66  1.76  0.84  1.73 -0.46  0.88 -0.78  1.15  1.57  0.06
  1.73 -0.77  1.06 -1.72  6.43 -0.8   0.14 -0.31 -0.56] 
new state: [-0.17  0.89  4.66  1.76  0.84  1.73 -0.46  0.88 -0.78  1.15  1.57  0.06
  1.73 -0.77  1.06 -1.72  6.43 -0.8   0.15 -0.31 -0.56] 
new state: [-0.17  0.89  4.66  1.76  0.84  1.73 -0.46  0.87 -0.78  1.15  1.57  0.06
  1.73 -0.77  1.06 -1.72  6.43 -0.81  0.15 -0.31 -0.56] 
new state: [-0.17  0.9   4.66  1.76  0.84  1.73 -0.46  0.87 -0.77  1.15  1.57  0.06
  1.73 -0.77  1.06 -1.72  6.43 -0.81  0.15 -0.31 -0.56] 
new state: [-0.17  0.9   4.67  1.76  0.84  1.73 -0.46  0.87 -0.77  1.15  1.57  0.06
  1.73 -0.77  1.06 -1.72  6.43 -0.81  0.15 -0.31 -0.56] 
new state: [-0.17  0.9   4.67  1.76  0.84  1.73 -0.46  0.87 -0.77  1.15  1.57  0.06
  1.73 -0.77  1.06 -1.72  6.43 -0.81  0.15 -0.31 -0.55] 
new state: [-0.18  0.9   4.67  1.76  0.84  1.73 -0.46  0.87 -0.76  1.15  1.57  0.06
  1.73 -0.77  1.06 -1.72  6.43 -0.81  0.15 -0.31 -0.55] 
new state: [-0.18  0.9   4.67  1.76  0.84  1.73 -0.46  0.87 -0.76  1.15  1.57  0.06
  1.73 -0.77  1.06 -1.72  6.43 -0.82  0.15 -0.31 -0.55] 
new state: [-0.18  0.91  4.67  1.76  0.84  1.73 -0.46  0.87 -0.76  1.15  1.57  0.06
  1.73 -0.77  1.06 -1.72  6.43 -0.82  0.15 -0.31 -0.55] 
new state: [-0.18  0.91  4.68  1.76  0.84  1.73 -0.46  0.87 -0.75  1.15  1.57  0.06
  1.73 -0.77  1.06 -1.72  6.43 -0.82  0.15 -0.31 -0.55] 
new state: [-0.18  0.91  4.68  1.76  0.84  1.73 -0.46  0.87 -0.75  1.15  1.57  0.06
  1.73 -0.77  1.06 -1.72  6.43 -0.82  0.15 -0.31 -0.55] 
new state: [-0.19  0.91  4.68  1.76  0.84  1.73 -0.46  0.87 -0.74  1.15  1.57  0.06
  1.73 -0.77  1.06 -1.72  6.43 -0.82  0.15 -0.31 -0.54] 
new state: [-0.19  0.91  4.68  1.76  0.84  1.73 -0.46  0.87 -0.74  1.15  1.57  0.06
  1.73 -0.77  1.06 -1.72  6.43 -0.82  0.15 -0.31 -0.54] 
new state: [-0.19  0.92  4.68  1.76  0.84  1.73 -0.46  0.87 -0.74  1.15  1.57  0.06
  1.73 -0.77  1.06 -1.72  6.43 -0.82  0.16 -0.31 -0.54] 
new state: [-0.19  0.92  4.68  1.76  0.84  1.73 -0.46  0.88 -0.73  1.15  1.57  0.06
  1.73 -0.77  1.06 -1.72  6.43 -0.82  0.16 -0.31 -0.54] 
new state: [-0.19  0.92  4.69  1.76  0.84  1.73 -0.46  0.88 -0.73  1.15  1.57  0.06
  1.73 -0.77  1.06 -1.72  6.43 -0.82  0.16 -0.31 -0.54] 
new state: [-0.19  0.92  4.69  1.76  0.84  1.73 -0.46  0.88 -0.72  1.15  1.57  0.06
  1.73 -0.77  1.06 -1.72  6.43 -0.82  0.16 -0.31 -0.54] 
new state: [-0.19  0.93  4.69  1.76  0.84  1.73 -0.46  0.88 -0.72  1.15  1.57  0.06
  1.73 -0.77  1.06 -1.72  6.43 -0.82  0.16 -0.31 -0.53] 
new state: [-0.19  0.93  4.69  1.76  0.84  1.73 -0.46  0.88 -0.72  1.15  1.57  0.06
  1.73 -0.77  1.06 -1.72  6.43 -0.82  0.16 -0.31 -0.53] 
new state: [-0.19  0.93  4.69  1.76  0.84  1.73 -0.46  0.88 -0.71  1.15  1.57  0.06
  1.73 -0.77  1.06 -1.72  6.43 -0.82  0.16 -0.3  -0.53] 
new state: [-0.19  0.93  4.7   1.76  0.84  1.73 -0.46  0.89 -0.71  1.15  1.57  0.06
  1.73 -0.77  1.06 -1.72  6.43 -0.82  0.16 -0.3  -0.53] 
new state: [-0.19  0.93  4.7   1.76  0.84  1.73 -0.46  0.89 -0.7   1.15  1.57  0.06
  1.73 -0.77  1.06 -1.72  6.43 -0.82  0.16 -0.3  -0.52] 
new state: [-0.19  0.94  4.7   1.76  0.84  1.73 -0.46  0.89 -0.7   1.15  1.57  0.06
  1.73 -0.77  1.06 -1.72  6.43 -0.82  0.17 -0.3  -0.52] 
new state: [-0.19  0.94  4.7   1.76  0.84  1.73 -0.46  0.89 -0.7   1.15  1.57  0.06
  1.73 -0.77  1.06 -1.72  6.43 -0.82  0.17 -0.3  -0.52] 
new state: [-0.19  0.94  4.7   1.76  0.84  1.73 -0.46  0.89 -0.69  1.15  1.57  0.06
  1.73 -0.77  1.06 -1.72  6.43 -0.82  0.17 -0.3  -0.52] 
new state: [-0.19  0.95  4.7   1.76  0.84  1.73 -0.46  0.9  -0.69  1.15  1.57  0.06
  1.73 -0.77  1.06 -1.72  6.43 -0.82  0.17 -0.3  -0.52] 
new state: [-0.19  0.95  4.71  1.76  0.84  1.73 -0.46  0.9  -0.69  1.15  1.57  0.06
  1.73 -0.77  1.06 -1.72  6.43 -0.82  0.17 -0.29 -0.51] 
new state: [-0.19  0.95  4.71  1.76  0.84  1.73 -0.46  0.9  -0.68  1.15  1.57  0.06
  1.73 -0.77  1.06 -1.72  6.43 -0.81  0.18 -0.29 -0.51] 
new state: [-0.19  0.95  4.71  1.76  0.84  1.73 -0.46  0.9  -0.68  1.15  1.57  0.06
  1.73 -0.77  1.06 -1.72  6.43 -0.81  0.18 -0.29 -0.51] 
new state: [-0.18  0.96  4.71  1.76  0.84  1.73 -0.46  0.91 -0.68  1.15  1.57  0.06
  1.73 -0.77  1.06 -1.72  6.43 -0.81  0.18 -0.29 -0.51] 
new state: [-0.18  0.96  4.71  1.76  0.84  1.73 -0.46  0.91 -0.67  1.15  1.57  0.06
  1.73 -0.77  1.06 -1.72  6.43 -0.81  0.18 -0.28 -0.5 ] 
new state: [-0.18  0.96  4.71  1.76  0.84  1.73 -0.46  0.91 -0.67  1.15  1.57  0.06
  1.73 -0.77  1.06 -1.72  6.43 -0.81  0.18 -0.28 -0.5 ] 
new state: [-0.18  0.96  4.71  1.76  0.84  1.73 -0.46  0.92 -0.66  1.15  1.57  0.06
  1.73 -0.77  1.06 -1.72  6.43 -0.81  0.18 -0.28 -0.5 ] 
new state: [-0.18  0.97  4.72  1.76  0.84  1.73 -0.46  0.92 -0.66  1.15  1.57  0.06
  1.73 -0.77  1.06 -1.72  6.43 -0.8   0.18 -0.27 -0.5 ] 
new state: [-0.18  0.97  4.72  1.76  0.84  1.73 -0.46  0.92 -0.66  1.15  1.57  0.06
  1.73 -0.77  1.06 -1.72  6.43 -0.8   0.19 -0.27 -0.49] 
new state: [-0.17  0.97  4.72  1.76  0.84  1.73 -0.46  0.92 -0.66  1.15  1.57  0.06
  1.73 -0.77  1.06 -1.72  6.43 -0.8   0.19 -0.27 -0.49] 
new state: [-0.17  0.98  4.72  1.76  0.84  1.73 -0.46  0.92 -0.65  1.15  1.57  0.06
  1.73 -0.77  1.06 -1.72  6.43 -0.8   0.19 -0.27 -0.49] 
new state: [-0.16  0.98  4.72  1.76  0.84  1.73 -0.46  0.93 -0.65  1.15  1.57  0.06
  1.73 -0.77  1.06 -1.72  6.43 -0.79  0.2  -0.27 -0.49] 
new state: [-0.16  0.98  4.72  1.76  0.84  1.73 -0.46  0.93 -0.65  1.15  1.57  0.06
  1.73 -0.77  1.06 -1.72  6.43 -0.79  0.2  -0.26 -0.49] 
new state: [-0.16  0.98  4.72  1.76  0.84  1.73 -0.46  0.93 -0.64  1.15  1.57  0.06
  1.73 -0.77  1.06 -1.72  6.43 -0.79  0.2  -0.26 -0.48] 
new state: [-0.15  0.98  4.72  1.76  0.84  1.73 -0.46  0.93 -0.64  1.15  1.57  0.06
  1.73 -0.77  1.06 -1.72  6.43 -0.78  0.2  -0.26 -0.48] 
new state: [-0.15  0.99  4.72  1.76  0.84  1.73 -0.46  0.94 -0.64  1.15  1.57  0.06
  1.73 -0.77  1.06 -1.72  6.43 -0.78  0.21 -0.25 -0.48] 
new state: [-0.15  0.99  4.72  1.76  0.84  1.73 -0.46  0.94 -0.63  1.15  1.57  0.06
  1.73 -0.77  1.06 -1.72  6.43 -0.78  0.21 -0.25 -0.48] 
new state: [-0.14  0.99  4.72  1.76  0.84  1.73 -0.46  0.95 -0.63  1.15  1.57  0.06
  1.73 -0.77  1.06 -1.72  6.43 -0.77  0.21 -0.25 -0.47] 
new state: [-0.14  0.99  4.73  1.76  0.84  1.73 -0.46  0.95 -0.63  1.15  1.57  0.06
  1.73 -0.77  1.06 -1.72  6.43 -0.77  0.21 -0.24 -0.47] 
new state: [-0.14  1.    4.73  1.76  0.84  1.73 -0.46  0.95 -0.62  1.15  1.57  0.06
  1.73 -0.77  1.06 -1.72  6.43 -0.77  0.21 -0.24 -0.47] 
new state: [-0.13  1.    4.73  1.76  0.84  1.73 -0.46  0.96 -0.62  1.15  1.57  0.06
  1.73 -0.77  1.06 -1.72  6.43 -0.76  0.22 -0.23 -0.47] 
new state: [-0.13  1.    4.73  1.76  0.84  1.73 -0.46  0.96 -0.62  1.15  1.57  0.06
  1.73 -0.77  1.06 -1.72  6.43 -0.76  0.22 -0.23 -0.47] 
new state: [-0.13  1.    4.73  1.76  0.84  1.73 -0.46  0.96 -0.62  1.15  1.57  0.06
  1.73 -0.77  1.06 -1.72  6.43 -0.76  0.22 -0.23 -0.46] 
new state: [-0.12  1.01  4.73  1.76  0.84  1.73 -0.46  0.97 -0.61  1.15  1.57  0.06
  1.73 -0.77  1.06 -1.72  6.43 -0.75  0.22 -0.22 -0.46] 
new state: [-0.12  1.01  4.73  1.76  0.84  1.73 -0.46  0.97 -0.61  1.15  1.57  0.06
  1.73 -0.77  1.06 -1.72  6.43 -0.75  0.22 -0.22 -0.46] 
new state: [-0.12  1.01  4.73  1.76  0.84  1.73 -0.46  0.98 -0.61  1.15  1.57  0.06
  1.73 -0.77  1.06 -1.72  6.43 -0.75  0.23 -0.21 -0.46] 
new state: [-0.12  1.01  4.73  1.76  0.84  1.73 -0.46  0.98 -0.6   1.15  1.57  0.06
  1.73 -0.77  1.06 -1.72  6.43 -0.74  0.23 -0.21 -0.45] 
new state: [-0.11  1.01  4.73  1.76  0.84  1.73 -0.46  0.99 -0.6   1.15  1.57  0.06
  1.73 -0.77  1.06 -1.72  6.43 -0.74  0.23 -0.2  -0.45] 
new state: [-0.11  1.02  4.73  1.76  0.84  1.73 -0.46  0.99 -0.6   1.15  1.57  0.06
  1.73 -0.77  1.06 -1.72  6.43 -0.74  0.23 -0.2  -0.45] 
new state: [-0.1   1.02  4.73  1.76  0.84  1.73 -0.46  0.99 -0.6   1.15  1.57  0.06
  1.73 -0.77  1.06 -1.72  6.43 -0.73  0.23 -0.2  -0.45] 
new state: [-0.1   1.03  4.73  1.76  0.84  1.73 -0.46  1.   -0.6   1.15  1.57  0.06
  1.73 -0.77  1.06 -1.72  6.43 -0.73  0.24 -0.2  -0.45] 
new state: [-0.09  1.03  4.73  1.76  0.84  1.73 -0.46  1.   -0.6   1.15  1.57  0.06
  1.73 -0.77  1.06 -1.72  6.43 -0.73  0.24 -0.19 -0.44] 
new state: [-0.08  1.03  4.73  1.76  0.84  1.73 -0.46  1.   -0.6   1.15  1.57  0.06
  1.73 -0.77  1.06 -1.72  6.43 -0.72  0.24 -0.19 -0.44] 
new state: [-0.08  1.03  4.73  1.76  0.84  1.73 -0.46  1.01 -0.6   1.15  1.57  0.06
  1.73 -0.77  1.06 -1.72  6.43 -0.72  0.24 -0.19 -0.44] 
new state: [-0.07  1.03  4.73  1.76  0.84  1.73 -0.46  1.01 -0.6   1.15  1.57  0.06
  1.73 -0.77  1.06 -1.72  6.43 -0.71  0.25 -0.18 -0.44] 
new state: [-0.07  1.03  4.73  1.76  0.84  1.73 -0.46  1.01 -0.59  1.15  1.57  0.06
  1.73 -0.77  1.06 -1.72  6.43 -0.71  0.25 -0.18 -0.43] 
new state: [-0.06  1.03  4.73  1.76  0.84  1.73 -0.46  1.02 -0.59  1.15  1.57  0.06
  1.73 -0.77  1.06 -1.72  6.43 -0.7   0.25 -0.18 -0.43] 
new state: [-0.06  1.04  4.73  1.76  0.84  1.73 -0.46  1.02 -0.59  1.15  1.57  0.06
  1.73 -0.77  1.06 -1.72  6.43 -0.7   0.25 -0.17 -0.43] 
new state: [-0.06  1.04  4.73  1.76  0.84  1.73 -0.46  1.02 -0.59  1.15  1.57  0.06
  1.73 -0.77  1.06 -1.72  6.43 -0.7   0.26 -0.17 -0.43] 
new state: [-0.05  1.04  4.73  1.76  0.84  1.73 -0.46  1.03 -0.59  1.15  1.57  0.06
  1.73 -0.77  1.06 -1.72  6.43 -0.69  0.26 -0.16 -0.43] 
new state: [-0.05  1.04  4.73  1.76  0.84  1.73 -0.46  1.03 -0.59  1.15  1.57  0.06
  1.73 -0.77  1.06 -1.72  6.43 -0.69  0.26 -0.16 -0.42] 
new state: [-0.04  1.04  4.73  1.76  0.84  1.73 -0.46  1.04 -0.59  1.15  1.57  0.06
  1.73 -0.77  1.06 -1.72  6.43 -0.68  0.26 -0.16 -0.42] 
new state: [-0.04  1.04  4.73  1.76  0.84  1.73 -0.46  1.04 -0.58  1.15  1.57  0.06
  1.73 -0.77  1.06 -1.72  6.43 -0.68  0.26 -0.15 -0.42] 
new state: [-0.03  1.05  4.73  1.76  0.84  1.73 -0.46  1.04 -0.58  1.15  1.57  0.06
  1.73 -0.77  1.06 -1.72  6.43 -0.68  0.27 -0.15 -0.42] 
new state: [-0.03  1.05  4.72  1.76  0.84  1.73 -0.46  1.05 -0.58  1.15  1.57  0.06
  1.73 -0.77  1.06 -1.72  6.43 -0.67  0.27 -0.14 -0.42] 
new state: [-0.03  1.05  4.72  1.76  0.84  1.73 -0.46  1.05 -0.58  1.15  1.57  0.06
  1.73 -0.77  1.06 -1.72  6.43 -0.67  0.27 -0.14 -0.42] 
new state: [-0.02  1.05  4.72  1.76  0.84  1.73 -0.46  1.05 -0.58  1.15  1.57  0.06
  1.73 -0.77  1.06 -1.72  6.43 -0.66  0.27 -0.14 -0.41] 
new state: [-0.02  1.05  4.72  1.76  0.84  1.73 -0.46  1.06 -0.58  1.15  1.57  0.06
  1.73 -0.77  1.06 -1.72  6.43 -0.66  0.27 -0.13 -0.41] 
new state: [-0.01  1.05  4.72  1.76  0.84  1.73 -0.46  1.06 -0.58  1.15  1.57  0.06
  1.73 -0.77  1.06 -1.72  6.43 -0.66  0.27 -0.13 -0.41] 
new state: [-0.01  1.05  4.72  1.76  0.84  1.73 -0.46  1.06 -0.58  1.15  1.57  0.06
  1.73 -0.77  1.06 -1.72  6.43 -0.65  0.28 -0.13 -0.41] 
new state: [-0.01  1.05  4.72  1.76  0.84  1.73 -0.46  1.07 -0.58  1.15  1.57  0.06
  1.73 -0.77  1.06 -1.72  6.43 -0.65  0.28 -0.12 -0.41] 
new state: [-0.    1.05  4.72  1.76  0.84  1.73 -0.46  1.07 -0.58  1.15  1.57  0.06
  1.73 -0.77  1.06 -1.72  6.43 -0.64  0.28 -0.12 -0.41] 
new state: [ 0.    1.06  4.72  1.76  0.84  1.73 -0.46  1.07 -0.57  1.15  1.57  0.06
  1.73 -0.77  1.06 -1.72  6.43 -0.64  0.28 -0.12 -0.41] 
new state: [ 0.01  1.06  4.72  1.76  0.84  1.73 -0.46  1.08 -0.57  1.15  1.57  0.06
  1.73 -0.77  1.06 -1.72  6.43 -0.64  0.28 -0.11 -0.41] 
new state: [ 0.01  1.06  4.72  1.76  0.84  1.73 -0.46  1.08 -0.57  1.15  1.57  0.06
  1.73 -0.77  1.06 -1.72  6.43 -0.63  0.28 -0.11 -0.4 ] 
new state: [ 0.01  1.06  4.72  1.76  0.84  1.73 -0.46  1.08 -0.57  1.15  1.57  0.06
  1.73 -0.77  1.06 -1.72  6.43 -0.63  0.28 -0.11 -0.4 ] 
new state: [ 0.02  1.06  4.72  1.76  0.84  1.73 -0.46  1.09 -0.57  1.15  1.57  0.06
  1.73 -0.77  1.06 -1.72  6.43 -0.63  0.29 -0.1  -0.4 ] 
new state: [ 0.02  1.06  4.72  1.76  0.84  1.73 -0.46  1.09 -0.57  1.15  1.57  0.06
  1.73 -0.77  1.06 -1.72  6.43 -0.62  0.29 -0.1  -0.4 ] 
new state: [ 0.03  1.06  4.72  1.76  0.84  1.73 -0.46  1.09 -0.57  1.15  1.57  0.06
  1.73 -0.77  1.06 -1.72  6.43 -0.62  0.29 -0.1  -0.4 ] 
new state: [ 0.03  1.06  4.72  1.76  0.84  1.73 -0.46  1.1  -0.57  1.15  1.57  0.06
  1.73 -0.77  1.06 -1.72  6.43 -0.61  0.29 -0.09 -0.4 ] 
new state: [ 0.03  1.06  4.72  1.76  0.84  1.73 -0.46  1.1  -0.57  1.15  1.57  0.06
  1.73 -0.77  1.06 -1.72  6.43 -0.61  0.29 -0.09 -0.4 ] 
new state: [ 0.04  1.06  4.72  1.76  0.84  1.73 -0.46  1.1  -0.57  1.15  1.57  0.06
  1.73 -0.77  1.06 -1.72  6.43 -0.61  0.29 -0.09 -0.4 ] 
new state: [ 0.04  1.06  4.72  1.76  0.84  1.73 -0.46  1.11 -0.57  1.15  1.57  0.06
  1.73 -0.77  1.06 -1.72  6.43 -0.6   0.29 -0.08 -0.4 ] 
new state: [ 0.04  1.06  4.72  1.76  0.84  1.73 -0.46  1.11 -0.57  1.15  1.57  0.06
  1.73 -0.77  1.06 -1.72  6.43 -0.6   0.29 -0.08 -0.4 ] 
new state: [ 0.05  1.06  4.72  1.76  0.84  1.73 -0.46  1.11 -0.57  1.15  1.57  0.06
  1.73 -0.77  1.06 -1.72  6.43 -0.6   0.29 -0.08 -0.4 ] 
new state: [ 0.05  1.06  4.71  1.76  0.84  1.73 -0.46  1.11 -0.57  1.15  1.57  0.06
  1.73 -0.77  1.06 -1.72  6.43 -0.6   0.29 -0.08 -0.4 ] 
new state: [ 0.05  1.06  4.71  1.76  0.84  1.73 -0.46  1.12 -0.57  1.15  1.57  0.06
  1.73 -0.77  1.06 -1.72  6.43 -0.59  0.3  -0.07 -0.39] 
new state: [ 0.05  1.06  4.71  1.76  0.84  1.73 -0.46  1.12 -0.57  1.15  1.57  0.06
  1.73 -0.77  1.06 -1.72  6.43 -0.59  0.3  -0.07 -0.39] 
new state: [ 0.06  1.06  4.71  1.76  0.84  1.73 -0.46  1.12 -0.57  1.15  1.57  0.06
  1.73 -0.77  1.06 -1.72  6.43 -0.59  0.3  -0.07 -0.39] 
new state: [ 0.06  1.06  4.71  1.76  0.84  1.73 -0.46  1.12 -0.57  1.15  1.57  0.06
  1.73 -0.77  1.06 -1.72  6.43 -0.58  0.3  -0.07 -0.39] 
new state: [ 0.06  1.06  4.71  1.76  0.84  1.73 -0.46  1.13 -0.57  1.15  1.57  0.06
  1.73 -0.77  1.06 -1.72  6.43 -0.58  0.3  -0.06 -0.39] 
new state: [ 0.07  1.06  4.71  1.76  0.84  1.73 -0.46  1.13 -0.57  1.15  1.57  0.06
  1.73 -0.77  1.06 -1.72  6.43 -0.58  0.3  -0.06 -0.39] 
new state: [ 0.07  1.06  4.71  1.76  0.84  1.73 -0.46  1.13 -0.57  1.15  1.57  0.06
  1.73 -0.77  1.06 -1.72  6.43 -0.58  0.3  -0.06 -0.39] 
new state: [ 0.07  1.06  4.71  1.76  0.84  1.73 -0.46  1.13 -0.57  1.15  1.57  0.06
  1.73 -0.77  1.06 -1.72  6.43 -0.57  0.3  -0.06 -0.39] 
new state: [ 0.07  1.06  4.71  1.76  0.84  1.73 -0.46  1.14 -0.57  1.15  1.57  0.06
  1.73 -0.77  1.06 -1.72  6.43 -0.57  0.3  -0.05 -0.39] 
new state: [ 0.08  1.06  4.71  1.76  0.84  1.73 -0.46  1.14 -0.57  1.15  1.57  0.06
  1.73 -0.77  1.06 -1.72  6.43 -0.57  0.3  -0.05 -0.39] 
new state: [ 0.08  1.06  4.71  1.76  0.84  1.73 -0.46  1.14 -0.57  1.15  1.57  0.06
  1.73 -0.77  1.06 -1.72  6.43 -0.57  0.3  -0.05 -0.39] 
new state: [ 0.08  1.06  4.71  1.76  0.84  1.73 -0.46  1.14 -0.57  1.15  1.57  0.06
  1.73 -0.77  1.06 -1.72  6.43 -0.56  0.3  -0.05 -0.39] 
new state: [ 0.08  1.06  4.71  1.76  0.84  1.73 -0.46  1.14 -0.57  1.15  1.57  0.06
  1.73 -0.77  1.06 -1.72  6.43 -0.56  0.3  -0.05 -0.39] 
new state: [ 0.08  1.06  4.71  1.76  0.84  1.73 -0.46  1.14 -0.57  1.15  1.57  0.06
  1.73 -0.77  1.06 -1.72  6.43 -0.56  0.3  -0.04 -0.39] 
new state: [ 0.08  1.06  4.71  1.76  0.84  1.73 -0.46  1.15 -0.58  1.15  1.57  0.06
  1.73 -0.77  1.06 -1.72  6.43 -0.56  0.3  -0.04 -0.39] 
new state: [ 0.09  1.06  4.71  1.76  0.84  1.73 -0.46  1.15 -0.58  1.15  1.57  0.06
  1.73 -0.77  1.06 -1.72  6.43 -0.56  0.3  -0.04 -0.39] 
new state: [ 0.09  1.06  4.71  1.76  0.84  1.73 -0.46  1.15 -0.58  1.15  1.57  0.06
  1.73 -0.77  1.06 -1.72  6.43 -0.55  0.3  -0.04 -0.39] 
new state: [ 0.09  1.06  4.71  1.76  0.84  1.73 -0.46  1.15 -0.58  1.15  1.57  0.06
  1.73 -0.77  1.06 -1.72  6.43 -0.55  0.3  -0.04 -0.39] 
new state: [ 0.09  1.06  4.71  1.76  0.84  1.73 -0.46  1.15 -0.58  1.15  1.57  0.06
  1.73 -0.77  1.06 -1.72  6.43 -0.55  0.3  -0.04 -0.39] 
new state: [ 0.09  1.06  4.71  1.76  0.84  1.73 -0.46  1.15 -0.58  1.15  1.57  0.06
  1.73 -0.77  1.06 -1.72  6.43 -0.55  0.3  -0.03 -0.39] 
new state: [ 0.09  1.06  4.71  1.76  0.84  1.73 -0.46  1.16 -0.58  1.15  1.57  0.06
  1.73 -0.77  1.06 -1.72  6.43 -0.55  0.3  -0.03 -0.39] 
new state: [ 0.09  1.06  4.71  1.76  0.84  1.73 -0.46  1.16 -0.58  1.15  1.57  0.06
  1.73 -0.77  1.06 -1.72  6.43 -0.55  0.3  -0.03 -0.39] 
new state: [ 0.1   1.06  4.71  1.76  0.84  1.73 -0.46  1.16 -0.58  1.15  1.57  0.06
  1.73 -0.77  1.06 -1.72  6.43 -0.55  0.3  -0.03 -0.4 ] 
new state: [ 0.1   1.06  4.71  1.76  0.84  1.73 -0.46  1.16 -0.58  1.15  1.57  0.06
  1.73 -0.77  1.06 -1.72  6.43 -0.54  0.3  -0.03 -0.4 ] 
new state: [ 0.1   1.06  4.71  1.76  0.84  1.73 -0.46  1.16 -0.58  1.15  1.57  0.06
  1.73 -0.77  1.06 -1.72  6.43 -0.54  0.3  -0.03 -0.4 ] 
new state: [ 0.1   1.06  4.71  1.76  0.84  1.73 -0.46  1.16 -0.58  1.15  1.57  0.06
  1.73 -0.77  1.06 -1.72  6.43 -0.54  0.3  -0.03 -0.4 ] 
new state: [ 0.1   1.05  4.71  1.76  0.84  1.73 -0.46  1.16 -0.58  1.15  1.57  0.06
  1.73 -0.77  1.06 -1.72  6.43 -0.54  0.3  -0.03 -0.4 ] 
new state: [ 0.1   1.05  4.71  1.76  0.84  1.73 -0.46  1.16 -0.58  1.15  1.57  0.06
  1.73 -0.77  1.06 -1.72  6.43 -0.54  0.29 -0.03 -0.4 ] 
new state: [ 0.1   1.05  4.71  1.76  0.84  1.73 -0.46  1.16 -0.58  1.15  1.57  0.06
  1.73 -0.77  1.06 -1.72  6.43 -0.54  0.29 -0.03 -0.4 ] 
new state: [ 0.1   1.05  4.71  1.76  0.84  1.73 -0.46  1.16 -0.59  1.15  1.57  0.06
  1.73 -0.77  1.06 -1.72  6.43 -0.54  0.29 -0.02 -0.4 ] 
new state: [ 0.1   1.05  4.71  1.76  0.84  1.73 -0.46  1.16 -0.59  1.15  1.57  0.06
  1.73 -0.77  1.06 -1.72  6.43 -0.54  0.29 -0.02 -0.4 ] 
new state: [ 0.1   1.05  4.71  1.76  0.84  1.73 -0.46  1.17 -0.59  1.15  1.57  0.06
  1.73 -0.77  1.06 -1.72  6.43 -0.54  0.29 -0.02 -0.4 ] 
new state: [ 0.1   1.05  4.71  1.76  0.84  1.73 -0.46  1.17 -0.59  1.15  1.57  0.06
  1.73 -0.77  1.06 -1.72  6.43 -0.54  0.29 -0.02 -0.4 ] 
new state: [ 0.1   1.05  4.71  1.76  0.84  1.73 -0.46  1.17 -0.59  1.15  1.57  0.06
  1.73 -0.77  1.06 -1.72  6.43 -0.54  0.29 -0.02 -0.4 ] 
new state: [ 0.1   1.05  4.71  1.76  0.84  1.73 -0.46  1.17 -0.59  1.15  1.57  0.06
  1.73 -0.77  1.06 -1.72  6.43 -0.54  0.29 -0.02 -0.4 ] 
new state: [ 0.1   1.05  4.71  1.76  0.84  1.73 -0.46  1.17 -0.59  1.15  1.57  0.06
  1.73 -0.77  1.06 -1.72  6.43 -0.54  0.29 -0.02 -0.41] 
new state: [ 0.1   1.05  4.71  1.76  0.84  1.73 -0.46  1.17 -0.59  1.15  1.57  0.06
  1.73 -0.77  1.06 -1.72  6.43 -0.54  0.29 -0.02 -0.41] 
new state: [ 0.1   1.04  4.71  1.76  0.84  1.73 -0.46  1.17 -0.59  1.15  1.57  0.06
  1.73 -0.77  1.06 -1.72  6.43 -0.54  0.29 -0.02 -0.41] 
new state: [ 0.1   1.04  4.71  1.76  0.84  1.73 -0.46  1.17 -0.59  1.15  1.57  0.06
  1.73 -0.77  1.06 -1.72  6.43 -0.54  0.29 -0.02 -0.41] 
new state: [ 0.1   1.04  4.71  1.76  0.84  1.73 -0.46  1.17 -0.59  1.15  1.57  0.06
  1.73 -0.77  1.06 -1.72  6.43 -0.54  0.28 -0.02 -0.41] 
new state: [ 0.1   1.04  4.71  1.76  0.84  1.73 -0.46  1.17 -0.6   1.15  1.57  0.06
  1.73 -0.77  1.06 -1.72  6.43 -0.54  0.28 -0.02 -0.41] 
new state: [ 0.1   1.04  4.71  1.76  0.84  1.73 -0.46  1.17 -0.6   1.15  1.57  0.06
  1.73 -0.77  1.06 -1.72  6.43 -0.54  0.28 -0.02 -0.41] 
new state: [ 0.1   1.04  4.71  1.76  0.84  1.73 -0.46  1.17 -0.6   1.15  1.57  0.06
  1.73 -0.77  1.06 -1.72  6.43 -0.54  0.28 -0.02 -0.41] 
new state: [ 0.1   1.04  4.71  1.76  0.84  1.73 -0.46  1.17 -0.6   1.15  1.57  0.06
  1.73 -0.77  1.06 -1.72  6.43 -0.54  0.28 -0.02 -0.41] 
new state: [ 0.1   1.04  4.71  1.76  0.84  1.73 -0.46  1.17 -0.6   1.15  1.57  0.06
  1.73 -0.77  1.06 -1.72  6.43 -0.54  0.28 -0.02 -0.41] 
new state: [ 0.1   1.04  4.71  1.76  0.84  1.73 -0.46  1.17 -0.6   1.15  1.57  0.06
  1.73 -0.77  1.06 -1.72  6.43 -0.54  0.28 -0.02 -0.42] 
new state: [ 0.09  1.03  4.71  1.76  0.84  1.73 -0.46  1.16 -0.6   1.15  1.57  0.06
  1.73 -0.77  1.06 -1.72  6.43 -0.54  0.28 -0.02 -0.42] 
new state: [ 0.09  1.03  4.71  1.76  0.84  1.73 -0.46  1.16 -0.6   1.15  1.57  0.06
  1.73 -0.77  1.06 -1.72  6.43 -0.54  0.28 -0.02 -0.42] 
new state: [ 0.09  1.03  4.71  1.76  0.84  1.73 -0.46  1.16 -0.6   1.15  1.57  0.06
  1.73 -0.77  1.06 -1.72  6.43 -0.54  0.27 -0.02 -0.42] 
new state: [ 0.09  1.03  4.71  1.76  0.84  1.73 -0.46  1.16 -0.6   1.15  1.57  0.06
  1.73 -0.77  1.06 -1.72  6.43 -0.54  0.27 -0.03 -0.42] 
new state: [ 0.09  1.03  4.71  1.76  0.84  1.73 -0.46  1.16 -0.61  1.15  1.57  0.06
  1.73 -0.77  1.06 -1.72  6.43 -0.54  0.27 -0.03 -0.42] 
new state: [ 0.09  1.03  4.71  1.76  0.84  1.73 -0.46  1.16 -0.61  1.15  1.57  0.06
  1.73 -0.77  1.06 -1.72  6.43 -0.54  0.27 -0.03 -0.42] 
new state: [ 0.09  1.03  4.71  1.76  0.84  1.73 -0.46  1.16 -0.61  1.15  1.57  0.06
  1.73 -0.77  1.06 -1.72  6.43 -0.54  0.27 -0.03 -0.42] 
new state: [ 0.09  1.03  4.71  1.76  0.84  1.73 -0.46  1.16 -0.61  1.15  1.57  0.06
  1.73 -0.77  1.06 -1.72  6.43 -0.54  0.27 -0.03 -0.43] 
new state: [ 0.09  1.02  4.71  1.76  0.84  1.73 -0.46  1.16 -0.61  1.15  1.57  0.06
  1.73 -0.77  1.06 -1.72  6.43 -0.54  0.27 -0.03 -0.43] 
new state: [ 0.08  1.02  4.71  1.76  0.84  1.73 -0.46  1.16 -0.61  1.15  1.57  0.06
  1.73 -0.77  1.06 -1.72  6.43 -0.55  0.27 -0.03 -0.43] 
new state: [ 0.08  1.02  4.71  1.76  0.84  1.73 -0.46  1.16 -0.61  1.15  1.57  0.06
  1.73 -0.77  1.06 -1.72  6.43 -0.55  0.26 -0.03 -0.43] 
new state: [ 0.08  1.02  4.71  1.76  0.84  1.73 -0.46  1.16 -0.61  1.15  1.57  0.06
  1.73 -0.77  1.06 -1.72  6.43 -0.55  0.26 -0.03 -0.43] 
new state: [ 0.08  1.02  4.71  1.76  0.84  1.73 -0.46  1.16 -0.61  1.15  1.57  0.06
  1.73 -0.77  1.06 -1.72  6.43 -0.55  0.26 -0.03 -0.43] 
new state: [ 0.08  1.02  4.71  1.76  0.84  1.73 -0.46  1.15 -0.62  1.15  1.57  0.06
  1.73 -0.77  1.06 -1.72  6.43 -0.55  0.26 -0.03 -0.43] 
new state: [ 0.08  1.02  4.71  1.76  0.84  1.73 -0.46  1.15 -0.62  1.15  1.57  0.06
  1.73 -0.77  1.06 -1.72  6.43 -0.55  0.26 -0.04 -0.43] 
new state: [ 0.08  1.02  4.71  1.76  0.84  1.73 -0.46  1.15 -0.62  1.15  1.57  0.06
  1.73 -0.77  1.06 -1.72  6.43 -0.55  0.26 -0.04 -0.44] 
new state: [ 0.07  1.01  4.71  1.76  0.84  1.73 -0.46  1.15 -0.62  1.15  1.57  0.06
  1.73 -0.77  1.06 -1.72  6.43 -0.55  0.26 -0.04 -0.44] 
new state: [ 0.07  1.01  4.71  1.76  0.84  1.73 -0.46  1.15 -0.62  1.15  1.57  0.06
  1.73 -0.77  1.06 -1.72  6.43 -0.56  0.25 -0.04 -0.44] 
new state: [ 0.07  1.01  4.71  1.76  0.84  1.73 -0.46  1.15 -0.62  1.15  1.57  0.06
  1.73 -0.77  1.06 -1.72  6.43 -0.56  0.25 -0.04 -0.44] 
new state: [ 0.07  1.01  4.71  1.76  0.84  1.73 -0.46  1.15 -0.62  1.15  1.57  0.06
  1.73 -0.77  1.06 -1.72  6.43 -0.56  0.25 -0.04 -0.44] 
new state: [ 0.07  1.01  4.71  1.76  0.84  1.73 -0.46  1.15 -0.62  1.15  1.57  0.06
  1.73 -0.77  1.06 -1.72  6.43 -0.56  0.25 -0.04 -0.44] 
new state: [ 0.06  1.01  4.71  1.76  0.84  1.73 -0.46  1.15 -0.63  1.15  1.57  0.06
  1.73 -0.77  1.06 -1.72  6.43 -0.56  0.25 -0.04 -0.44] 
new state: [ 0.06  1.01  4.71  1.76  0.84  1.73 -0.46  1.15 -0.63  1.15  1.57  0.06
  1.73 -0.77  1.06 -1.72  6.43 -0.56  0.25 -0.05 -0.44] 
new state: [ 0.06  1.01  4.71  1.76  0.84  1.73 -0.46  1.14 -0.63  1.15  1.57  0.06
  1.73 -0.77  1.06 -1.72  6.43 -0.56  0.25 -0.05 -0.44] 
new state: [ 0.06  1.    4.71  1.76  0.84  1.73 -0.46  1.14 -0.63  1.15  1.57  0.06
  1.73 -0.77  1.06 -1.72  6.43 -0.57  0.25 -0.05 -0.44] 
new state: [ 0.06  1.    4.71  1.76  0.84  1.73 -0.46  1.14 -0.63  1.15  1.57  0.06
  1.73 -0.77  1.06 -1.72  6.43 -0.57  0.24 -0.05 -0.45] 
new state: [ 0.05  1.    4.71  1.76  0.84  1.73 -0.46  1.14 -0.63  1.15  1.57  0.06
  1.73 -0.77  1.06 -1.72  6.43 -0.57  0.24 -0.05 -0.45] 
new state: [ 0.05  1.    4.71  1.76  0.84  1.73 -0.46  1.14 -0.63  1.15  1.57  0.06
  1.73 -0.77  1.06 -1.72  6.43 -0.57  0.24 -0.05 -0.45] 
new state: [ 0.05  1.    4.71  1.76  0.84  1.73 -0.46  1.14 -0.63  1.15  1.57  0.06
  1.73 -0.77  1.06 -1.72  6.43 -0.57  0.24 -0.05 -0.45] 
new state: [ 0.05  1.    4.71  1.76  0.84  1.73 -0.46  1.14 -0.63  1.15  1.57  0.06
  1.73 -0.77  1.06 -1.72  6.43 -0.57  0.24 -0.06 -0.45] 
move to way point [0.         0.         4.71238898]
new state: [ 0.05  0.96  4.71  1.76  0.84  1.73 -0.46  1.13 -0.64  1.15  1.57  0.06
  1.73 -0.77  1.06 -1.72  6.43 -0.58  0.23 -0.06 -0.46] 
new state: [ 0.05  0.95  4.71  1.76  0.84  1.73 -0.46  1.13 -0.65  1.15  1.57  0.06
  1.73 -0.77  1.06 -1.72  6.43 -0.58  0.22 -0.06 -0.47] 
new state: [ 0.05  0.93  4.71  1.76  0.84  1.73 -0.46  1.13 -0.66  1.15  1.57  0.06
  1.73 -0.77  1.06 -1.72  6.43 -0.58  0.21 -0.06 -0.48] 
new state: [ 0.05  0.92  4.71  1.76  0.84  1.73 -0.46  1.13 -0.67  1.15  1.57  0.06
  1.73 -0.77  1.06 -1.72  6.43 -0.58  0.2  -0.06 -0.49] 
new state: [ 0.05  0.9   4.71  1.76  0.84  1.73 -0.46  1.13 -0.68  1.15  1.57  0.06
  1.73 -0.77  1.06 -1.72  6.43 -0.58  0.19 -0.06 -0.5 ] 
new state: [ 0.05  0.89  4.71  1.76  0.84  1.73 -0.46  1.13 -0.7   1.15  1.57  0.06
  1.73 -0.77  1.06 -1.72  6.43 -0.58  0.18 -0.06 -0.51] 
new state: [ 0.05  0.87  4.71  1.76  0.84  1.73 -0.46  1.13 -0.71  1.15  1.57  0.06
  1.73 -0.77  1.06 -1.72  6.43 -0.58  0.16 -0.06 -0.53] 
new state: [ 0.05  0.86  4.71  1.76  0.84  1.73 -0.46  1.13 -0.72  1.15  1.57  0.06
  1.73 -0.77  1.06 -1.72  6.43 -0.58  0.15 -0.06 -0.54] 
new state: [ 0.04  0.84  4.71  1.76  0.84  1.73 -0.46  1.13 -0.73  1.15  1.57  0.06
  1.73 -0.77  1.06 -1.72  6.43 -0.58  0.14 -0.06 -0.56] 
new state: [ 0.05  0.83  4.71  1.76  0.84  1.73 -0.46  1.14 -0.77  1.15  1.57  0.06
  1.73 -0.77  1.06 -1.72  6.43 -0.59  0.13 -0.07 -0.57] 
new state: [ 0.05  0.8   4.71  1.76  0.84  1.73 -0.46  1.13 -0.77  1.15  1.57  0.06
  1.73 -0.77  1.06 -1.72  6.43 -0.59  0.13 -0.07 -0.57] 
new state: [ 0.05  0.76  4.71  1.76  0.84  1.73 -0.46  1.13 -0.77  1.15  1.57  0.06
  1.73 -0.77  1.06 -1.72  6.43 -0.59  0.13 -0.07 -0.57] 
new state: [ 0.04  0.73  4.71  1.76  0.84  1.73 -0.46  1.15 -0.78  1.15  1.57  0.06
  1.73 -0.77  1.06 -1.72  6.43 -0.6   0.13 -0.07 -0.57] 
new state: [ 0.04  0.68  4.71  1.76  0.84  1.73 -0.46  1.14 -0.76  1.15  1.57  0.06
  1.73 -0.77  1.06 -1.72  6.43 -0.6   0.13 -0.07 -0.57] 
new state: [ 0.04  0.64  4.71  1.76  0.84  1.73 -0.46  1.14 -0.75  1.15  1.57  0.06
  1.73 -0.77  1.06 -1.72  6.43 -0.6   0.13 -0.07 -0.57] 
new state: [ 0.04  0.6   4.71  1.76  0.84  1.73 -0.46  1.14 -0.75  1.15  1.57  0.06
  1.73 -0.77  1.06 -1.72  6.43 -0.6   0.13 -0.07 -0.56] 
new state: [ 0.04  0.55  4.71  1.76  0.84  1.73 -0.46  1.14 -0.74  1.15  1.57  0.06
  1.73 -0.77  1.06 -1.72  6.43 -0.6   0.13 -0.07 -0.56] 
new state: [ 0.04  0.51  4.71  1.76  0.84  1.73 -0.46  1.14 -0.74  1.15  1.57  0.06
  1.73 -0.77  1.06 -1.72  6.43 -0.6   0.13 -0.07 -0.56] 
new state: [ 0.04  0.46  4.71  1.76  0.84  1.73 -0.46  1.13 -0.72  1.15  1.57  0.06
  1.73 -0.77  1.06 -1.72  6.43 -0.6   0.12 -0.07 -0.56] 
new state: [ 0.04  0.42  4.71  1.76  0.84  1.73 -0.46  1.13 -0.72  1.15  1.57  0.06
  1.73 -0.77  1.06 -1.72  6.43 -0.6   0.12 -0.07 -0.56] 
new state: [ 0.03  0.39  4.71  1.76  0.84  1.73 -0.46  1.13 -0.72  1.15  1.57  0.06
  1.73 -0.77  1.06 -1.72  6.43 -0.6   0.12 -0.07 -0.56] 
new state: [ 0.03  0.35  4.71  1.76  0.84  1.73 -0.46  1.13 -0.72  1.15  1.57  0.06
  1.73 -0.77  1.06 -1.72  6.43 -0.6   0.12 -0.07 -0.56] 
new state: [ 0.02  0.33  4.71  1.76  0.84  1.73 -0.46  1.14 -0.73  1.15  1.57  0.06
  1.73 -0.77  1.06 -1.72  6.43 -0.6   0.12 -0.07 -0.56] 
new state: [ 0.02  0.29  4.71  1.76  0.84  1.73 -0.46  1.14 -0.73  1.15  1.57  0.06
  1.73 -0.77  1.06 -1.72  6.43 -0.6   0.12 -0.07 -0.56] 
new state: [ 0.02  0.26  4.71  1.76  0.84  1.73 -0.46  1.14 -0.73  1.15  1.57  0.06
  1.73 -0.77  1.06 -1.72  6.43 -0.6   0.12 -0.07 -0.56] 
new state: [ 0.02  0.22  4.71  1.76  0.84  1.73 -0.46  1.14 -0.71  1.15  1.57  0.06
  1.73 -0.77  1.06 -1.72  6.43 -0.6   0.12 -0.07 -0.57] 
new state: [ 0.01  0.19  4.71  1.76  0.84  1.73 -0.46  1.14 -0.71  1.15  1.57  0.06
  1.73 -0.77  1.06 -1.72  6.43 -0.6   0.12 -0.07 -0.57] 
new state: [ 0.01  0.16  4.71  1.76  0.84  1.73 -0.46  1.14 -0.71  1.15  1.57  0.06
  1.73 -0.77  1.06 -1.72  6.43 -0.6   0.12 -0.07 -0.57] 
new state: [ 0.01  0.14  4.71  1.76  0.84  1.73 -0.46  1.14 -0.71  1.15  1.57  0.06
  1.73 -0.77  1.06 -1.72  6.43 -0.6   0.12 -0.07 -0.57] 
new state: [ 0.01  0.11  4.71  1.76  0.84  1.73 -0.46  1.14 -0.71  1.15  1.57  0.06
  1.73 -0.77  1.06 -1.72  6.43 -0.6   0.12 -0.07 -0.58] 
new state: [ 0.    0.08  4.71  1.76  0.84  1.73 -0.46  1.14 -0.71  1.15  1.57  0.06
  1.73 -0.77  1.06 -1.72  6.43 -0.6   0.12 -0.07 -0.58] 
new state: [ 0.    0.06  4.71  1.76  0.84  1.73 -0.46  1.14 -0.71  1.15  1.57  0.06
  1.73 -0.77  1.06 -1.72  6.43 -0.6   0.12 -0.07 -0.58] 
new state: [-0.    0.03  4.71  1.76  0.84  1.73 -0.46  1.14 -0.71  1.15  1.57  0.06
  1.73 -0.77  1.06 -1.72  6.43 -0.6   0.12 -0.06 -0.58] 
move to way point [0. 0. 0.]
new state: [-0.01  0.03  4.77  1.76  0.84  1.73 -0.46  1.14 -0.71  1.15  1.57  0.06
  1.73 -0.77  1.06 -1.72  6.43 -0.6   0.12 -0.06 -0.58] 
new state: [-0.02  0.02  4.83  1.76  0.84  1.73 -0.46  1.14 -0.71  1.15  1.57  0.06
  1.73 -0.77  1.06 -1.72  6.43 -0.6   0.12 -0.05 -0.57] 
new state: [-0.03  0.01  4.89  1.76  0.84  1.73 -0.46  1.14 -0.71  1.15  1.57  0.06
  1.73 -0.77  1.06 -1.72  6.43 -0.6   0.12 -0.04 -0.57] 
new state: [-0.04  0.01  4.95  1.76  0.84  1.73 -0.46  1.14 -0.71  1.15  1.57  0.06
  1.73 -0.77  1.06 -1.72  6.43 -0.6   0.12 -0.02 -0.56] 
new state: [-0.05 -0.    5.01  1.76  0.84  1.73 -0.46  1.14 -0.71  1.15  1.57  0.06
  1.73 -0.77  1.06 -1.72  6.43 -0.6   0.12 -0.01 -0.55] 
new state: [-0.06 -0.01  5.07  1.76  0.84  1.73 -0.46  1.14 -0.71  1.15  1.57  0.06
  1.73 -0.77  1.06 -1.72  6.43 -0.6   0.12  0.01 -0.54] 
new state: [-0.07 -0.02  5.12  1.76  0.84  1.73 -0.46  1.14 -0.71  1.15  1.57  0.06
  1.73 -0.77  1.06 -1.72  6.43 -0.6   0.12  0.02 -0.53] 
new state: [-0.07 -0.03  5.17  1.76  0.84  1.73 -0.46  1.14 -0.71  1.15  1.57  0.06
  1.73 -0.77  1.06 -1.72  6.43 -0.6   0.12  0.03 -0.51] 
new state: [-0.08 -0.04  5.22  1.76  0.84  1.73 -0.46  1.14 -0.71  1.15  1.57  0.06
  1.73 -0.77  1.06 -1.72  6.43 -0.6   0.12  0.04 -0.5 ] 
new state: [-0.08 -0.05  5.28  1.76  0.84  1.73 -0.46  1.14 -0.71  1.15  1.57  0.06
  1.73 -0.77  1.06 -1.72  6.43 -0.6   0.12  0.05 -0.49] 
new state: [-0.08 -0.05  5.33  1.76  0.84  1.73 -0.46  1.14 -0.71  1.15  1.57  0.06
  1.73 -0.77  1.06 -1.72  6.43 -0.6   0.12  0.05 -0.49] 
new state: [-0.07 -0.05  5.39  1.76  0.84  1.73 -0.46  1.14 -0.71  1.15  1.57  0.06
  1.73 -0.77  1.06 -1.72  6.43 -0.6   0.12  0.05 -0.49] 
new state: [-0.07 -0.04  5.44  1.76  0.84  1.73 -0.46  1.14 -0.71  1.15  1.57  0.06
  1.73 -0.77  1.06 -1.72  6.43 -0.6   0.12  0.05 -0.49] 
new state: [-0.06 -0.04  5.49  1.76  0.84  1.73 -0.46  1.14 -0.71  1.15  1.57  0.06
  1.73 -0.77  1.06 -1.72  6.43 -0.6   0.12  0.04 -0.49] 
new state: [-0.05 -0.04  5.55  1.76  0.84  1.73 -0.46  1.14 -0.71  1.15  1.57  0.06
  1.73 -0.77  1.06 -1.72  6.43 -0.6   0.12  0.04 -0.49] 
new state: [-0.04 -0.03  5.6   1.76  0.84  1.73 -0.46  1.14 -0.71  1.15  1.57  0.06
  1.73 -0.77  1.06 -1.72  6.43 -0.6   0.12  0.04 -0.49] 
new state: [-0.04 -0.03  5.66  1.76  0.84  1.73 -0.46  1.14 -0.71  1.15  1.57  0.06
  1.73 -0.77  1.06 -1.72  6.43 -0.6   0.12  0.03 -0.49] 
new state: [-0.02 -0.24  5.71  1.76  0.84  1.66  0.29  1.15 -0.88  1.15  1.57  0.06
  1.73 -0.77  1.06 -1.72  6.43 -0.59 -0.03  0.05 -0.7 ] 
new state: [-0.02 -0.21  5.76  1.76  0.84  1.67  0.29  1.15 -0.88  1.15  1.57  0.06
  1.73 -0.77  1.06 -1.72  6.43 -0.59 -0.03  0.05 -0.7 ] 
new state: [-0.03 -0.2   5.77  1.76  0.84  1.67  0.29  1.15 -0.88  1.15  1.57  0.06
  1.73 -0.77  1.06 -1.72  6.43 -0.59 -0.03  0.05 -0.7 ] 
new state: [-0.03 -0.18  5.8   1.76  0.84  1.68  0.28  1.15 -0.88  1.15  1.57  0.06
  1.73 -0.77  1.06 -1.72  6.43 -0.59 -0.03  0.05 -0.7 ] 
new state: [-0.03 -0.16  5.82  1.76  0.84  1.68  0.27  1.15 -0.88  1.15  1.57  0.06
  1.73 -0.77  1.06 -1.72  6.43 -0.59 -0.03  0.05 -0.7 ] 
new state: [-0.04 -0.14  5.84  1.76  0.84  1.69  0.25  1.15 -0.88  1.15  1.57  0.06
  1.73 -0.77  1.06 -1.72  6.43 -0.59 -0.03  0.05 -0.7 ] 
new state: [-0.04 -0.11  5.87  1.76  0.84  1.69  0.23  1.15 -0.88  1.15  1.57  0.06
  1.73 -0.77  1.06 -1.72  6.43 -0.59 -0.03  0.05 -0.7 ] 
new state: [-0.04 -0.09  5.89  1.76  0.84  1.7   0.21  1.15 -0.88  1.15  1.57  0.06
  1.73 -0.77  1.06 -1.72  6.43 -0.59 -0.03  0.05 -0.7 ] 
new state: [-0.04 -0.06  5.92  1.76  0.84  1.7   0.19  1.15 -0.88  1.15  1.57  0.06
  1.73 -0.77  1.06 -1.72  6.43 -0.59 -0.03  0.05 -0.7 ] 
new state: [-0.04 -0.03  5.94  1.76  0.84  1.7   0.16  1.15 -0.88  1.15  1.57  0.06
  1.73 -0.77  1.06 -1.72  6.43 -0.59 -0.03  0.05 -0.7 ] 
new state: [-0.03  0.    5.96  1.76  0.84  1.7   0.13  1.15 -0.88  1.15  1.57  0.06
  1.73 -0.77  1.06 -1.72  6.43 -0.59 -0.03  0.05 -0.7 ] 
new state: [-0.03  0.02  5.99  1.76  0.84  1.7   0.11  1.15 -0.88  1.15  1.57  0.06
  1.73 -0.77  1.06 -1.72  6.43 -0.59 -0.03  0.05 -0.7 ] 
new state: [-0.03  0.02  6.01  1.76  0.84  1.7   0.11  1.15 -0.88  1.15  1.57  0.06
  1.73 -0.77  1.06 -1.72  6.43 -0.59 -0.03  0.05 -0.7 ] 
new state: [-0.03  0.02  6.03  1.76  0.84  1.7   0.11  1.15 -0.88  1.15  1.57  0.06
  1.73 -0.77  1.06 -1.72  6.43 -0.59 -0.03  0.05 -0.7 ] 
new state: [-0.02  0.01  6.06  1.76  0.84  1.7   0.13  1.15 -0.88  1.15  1.57  0.06
  1.73 -0.77  1.06 -1.72  6.43 -0.59 -0.03  0.05 -0.7 ] 
new state: [-0.02 -0.    6.08  1.76  0.84  1.7   0.14  1.15 -0.88  1.15  1.57  0.06
  1.73 -0.77  1.06 -1.72  6.43 -0.59 -0.03  0.05 -0.7 ] 
new state: [-0.02 -0.01  6.1   1.76  0.84  1.7   0.16  1.15 -0.88  1.15  1.57  0.06
  1.73 -0.77  1.06 -1.72  6.43 -0.59 -0.03  0.05 -0.7 ] 
new state: [-0.02 -0.03  6.12  1.76  0.84  1.7   0.18  1.15 -0.88  1.15  1.57  0.06
  1.73 -0.77  1.06 -1.72  6.43 -0.59 -0.03  0.05 -0.7 ] 
new state: [-0.01 -0.04  6.14  1.76  0.84  1.69  0.2   1.15 -0.88  1.15  1.57  0.06
  1.73 -0.77  1.06 -1.72  6.43 -0.59 -0.03  0.05 -0.7 ] 
new state: [-0.01 -0.05  6.17  1.76  0.84  1.69  0.22  1.15 -0.88  1.15  1.57  0.06
  1.73 -0.77  1.06 -1.72  6.43 -0.59 -0.03  0.05 -0.7 ] 
new state: [-0.01 -0.07  6.19  1.76  0.84  1.69  0.24  1.15 -0.88  1.15  1.57  0.06
  1.73 -0.77  1.06 -1.72  6.43 -0.59 -0.03  0.05 -0.7 ] 
new state: [-0.   -0.08  6.21  1.76  0.84  1.69  0.26  1.15 -0.88  1.15  1.57  0.06
  1.73 -0.77  1.06 -1.72  6.43 -0.59 -0.03  0.05 -0.7 ] 
new state: [ 0.   -0.09  6.23  1.76  0.84  1.68  0.28  1.15 -0.88  1.15  1.57  0.06
  1.73 -0.77  1.06 -1.72  6.43 -0.59 -0.03  0.05 -0.7 ] 
new state: [ 0.01 -0.1   6.24  1.76  0.84  1.68  0.3   1.15 -0.88  1.15  1.57  0.06
  1.73 -0.77  1.06 -1.72  6.43 -0.59 -0.03  0.05 -0.7 ] 
new state: [ 0.01 -0.11  6.26  1.76  0.84  1.68  0.32  1.15 -0.88  1.15  1.57  0.06
  1.73 -0.77  1.06 -1.72  6.43 -0.59 -0.03  0.05 -0.7 ] 
new state: [ 0.02 -0.12  6.28  1.76  0.84  1.67  0.34  1.15 -0.88  1.15  1.57  0.06
  1.73 -0.77  1.06 -1.72  6.43 -0.59 -0.03  0.05 -0.7 ] 
new state: [ 0.02 -0.13  6.3   1.76  0.84  1.67  0.36  1.15 -0.88  1.15  1.57  0.06
  1.73 -0.77  1.06 -1.72  6.43 -0.59 -0.03  0.05 -0.7 ] 
new state: [ 0.02 -0.14  6.31  1.76  0.84  1.67  0.38  1.15 -0.88  1.15  1.57  0.06
  1.73 -0.77  1.06 -1.72  6.43 -0.59 -0.03  0.05 -0.7 ] 
new state: [ 0.03 -0.14  6.33  1.76  0.84  1.66  0.4   1.15 -0.88  1.15  1.57  0.06
  1.73 -0.77  1.06 -1.72  6.43 -0.59 -0.03  0.05 -0.7 ] 
new state: [ 0.03 -0.15  6.34  1.76  0.84  1.66  0.42  1.15 -0.88  1.15  1.57  0.06
  1.73 -0.77  1.06 -1.72  6.43 -0.59 -0.03  0.05 -0.7 ] 
new state: [ 0.04 -0.15  6.36  1.76  0.84  1.65  0.44  1.15 -0.88  1.15  1.57  0.06
  1.73 -0.77  1.06 -1.72  6.43 -0.59 -0.03  0.05 -0.7 ] 
new state: [ 0.04 -0.16  6.37  1.76  0.84  1.65  0.46  1.15 -0.88  1.15  1.57  0.06
  1.73 -0.77  1.06 -1.72  6.43 -0.59 -0.03  0.05 -0.7 ] 
new state: [ 0.04 -0.16  6.38  1.76  0.84  1.64  0.48  1.15 -0.88  1.15  1.57  0.06
  1.73 -0.77  1.06 -1.72  6.43 -0.59 -0.03  0.05 -0.7 ] 
new state: [ 0.05 -0.16  6.39  1.76  0.84  1.64  0.49  1.15 -0.88  1.15  1.57  0.06
  1.73 -0.77  1.06 -1.72  6.43 -0.59 -0.03  0.05 -0.7 ] 
new state: [ 0.05 -0.16  6.4   1.76  0.84  1.63  0.51  1.15 -0.88  1.15  1.57  0.06
  1.73 -0.77  1.06 -1.72  6.43 -0.59 -0.03  0.05 -0.7 ] 
new state: [ 0.05 -0.16  6.41  1.76  0.84  1.63  0.53  1.15 -0.88  1.15  1.57  0.06
  1.73 -0.77  1.06 -1.72  6.43 -0.59 -0.03  0.05 -0.7 ] 
new state: [ 0.05 -0.16  6.42  1.76  0.84  1.62  0.55  1.15 -0.88  1.15  1.57  0.06
  1.73 -0.77  1.06 -1.72  6.43 -0.59 -0.03  0.05 -0.7 ] 
new state: [ 0.06 -0.16  6.43  1.76  0.84  1.62  0.56  1.15 -0.88  1.15  1.57  0.06
  1.73 -0.77  1.06 -1.72  6.43 -0.59 -0.03  0.05 -0.7 ] 
new state: [ 0.06 -0.16  6.44  1.76  0.84  1.61  0.58  1.15 -0.88  1.15  1.57  0.06
  1.73 -0.77  1.06 -1.72  6.43 -0.59 -0.03  0.05 -0.7 ] 
new state: [ 0.06 -0.15  6.45  1.76  0.84  1.61  0.59  1.15 -0.88  1.15  1.57  0.06
  1.73 -0.77  1.06 -1.72  6.43 -0.59 -0.03  0.05 -0.7 ] 
new state: [ 0.06 -0.15  6.45  1.76  0.84  1.6   0.61  1.15 -0.88  1.15  1.57  0.06
  1.73 -0.77  1.06 -1.72  6.43 -0.59 -0.03  0.05 -0.7 ] 
new state: [ 0.06 -0.15  6.46  1.76  0.84  1.6   0.62  1.15 -0.88  1.15  1.57  0.06
  1.73 -0.77  1.06 -1.72  6.43 -0.59 -0.03  0.05 -0.7 ] 
new state: [ 0.06 -0.14  6.47  1.76  0.84  1.6   0.64  1.15 -0.88  1.15  1.57  0.06
  1.73 -0.77  1.06 -1.72  6.43 -0.59 -0.03  0.05 -0.7 ] 
new state: [ 0.06 -0.14  6.47  1.76  0.84  1.59  0.65  1.15 -0.88  1.15  1.57  0.06
  1.73 -0.77  1.06 -1.72  6.43 -0.59 -0.03  0.05 -0.7 ] 
new state: [ 0.06 -0.13  6.47  1.76  0.84  1.59  0.66  1.15 -0.88  1.15  1.57  0.06
  1.73 -0.77  1.06 -1.72  6.43 -0.59 -0.03  0.05 -0.7 ] 
new state: [ 0.06 -0.12  6.48  1.76  0.84  1.58  0.68  1.15 -0.88  1.15  1.57  0.06
  1.73 -0.77  1.06 -1.72  6.43 -0.59 -0.03  0.05 -0.7 ] 
new state: [ 0.06 -0.12  6.48  1.76  0.84  1.58  0.69  1.15 -0.88  1.15  1.57  0.06
  1.73 -0.77  1.06 -1.72  6.43 -0.59 -0.03  0.05 -0.7 ] 
new state: [ 0.06 -0.11  6.48  1.76  0.84  1.58  0.7   1.15 -0.88  1.15  1.57  0.06
  1.73 -0.77  1.06 -1.72  6.43 -0.59 -0.03  0.05 -0.7 ] 
new state: [ 0.06 -0.1   6.48  1.76  0.84  1.57  0.71  1.15 -0.88  1.15  1.57  0.06
  1.73 -0.77  1.06 -1.72  6.43 -0.59 -0.03  0.05 -0.7 ] 
new state: [ 0.06 -0.1   6.48  1.76  0.84  1.57  0.72  1.15 -0.88  1.15  1.57  0.06
  1.73 -0.77  1.06 -1.72  6.43 -0.59 -0.03  0.05 -0.7 ] 
new state: [ 0.06 -0.09  6.48  1.76  0.84  1.57  0.73  1.15 -0.88  1.15  1.57  0.06
  1.73 -0.77  1.06 -1.72  6.43 -0.59 -0.03  0.05 -0.7 ] 
new state: [ 0.05 -0.08  6.48  1.76  0.84  1.57  0.74  1.15 -0.88  1.15  1.57  0.06
  1.73 -0.77  1.06 -1.72  6.43 -0.59 -0.03  0.05 -0.7 ] 
new state: [ 0.05 -0.07  6.48  1.76  0.84  1.56  0.75  1.15 -0.88  1.15  1.57  0.06
  1.73 -0.77  1.06 -1.72  6.43 -0.59 -0.03  0.05 -0.7 ] 
new state: [ 0.05 -0.06  6.48  1.76  0.84  1.56  0.76  1.15 -0.88  1.15  1.57  0.06
  1.73 -0.77  1.06 -1.72  6.43 -0.59 -0.03  0.05 -0.7 ] 
new state: [ 0.05 -0.05  6.48  1.76  0.84  1.56  0.77  1.15 -0.88  1.15  1.57  0.06
  1.73 -0.77  1.06 -1.72  6.43 -0.59 -0.03  0.05 -0.7 ] 
new state: [ 0.04 -0.04  6.48  1.76  0.84  1.56  0.78  1.15 -0.88  1.15  1.57  0.06
  1.73 -0.77  1.06 -1.72  6.43 -0.59 -0.03  0.05 -0.7 ] 
new state: [ 0.04 -0.03  6.48  1.76  0.84  1.56  0.78  1.15 -0.88  1.15  1.57  0.06
  1.73 -0.77  1.06 -1.72  6.43 -0.59 -0.03  0.05 -0.7 ] 
new state: [ 0.04 -0.02  6.47  1.76  0.84  1.55  0.79  1.15 -0.88  1.15  1.57  0.06
  1.73 -0.77  1.06 -1.72  6.43 -0.59 -0.03  0.05 -0.7 ] 
new state: [ 0.03 -0.01  6.47  1.76  0.84  1.55  0.8   1.15 -0.88  1.15  1.57  0.06
  1.73 -0.77  1.06 -1.72  6.43 -0.59 -0.03  0.05 -0.7 ] 
new state: [ 0.03 -0.    6.47  1.76  0.84  1.55  0.8   1.15 -0.88  1.15  1.57  0.06
  1.73 -0.77  1.06 -1.72  6.43 -0.59 -0.03  0.05 -0.7 ] 
new state: [ 0.03  0.01  6.46  1.76  0.84  1.55  0.81  1.15 -0.88  1.15  1.57  0.06
  1.73 -0.77  1.06 -1.72  6.43 -0.59 -0.03  0.05 -0.7 ] 
new state: [ 0.02  0.02  6.46  1.76  0.84  1.55  0.81  1.15 -0.88  1.15  1.57  0.06
  1.73 -0.77  1.06 -1.72  6.43 -0.59 -0.03  0.05 -0.7 ] 
new state: [ 0.02  0.03  6.45  1.76  0.84  1.55  0.82  1.15 -0.88  1.15  1.57  0.06
  1.73 -0.77  1.06 -1.72  6.43 -0.59 -0.03  0.05 -0.7 ] 
new state: [ 0.02  0.04  6.45  1.76  0.84  1.55  0.82  1.15 -0.88  1.15  1.57  0.06
  1.73 -0.77  1.06 -1.72  6.43 -0.59 -0.03  0.05 -0.7 ] 
new state: [ 0.01  0.05  6.44  1.76  0.84  1.55  0.83  1.15 -0.88  1.15  1.57  0.06
  1.73 -0.77  1.06 -1.72  6.43 -0.59 -0.03  0.05 -0.7 ] 
new state: [ 0.01  0.06  6.44  1.76  0.84  1.55  0.83  1.15 -0.88  1.15  1.57  0.06
  1.73 -0.77  1.06 -1.72  6.43 -0.59 -0.03  0.05 -0.7 ] 
new state: [ 0.    0.07  6.43  1.76  0.84  1.55  0.83  1.15 -0.88  1.15  1.57  0.06
  1.73 -0.77  1.06 -1.72  6.43 -0.59 -0.03  0.05 -0.7 ] 
new state: [ 0.    0.08  6.43  1.76  0.84  1.55  0.83  1.15 -0.88  1.15  1.57  0.06
  1.73 -0.77  1.06 -1.72  6.43 -0.59 -0.03  0.05 -0.7 ] 
new state: [-0.    0.09  6.42  1.76  0.84  1.55  0.84  1.15 -0.88  1.15  1.57  0.06
  1.73 -0.77  1.06 -1.72  6.43 -0.59 -0.03  0.05 -0.7 ] 
new state: [-0.01  0.09  6.41  1.76  0.84  1.55  0.84  1.15 -0.88  1.15  1.57  0.06
  1.73 -0.77  1.06 -1.72  6.43 -0.59 -0.03  0.05 -0.7 ] 
new state: [-0.01  0.1   6.41  1.76  0.84  1.55  0.84  1.15 -0.88  1.15  1.57  0.06
  1.73 -0.77  1.06 -1.72  6.43 -0.59 -0.03  0.05 -0.7 ] 
new state: [-0.01  0.11  6.4   1.76  0.84  1.55  0.84  1.15 -0.88  1.15  1.57  0.06
  1.73 -0.77  1.06 -1.72  6.43 -0.59 -0.03  0.05 -0.7 ] 
new state: [-0.02  0.12  6.4   1.76  0.84  1.55  0.84  1.15 -0.88  1.15  1.57  0.06
  1.73 -0.77  1.06 -1.72  6.43 -0.59 -0.03  0.05 -0.7 ] 
new state: [-0.02  0.13  6.39  1.76  0.84  1.55  0.84  1.15 -0.88  1.15  1.57  0.06
  1.73 -0.77  1.06 -1.72  6.43 -0.59 -0.03  0.05 -0.7 ] 
new state: [-0.02  0.14  6.38  1.76  0.84  1.55  0.84  1.15 -0.88  1.15  1.57  0.06
  1.73 -0.77  1.06 -1.72  6.43 -0.59 -0.03  0.05 -0.7 ] 
new state: [-0.03  0.14  6.38  1.76  0.84  1.56  0.84  1.15 -0.88  1.15  1.57  0.06
  1.73 -0.77  1.06 -1.72  6.43 -0.59 -0.03  0.05 -0.7 ] 
new state: [-0.03  0.15  6.37  1.76  0.84  1.56  0.83  1.15 -0.88  1.15  1.57  0.06
  1.73 -0.77  1.06 -1.72  6.43 -0.59 -0.03  0.05 -0.7 ] 
new state: [-0.03  0.16  6.36  1.76  0.84  1.56  0.83  1.15 -0.88  1.15  1.57  0.06
  1.73 -0.77  1.06 -1.72  6.43 -0.59 -0.03  0.05 -0.7 ] 
new state: [-0.03  0.16  6.36  1.76  0.84  1.56  0.83  1.15 -0.88  1.15  1.57  0.06
  1.73 -0.77  1.06 -1.72  6.43 -0.59 -0.03  0.05 -0.7 ] 
new state: [-0.04  0.17  6.35  1.76  0.84  1.56  0.83  1.15 -0.88  1.15  1.57  0.06
  1.73 -0.77  1.06 -1.72  6.43 -0.59 -0.03  0.05 -0.7 ] 
new state: [-0.04  0.18  6.35  1.76  0.84  1.56  0.82  1.15 -0.88  1.15  1.57  0.06
  1.73 -0.77  1.06 -1.72  6.43 -0.59 -0.03  0.05 -0.7 ] 
new state: [-0.04  0.18  6.34  1.76  0.84  1.56  0.82  1.15 -0.88  1.15  1.57  0.06
  1.73 -0.77  1.06 -1.72  6.43 -0.59 -0.03  0.05 -0.7 ] 
new state: [-0.04  0.19  6.33  1.76  0.84  1.56  0.82  1.15 -0.88  1.15  1.57  0.06
  1.73 -0.77  1.06 -1.72  6.43 -0.59 -0.03  0.05 -0.7 ] 
new state: [-0.05  0.19  6.33  1.76  0.84  1.57  0.81  1.15 -0.88  1.15  1.57  0.06
  1.73 -0.77  1.06 -1.72  6.43 -0.59 -0.03  0.05 -0.7 ] 
new state: [-0.05  0.19  6.32  1.76  0.84  1.57  0.81  1.15 -0.88  1.15  1.57  0.06
  1.73 -0.77  1.06 -1.72  6.43 -0.59 -0.03  0.05 -0.7 ] 
new state: [-0.05  0.2   6.32  1.76  0.84  1.57  0.8   1.15 -0.88  1.15  1.57  0.06
  1.73 -0.77  1.06 -1.72  6.43 -0.59 -0.03  0.05 -0.7 ] 
new state: [-0.05  0.2   6.31  1.76  0.84  1.57  0.8   1.15 -0.88  1.15  1.57  0.06
  1.73 -0.77  1.06 -1.72  6.43 -0.59 -0.03  0.05 -0.7 ] 
new state: [-0.05  0.2   6.31  1.76  0.84  1.57  0.8   1.15 -0.88  1.15  1.57  0.06
  1.73 -0.77  1.06 -1.72  6.43 -0.59 -0.03  0.05 -0.7 ] 
new state: [-0.05  0.21  6.3   1.76  0.84  1.57  0.79  1.15 -0.88  1.15  1.57  0.06
  1.73 -0.77  1.06 -1.72  6.43 -0.59 -0.03  0.05 -0.7 ] 
new state: [-0.05  0.21  6.29  1.76  0.84  1.58  0.78  1.15 -0.88  1.15  1.57  0.06
  1.73 -0.77  1.06 -1.72  6.43 -0.59 -0.03  0.05 -0.7 ] 
new state: [-0.05  0.21  6.29  1.76  0.84  1.58  0.78  1.15 -0.88  1.15  1.57  0.06
  1.73 -0.77  1.06 -1.72  6.43 -0.59 -0.03  0.05 -0.7 ] 
new state: [-0.06  0.21  6.29  1.76  0.84  1.58  0.77  1.15 -0.88  1.15  1.57  0.06
  1.73 -0.77  1.06 -1.72  6.43 -0.59 -0.03  0.05 -0.7 ] 
new state: [-0.06  0.21  6.28  1.76  0.84  1.58  0.77  1.15 -0.88  1.15  1.57  0.06
  1.73 -0.77  1.06 -1.72  6.43 -0.59 -0.03  0.05 -0.7 ] 
new state: [-0.06  0.21  6.28  1.76  0.84  1.58  0.76  1.15 -0.88  1.15  1.57  0.06
  1.73 -0.77  1.06 -1.72  6.43 -0.59 -0.03  0.05 -0.7 ] 
new state: [-0.06  0.21  6.27  1.76  0.84  1.58  0.75  1.15 -0.88  1.15  1.57  0.06
  1.73 -0.77  1.06 -1.72  6.43 -0.59 -0.03  0.05 -0.7 ] 
new state: [-0.06  0.21  6.27  1.76  0.84  1.59  0.75  1.15 -0.88  1.15  1.57  0.06
  1.73 -0.77  1.06 -1.72  6.43 -0.59 -0.03  0.05 -0.7 ] 
new state: [-0.06  0.21  6.26  1.76  0.84  1.59  0.74  1.15 -0.88  1.15  1.57  0.06
  1.73 -0.77  1.06 -1.72  6.43 -0.59 -0.03  0.05 -0.7 ] 
new state: [-0.06  0.21  6.26  1.76  0.84  1.59  0.73  1.15 -0.88  1.15  1.57  0.06
  1.73 -0.77  1.06 -1.72  6.43 -0.59 -0.03  0.05 -0.7 ] 
new state: [-0.06  0.21  6.26  1.76  0.84  1.59  0.73  1.15 -0.88  1.15  1.57  0.06
  1.73 -0.77  1.06 -1.72  6.43 -0.59 -0.03  0.05 -0.7 ] 
new state: [-0.06  0.2   6.25  1.76  0.84  1.59  0.72  1.15 -0.88  1.15  1.57  0.06
  1.73 -0.77  1.06 -1.72  6.43 -0.59 -0.03  0.05 -0.7 ] 
new state: [-0.06  0.2   6.25  1.76  0.84  1.6   0.71  1.15 -0.88  1.15  1.57  0.06
  1.73 -0.77  1.06 -1.72  6.43 -0.59 -0.03  0.05 -0.7 ] 
new state: [-0.05  0.2   6.25  1.76  0.84  1.6   0.71  1.15 -0.88  1.15  1.57  0.06
  1.73 -0.77  1.06 -1.72  6.43 -0.59 -0.03  0.05 -0.7 ] 
new state: [-0.05  0.19  6.25  1.76  0.84  1.6   0.7   1.15 -0.88  1.15  1.57  0.06
  1.73 -0.77  1.06 -1.72  6.43 -0.59 -0.03  0.05 -0.7 ] 
new state: [-0.05  0.19  6.24  1.76  0.84  1.6   0.69  1.15 -0.88  1.15  1.57  0.06
  1.73 -0.77  1.06 -1.72  6.43 -0.59 -0.03  0.05 -0.7 ] 
new state: [-0.05  0.19  6.24  1.76  0.84  1.6   0.68  1.15 -0.88  1.15  1.57  0.06
  1.73 -0.77  1.06 -1.72  6.43 -0.59 -0.03  0.05 -0.7 ] 
new state: [-0.05  0.18  6.24  1.76  0.84  1.61  0.68  1.15 -0.88  1.15  1.57  0.06
  1.73 -0.77  1.06 -1.72  6.43 -0.59 -0.03  0.05 -0.7 ] 
new state: [-0.05  0.18  6.24  1.76  0.84  1.61  0.67  1.15 -0.88  1.15  1.57  0.06
  1.73 -0.77  1.06 -1.72  6.43 -0.59 -0.03  0.05 -0.7 ] 
new state: [-0.05  0.17  6.24  1.76  0.84  1.61  0.66  1.15 -0.88  1.15  1.57  0.06
  1.73 -0.77  1.06 -1.72  6.43 -0.59 -0.03  0.05 -0.7 ] 
new state: [-0.05  0.17  6.24  1.76  0.84  1.61  0.66  1.15 -0.88  1.15  1.57  0.06
  1.73 -0.77  1.06 -1.72  6.43 -0.59 -0.03  0.05 -0.7 ] 
new state: [-0.05  0.16  6.23  1.76  0.84  1.61  0.65  1.15 -0.88  1.15  1.57  0.06
  1.73 -0.77  1.06 -1.72  6.43 -0.59 -0.03  0.05 -0.7 ] 
new state: [-0.04  0.15  6.23  1.76  0.84  1.61  0.64  1.15 -0.88  1.15  1.57  0.06
  1.73 -0.77  1.06 -1.72  6.43 -0.59 -0.03  0.05 -0.7 ] 
new state: [-0.04  0.15  6.23  1.76  0.84  1.62  0.63  1.15 -0.88  1.15  1.57  0.06
  1.73 -0.77  1.06 -1.72  6.43 -0.59 -0.03  0.05 -0.7 ] 
new state: [-0.04  0.14  6.23  1.76  0.84  1.62  0.63  1.15 -0.88  1.15  1.57  0.06
  1.73 -0.77  1.06 -1.72  6.43 -0.59 -0.03  0.05 -0.7 ] 
new state: [-0.04  0.14  6.23  1.76  0.84  1.62  0.62  1.15 -0.88  1.15  1.57  0.06
  1.73 -0.77  1.06 -1.72  6.43 -0.59 -0.03  0.05 -0.7 ] 
new state: [-0.04  0.13  6.23  1.76  0.84  1.62  0.61  1.15 -0.88  1.15  1.57  0.06
  1.73 -0.77  1.06 -1.72  6.43 -0.59 -0.03  0.05 -0.7 ] 
new state: [-0.03  0.12  6.23  1.76  0.84  1.62  0.61  1.15 -0.88  1.15  1.57  0.06
  1.73 -0.77  1.06 -1.72  6.43 -0.59 -0.03  0.05 -0.7 ] 
new state: [-0.03  0.12  6.23  1.76  0.84  1.62  0.6   1.15 -0.88  1.15  1.57  0.06
  1.73 -0.77  1.06 -1.72  6.43 -0.59 -0.03  0.05 -0.7 ] 
new state: [-0.03  0.11  6.23  1.76  0.84  1.63  0.59  1.15 -0.88  1.15  1.57  0.06
  1.73 -0.77  1.06 -1.72  6.43 -0.59 -0.03  0.05 -0.7 ] 
new state: [-0.03  0.1   6.23  1.76  0.84  1.63  0.59  1.15 -0.88  1.15  1.57  0.06
  1.73 -0.77  1.06 -1.72  6.43 -0.59 -0.03  0.05 -0.7 ] 
new state: [-0.03  0.1   6.23  1.76  0.84  1.63  0.58  1.15 -0.88  1.15  1.57  0.06
  1.73 -0.77  1.06 -1.72  6.43 -0.59 -0.03  0.05 -0.7 ] 
new state: [-0.03  0.09  6.23  1.76  0.84  1.63  0.57  1.15 -0.88  1.15  1.57  0.06
  1.73 -0.77  1.06 -1.72  6.43 -0.59 -0.03  0.05 -0.7 ] 
new state: [-0.02  0.08  6.23  1.76  0.84  1.63  0.57  1.15 -0.88  1.15  1.57  0.06
  1.73 -0.77  1.06 -1.72  6.43 -0.59 -0.03  0.05 -0.7 ] 
new state: [-0.02  0.08  6.23  1.76  0.84  1.63  0.56  1.15 -0.88  1.15  1.57  0.06
  1.73 -0.77  1.06 -1.72  6.43 -0.59 -0.03  0.05 -0.7 ] 
new state: [-0.02  0.07  6.23  1.76  0.84  1.64  0.55  1.15 -0.88  1.15  1.57  0.06
  1.73 -0.77  1.06 -1.72  6.43 -0.59 -0.03  0.05 -0.7 ] 
new state: [-0.02  0.06  6.23  1.76  0.84  1.64  0.55  1.15 -0.88  1.15  1.57  0.06
  1.73 -0.77  1.06 -1.72  6.43 -0.59 -0.03  0.05 -0.7 ] 
new state: [-0.02  0.05  6.23  1.76  0.84  1.64  0.54  1.15 -0.88  1.15  1.57  0.06
  1.73 -0.77  1.06 -1.72  6.43 -0.59 -0.03  0.05 -0.7 ] 
new state: [-0.01  0.05  6.24  1.76  0.84  1.64  0.54  1.15 -0.88  1.15  1.57  0.06
  1.73 -0.77  1.06 -1.72  6.43 -0.59 -0.03  0.05 -0.7 ] 
new state: [-0.01  0.04  6.24  1.76  0.84  1.64  0.53  1.15 -0.88  1.15  1.57  0.06
  1.73 -0.77  1.06 -1.72  6.43 -0.59 -0.03  0.05 -0.7 ] 
new state: [-0.01  0.03  6.24  1.76  0.84  1.64  0.52  1.15 -0.88  1.15  1.57  0.06
  1.73 -0.77  1.06 -1.72  6.43 -0.59 -0.03  0.05 -0.7 ] 
new state: [-0.01  0.03  6.24  1.76  0.84  1.65  0.52  1.15 -0.88  1.15  1.57  0.06
  1.73 -0.77  1.06 -1.72  6.43 -0.59 -0.03  0.05 -0.7 ] 
new state: [-0.01  0.02  6.24  1.76  0.84  1.65  0.51  1.15 -0.88  1.15  1.57  0.06
  1.73 -0.77  1.06 -1.72  6.43 -0.59 -0.03  0.05 -0.7 ] 
move to way point [1. 0. 0.]
new state: [ 0.04  0.02  6.24  1.76  0.84  1.66  0.51  1.15 -0.88  1.15  1.57  0.06
  1.73 -0.77  1.06 -1.72  6.43 -0.59 -0.03  0.05 -0.7 ] 
new state: [ 0.07  0.02  6.24  1.76  0.84  1.67  0.51  1.15 -0.88  1.15  1.57  0.06
  1.73 -0.77  1.06 -1.72  6.43 -0.59 -0.03  0.05 -0.7 ] 
new state: [ 0.09  0.02  6.25  1.76  0.84  1.69  0.51  1.15 -0.88  1.15  1.57  0.06
  1.73 -0.77  1.06 -1.72  6.43 -0.59 -0.03  0.05 -0.7 ] 
new state: [ 0.12  0.02  6.25  1.76  0.84  1.71  0.51  1.15 -0.88  1.15  1.57  0.06
  1.73 -0.77  1.06 -1.72  6.43 -0.59 -0.03  0.05 -0.7 ] 
new state: [ 0.15  0.02  6.25  1.76  0.84  1.73  0.51  1.15 -0.88  1.15  1.57  0.06
  1.73 -0.77  1.06 -1.72  6.43 -0.59 -0.03  0.05 -0.7 ] 
new state: [ 0.17  0.02  6.25  1.76  0.84  1.75  0.51  1.15 -0.88  1.15  1.57  0.06
  1.73 -0.77  1.06 -1.72  6.43 -0.59 -0.03  0.05 -0.7 ] 
new state: [ 0.2   0.02  6.25  1.76  0.84  1.77  0.51  1.15 -0.88  1.15  1.57  0.06
  1.73 -0.77  1.06 -1.72  6.43 -0.59 -0.03  0.05 -0.7 ] 
new state: [ 0.23  0.01  6.26  1.76  0.84  1.8   0.51  1.15 -0.88  1.15  1.57  0.06
  1.73 -0.77  1.06 -1.72  6.43 -0.59 -0.03  0.05 -0.7 ] 
new state: [ 0.24  0.01  6.26  1.76  0.84  1.83  0.52  1.15 -0.88  1.15  1.57  0.06
  1.73 -0.77  1.06 -1.72  6.43 -0.59 -0.03  0.05 -0.7 ] 
new state: [ 0.28  0.01  6.26  1.76  0.84  1.85  0.52  1.15 -0.88  1.15  1.57  0.06
  1.73 -0.77  1.06 -1.72  6.43 -0.59 -0.03  0.05 -0.7 ] 
new state: [ 0.31  0.01  6.26  1.76  0.84  1.87  0.52  1.15 -0.88  1.15  1.57  0.06
  1.73 -0.77  1.06 -1.72  6.43 -0.59 -0.03  0.05 -0.7 ] 
new state: [ 0.35  0.01  6.26  1.76  0.84  1.88  0.52  1.15 -0.88  1.15  1.57  0.06
  1.73 -0.77  1.06 -1.72  6.43 -0.59 -0.03  0.05 -0.7 ] 
new state: [ 0.39  0.01  6.26  1.76  0.84  1.9   0.51  1.15 -0.88  1.15  1.57  0.06
  1.73 -0.77  1.06 -1.72  6.43 -0.59 -0.03  0.05 -0.7 ] 
new state: [ 0.44  0.01  6.27  1.76  0.84  1.9   0.51  1.15 -0.88  1.15  1.57  0.06
  1.73 -0.77  1.06 -1.72  6.43 -0.59 -0.03  0.05 -0.7 ] 
new state: [ 0.48  0.01  6.27  1.76  0.84  1.91  0.51  1.15 -0.88  1.15  1.57  0.06
  1.73 -0.77  1.06 -1.72  6.43 -0.59 -0.03  0.05 -0.7 ] 
new state: [ 0.52  0.01  6.27  1.76  0.84  1.92  0.51  1.15 -0.88  1.15  1.57  0.06
  1.73 -0.77  1.06 -1.72  6.43 -0.59 -0.03  0.05 -0.7 ] 
new state: [ 0.57  0.    6.27  1.76  0.84  1.93  0.51  1.15 -0.88  1.15  1.57  0.06
  1.73 -0.77  1.06 -1.72  6.43 -0.59 -0.03  0.05 -0.7 ] 
new state: [ 0.61  0.01  6.27  1.76  0.84  1.93  0.51  1.15 -0.88  1.15  1.57  0.06
  1.73 -0.77  1.06 -1.72  6.43 -0.59 -0.03  0.05 -0.7 ] 
new state: [ 0.65  0.01  6.27  1.76  0.84  1.94  0.51  1.15 -0.88  1.15  1.57  0.06
  1.73 -0.77  1.06 -1.72  6.43 -0.59 -0.03  0.05 -0.7 ] 
new state: [ 0.7   0.    6.28  1.76  0.84  1.94  0.51  1.15 -0.88  1.15  1.57  0.06
  1.73 -0.77  1.06 -1.72  6.43 -0.59 -0.03  0.05 -0.7 ] 
new state: [ 0.74  0.    6.28  1.76  0.84  1.95  0.51  1.15 -0.88  1.15  1.57  0.06
  1.73 -0.77  1.06 -1.72  6.43 -0.59 -0.03  0.05 -0.7 ] 
new state: [ 0.78  0.    6.28  1.76  0.84  1.96  0.51  1.15 -0.88  1.15  1.57  0.06
  1.73 -0.77  1.06 -1.72  6.43 -0.59 -0.03  0.05 -0.7 ] 
new state: [ 0.86  0.    6.28  1.76  0.84  1.96  0.51  1.15 -0.88  1.15  1.57  0.06
  1.73 -0.77  1.06 -1.72  6.43 -0.59 -0.03  0.05 -0.7 ] 
new state: [ 0.78 -0.2   6.28  1.76  0.84  1.85  0.31  1.4  -0.47  1.15  1.57  0.06
  1.73 -0.77  1.06 -1.72  6.43 -0.58 -0.03  0.04 -0.72] 
new state: [ 0.82 -0.17  6.28  1.76  0.84  1.85  0.31  1.41 -0.46  1.15  1.57  0.06
  1.73 -0.77  1.06 -1.72  6.43 -0.58 -0.03  0.04 -0.72] 
new state: [ 0.84 -0.18  6.28  1.76  0.84  1.84  0.32  1.4  -0.46  1.15  1.57  0.06
  1.73 -0.77  1.06 -1.72  6.43 -0.58 -0.03  0.04 -0.72] 
new state: [ 0.85 -0.17  6.28  1.76  0.84  1.84  0.32  1.39 -0.45  1.15  1.57  0.06
  1.73 -0.77  1.06 -1.72  6.43 -0.58 -0.03  0.04 -0.72] 
new state: [ 0.87 -0.17  6.28  1.76  0.84  1.83  0.32  1.38 -0.45  1.15  1.57  0.06
  1.73 -0.77  1.06 -1.72  6.43 -0.58 -0.03  0.04 -0.72] 
new state: [ 0.9  -0.17  6.28  1.76  0.84  1.82  0.33  1.38 -0.45  1.15  1.57  0.06
  1.73 -0.77  1.06 -1.72  6.43 -0.58 -0.03  0.04 -0.72] 
new state: [ 0.92 -0.17  6.28  1.76  0.84  1.82  0.33  1.36 -0.44  1.15  1.57  0.06
  1.73 -0.77  1.06 -1.72  6.43 -0.58 -0.03  0.04 -0.72] 
new state: [ 0.95 -0.16  6.28  1.76  0.84  1.8   0.33  1.35 -0.44  1.15  1.57  0.06
  1.73 -0.77  1.06 -1.72  6.43 -0.58 -0.03  0.04 -0.72] 
new state: [ 0.96 -0.16  6.28  1.76  0.84  1.8   0.33  1.34 -0.44  1.15  1.57  0.06
  1.73 -0.77  1.06 -1.72  6.43 -0.58 -0.03  0.04 -0.72] 
new state: [ 0.98 -0.15  6.28  1.76  0.84  1.8   0.33  1.33 -0.43  1.15  1.57  0.06
  1.73 -0.77  1.06 -1.72  6.43 -0.58 -0.03  0.04 -0.72] 
new state: [ 1.   -0.15  6.28  1.76  0.84  1.78  0.33  1.32 -0.43  1.15  1.57  0.06
  1.73 -0.77  1.06 -1.72  6.43 -0.58 -0.03  0.04 -0.72] 
new state: [ 1.01 -0.14  6.28  1.76  0.84  1.77  0.33  1.32 -0.42  1.15  1.57  0.06
  1.73 -0.77  1.06 -1.72  6.43 -0.58 -0.03  0.04 -0.72] 
new state: [ 1.02 -0.13  6.28  1.76  0.84  1.77  0.33  1.31 -0.42  1.15  1.57  0.06
  1.73 -0.77  1.06 -1.72  6.43 -0.58 -0.03  0.04 -0.72] 
new state: [ 1.03 -0.13  6.28  1.76  0.84  1.77  0.34  1.31 -0.42  1.15  1.57  0.06
  1.73 -0.77  1.06 -1.72  6.43 -0.58 -0.03  0.04 -0.72] 
new state: [ 1.03 -0.12  6.28  1.76  0.84  1.77  0.34  1.31 -0.41  1.15  1.57  0.06
  1.73 -0.77  1.06 -1.72  6.43 -0.58 -0.03  0.04 -0.72] 
new state: [ 1.03 -0.12  6.28  1.76  0.84  1.77  0.34  1.31 -0.41  1.15  1.57  0.06
  1.73 -0.77  1.06 -1.72  6.43 -0.58 -0.03  0.04 -0.72] 
new state: [ 1.03 -0.11  6.28  1.76  0.84  1.76  0.34  1.31 -0.41  1.15  1.57  0.06
  1.73 -0.77  1.06 -1.72  6.43 -0.58 -0.03  0.04 -0.72] 
new state: [ 1.03 -0.11  6.28  1.76  0.84  1.76  0.35  1.31 -0.4   1.15  1.57  0.06
  1.73 -0.77  1.06 -1.72  6.43 -0.58 -0.03  0.04 -0.72] 
new state: [ 1.03 -0.1   6.28  1.76  0.84  1.76  0.35  1.31 -0.4   1.15  1.57  0.06
  1.73 -0.77  1.06 -1.72  6.43 -0.58 -0.03  0.04 -0.72] 
new state: [ 1.03 -0.1   6.28  1.76  0.84  1.76  0.35  1.31 -0.4   1.15  1.57  0.06
  1.73 -0.77  1.06 -1.72  6.43 -0.58 -0.03  0.04 -0.72] 
new state: [ 1.03 -0.09  6.28  1.76  0.84  1.77  0.36  1.31 -0.39  1.15  1.57  0.06
  1.73 -0.77  1.06 -1.72  6.43 -0.58 -0.03  0.04 -0.72] 
new state: [ 1.03 -0.09  6.28  1.76  0.84  1.77  0.36  1.31 -0.39  1.15  1.57  0.06
  1.73 -0.77  1.06 -1.72  6.43 -0.58 -0.03  0.04 -0.72] 
new state: [ 1.03 -0.09  6.28  1.76  0.84  1.77  0.37  1.31 -0.38  1.15  1.57  0.06
  1.73 -0.77  1.06 -1.72  6.43 -0.58 -0.03  0.04 -0.72] 
new state: [ 1.03 -0.08  6.28  1.76  0.84  1.77  0.37  1.31 -0.38  1.15  1.57  0.06
  1.73 -0.77  1.06 -1.72  6.43 -0.58 -0.03  0.04 -0.72] 
new state: [ 1.03 -0.08  6.28  1.76  0.84  1.77  0.37  1.31 -0.38  1.15  1.57  0.06
  1.73 -0.77  1.06 -1.72  6.43 -0.58 -0.03  0.04 -0.72] 
new state: [ 1.03 -0.07  6.28  1.76  0.84  1.77  0.38  1.31 -0.37  1.15  1.57  0.06
  1.73 -0.77  1.06 -1.72  6.43 -0.58 -0.03  0.04 -0.72] 
new state: [ 1.03 -0.07  6.28  1.76  0.84  1.77  0.38  1.31 -0.37  1.15  1.57  0.06
  1.73 -0.77  1.06 -1.72  6.43 -0.58 -0.03  0.04 -0.72] 
new state: [ 1.03 -0.07  6.28  1.76  0.84  1.77  0.39  1.31 -0.36  1.15  1.57  0.06
  1.73 -0.77  1.06 -1.72  6.43 -0.58 -0.03  0.04 -0.72] 
new state: [ 1.03 -0.06  6.28  1.76  0.84  1.77  0.39  1.31 -0.36  1.15  1.57  0.06
  1.73 -0.77  1.06 -1.72  6.43 -0.58 -0.03  0.04 -0.72] 
new state: [ 1.03 -0.06  6.28  1.76  0.84  1.77  0.39  1.31 -0.35  1.15  1.57  0.06
  1.73 -0.77  1.06 -1.72  6.43 -0.58 -0.03  0.04 -0.72] 
new state: [ 1.03 -0.05  6.28  1.76  0.84  1.77  0.4   1.31 -0.35  1.15  1.57  0.06
  1.73 -0.77  1.06 -1.72  6.43 -0.58 -0.03  0.04 -0.72] 
new state: [ 1.03 -0.05  6.28  1.76  0.84  1.77  0.4   1.31 -0.35  1.15  1.57  0.06
  1.73 -0.77  1.06 -1.72  6.43 -0.58 -0.03  0.04 -0.72] 
new state: [ 1.03 -0.05  6.28  1.76  0.84  1.76  0.41  1.31 -0.34  1.15  1.57  0.06
  1.73 -0.77  1.06 -1.72  6.43 -0.58 -0.03  0.04 -0.72] 
new state: [ 1.03 -0.04  6.28  1.76  0.84  1.76  0.41  1.31 -0.34  1.15  1.57  0.06
  1.73 -0.77  1.06 -1.72  6.43 -0.58 -0.03  0.04 -0.72] 
new state: [ 1.03 -0.04  6.28  1.76  0.84  1.76  0.42  1.31 -0.33  1.15  1.57  0.06
  1.73 -0.77  1.06 -1.72  6.43 -0.58 -0.03  0.04 -0.72] 
move to way point [1.         0.         1.57079633]
new state: [ 1.03 -0.05  6.34  1.76  0.84  1.76  0.43  1.32 -0.33  1.15  1.57  0.06
  1.73 -0.77  1.06 -1.72  6.43 -0.58 -0.03  0.04 -0.72] 
new state: [ 1.03 -0.06  6.4   1.76  0.84  1.74  0.44  1.33 -0.33  1.15  1.57  0.06
  1.73 -0.77  1.06 -1.72  6.43 -0.58 -0.03  0.04 -0.72] 
new state: [ 1.04 -0.08  6.46  1.76  0.84  1.73  0.46  1.34 -0.32  1.15  1.57  0.06
  1.73 -0.77  1.06 -1.72  6.43 -0.58 -0.03  0.04 -0.72] 
new state: [ 1.04 -0.09  6.52  1.76  0.84  1.71  0.47  1.35 -0.32  1.15  1.57  0.06
  1.73 -0.77  1.06 -1.72  6.43 -0.58 -0.03  0.04 -0.72] 
new state: [ 1.05 -0.11  6.58  1.76  0.84  1.68  0.49  1.37 -0.32  1.15  1.57  0.06
  1.73 -0.77  1.06 -1.72  6.43 -0.58 -0.03  0.04 -0.72] 
new state: [ 1.06 -0.12  6.64  1.76  0.84  1.66  0.51  1.38 -0.31  1.15  1.57  0.06
  1.73 -0.77  1.06 -1.72  6.43 -0.58 -0.03  0.04 -0.72] 
new state: [ 1.06 -0.13  6.69  1.76  0.84  1.63  0.53  1.4  -0.31  1.15  1.57  0.06
  1.73 -0.77  1.06 -1.72  6.43 -0.58 -0.03  0.04 -0.72] 
new state: [ 1.07 -0.15  6.74  1.76  0.84  1.6   0.54  1.41 -0.3   1.15  1.57  0.06
  1.73 -0.77  1.06 -1.72  6.43 -0.58 -0.03  0.04 -0.72] 
new state: [ 1.08 -0.15  6.79  1.76  0.84  1.59  0.55  1.41 -0.31  1.15  1.57  0.06
  1.73 -0.77  1.06 -1.72  6.43 -0.58 -0.03  0.04 -0.72] 
new state: [ 1.07 -0.15  6.85  1.76  0.84  1.59  0.56  1.41 -0.31  1.15  1.57  0.06
  1.73 -0.77  1.06 -1.72  6.43 -0.58 -0.03  0.04 -0.72] 
new state: [ 1.07 -0.14  6.9   1.76  0.84  1.59  0.56  1.41 -0.31  1.15  1.57  0.06
  1.73 -0.77  1.06 -1.72  6.43 -0.58 -0.03  0.04 -0.72] 
new state: [ 1.06 -0.13  6.96  1.76  0.84  1.59  0.56  1.41 -0.31  1.15  1.57  0.06
  1.73 -0.77  1.06 -1.72  6.43 -0.58 -0.03  0.04 -0.72] 
new state: [ 1.05 -0.12  7.01  1.76  0.84  1.6   0.56  1.41 -0.31  1.15  1.57  0.06
  1.73 -0.77  1.06 -1.72  6.43 -0.58 -0.03  0.04 -0.72] 
new state: [ 1.04 -0.11  7.06  1.76  0.84  1.61  0.56  1.41 -0.31  1.15  1.57  0.06
  1.73 -0.77  1.06 -1.72  6.43 -0.58 -0.03  0.04 -0.72] 
new state: [ 1.03 -0.1   7.12  1.76  0.84  1.62  0.56  1.41 -0.31  1.15  1.57  0.06
  1.73 -0.77  1.06 -1.72  6.43 -0.58 -0.03  0.04 -0.72] 
new state: [ 1.02 -0.1   7.17  1.76  0.84  1.63  0.56  1.41 -0.31  1.15  1.57  0.06
  1.73 -0.77  1.06 -1.72  6.43 -0.58 -0.03  0.04 -0.72] 
new state: [ 1.01 -0.09  7.23  1.76  0.84  1.64  0.56  1.41 -0.31  1.15  1.57  0.06
  1.73 -0.77  1.06 -1.72  6.43 -0.58 -0.03  0.04 -0.72] 
new state: [ 0.99 -0.08  7.28  1.76  0.84  1.65  0.55  1.41 -0.31  1.15  1.57  0.06
  1.73 -0.77  1.06 -1.72  6.43 -0.58 -0.03  0.04 -0.72] 
new state: [ 1.14 -0.12  7.33  1.76  0.84  1.81  0.49  1.56 -0.36  0.44  1.84  0.06
  1.73 -0.75  1.05 -1.72  6.43 -0.5  -0.06  0.12 -0.75] 
new state: [ 1.1  -0.11  7.38  1.76  0.84  1.82  0.49  1.56 -0.36  0.44  1.84  0.06
  1.73 -0.75  1.05 -1.72  6.43 -0.5  -0.06  0.12 -0.75] 
new state: [ 1.09 -0.09  7.4   1.76  0.84  1.83  0.48  1.56 -0.36  0.44  1.84  0.06
  1.73 -0.75  1.05 -1.72  6.43 -0.5  -0.06  0.12 -0.75] 
new state: [ 1.04 -0.1   7.42  1.76  0.84  1.82  0.45  1.56 -0.36  0.5   1.87  0.06
  1.73 -0.75  1.05 -1.72  6.43 -0.5  -0.06  0.12 -0.75] 
new state: [ 1.   -0.09  7.44  1.76  0.84  1.82  0.43  1.56 -0.36  0.55  1.9   0.06
  1.73 -0.75  1.05 -1.72  6.43 -0.5  -0.06  0.12 -0.75] 
new state: [ 0.96 -0.07  7.46  1.76  0.84  1.81  0.4   1.56 -0.36  0.6   1.91  0.06
  1.73 -0.75  1.05 -1.72  6.43 -0.5  -0.06  0.12 -0.75] 
new state: [ 0.91 -0.06  7.48  1.76  0.84  1.8   0.37  1.56 -0.36  0.67  1.93  0.06
  1.73 -0.75  1.05 -1.72  6.43 -0.5  -0.06  0.12 -0.75] 
new state: [ 0.89 -0.05  7.5   1.76  0.84  1.79  0.34  1.56 -0.36  0.71  1.95  0.06
  1.73 -0.75  1.05 -1.72  6.43 -0.5  -0.06  0.12 -0.75] 
new state: [ 0.89 -0.06  7.52  1.76  0.84  1.82  0.33  1.6  -0.37  0.82  1.95 -0.18
  1.79 -0.74  1.05 -1.72  6.43 -0.48 -0.06  0.15 -0.76] 
new state: [ 0.83 -0.06  7.55  1.76  0.84  1.82  0.33  1.6  -0.37  0.9   1.95 -0.2
  1.79 -0.74  1.05 -1.72  6.43 -0.48 -0.06  0.15 -0.76] 
new state: [ 0.8  -0.12  7.57  1.71  1.26  1.82  0.27  1.61 -0.43  0.94  1.88 -0.19
  1.74 -0.74  1.04 -1.72  6.43 -0.48 -0.1   0.15 -0.79] 
new state: [ 0.8  -0.12  7.59  1.7   1.26  1.82  0.27  1.61 -0.43  0.96  1.87 -0.19
  1.75 -0.74  1.04 -1.72  6.43 -0.48 -0.1   0.16 -0.79] 
new state: [ 0.82 -0.12  7.61  1.69  1.27  1.82  0.27  1.61 -0.43  0.97  1.87 -0.19
  1.75 -0.74  1.04 -1.72  6.43 -0.48 -0.1   0.16 -0.79] 
new state: [ 0.84 -0.11  7.63  1.68  1.29  1.82  0.27  1.61 -0.43  0.98  1.87 -0.2
  1.74 -0.74  1.04 -1.72  6.43 -0.48 -0.1   0.16 -0.79] 
new state: [ 0.86 -0.11  7.65  1.68  1.3   1.82  0.27  1.61 -0.43  0.98  1.87 -0.21
  1.73 -0.74  1.04 -1.72  6.43 -0.48 -0.1   0.16 -0.79] 
new state: [ 0.88 -0.11  7.67  1.67  1.32  1.82  0.27  1.61 -0.43  0.97  1.88 -0.21
  1.72 -0.74  1.04 -1.72  6.43 -0.48 -0.1   0.16 -0.79] 
new state: [ 0.91 -0.1   7.69  1.66  1.33  1.82  0.27  1.61 -0.43  0.96  1.88 -0.22
  1.71 -0.74  1.04 -1.72  6.43 -0.48 -0.1   0.16 -0.79] 
new state: [ 0.93 -0.1   7.71  1.66  1.35  1.82  0.27  1.61 -0.43  0.96  1.88 -0.23
  1.69 -0.74  1.04 -1.72  6.43 -0.48 -0.1   0.16 -0.79] 
new state: [ 0.93 -0.1   7.73  1.66  1.35  1.82  0.27  1.61 -0.43  0.96  1.89 -0.23
  1.69 -0.74  1.04 -1.72  6.43 -0.48 -0.1   0.16 -0.79] 
new state: [ 0.92 -0.09  7.75  1.67  1.35  1.82  0.27  1.61 -0.43  0.97  1.88 -0.22
  1.69 -0.74  1.04 -1.72  6.43 -0.48 -0.1   0.16 -0.79] 
new state: [ 0.92 -0.09  7.77  1.67  1.35  1.82  0.27  1.61 -0.43  0.98  1.89 -0.22
  1.69 -0.74  1.04 -1.72  6.43 -0.48 -0.1   0.16 -0.79] 
new state: [ 0.91 -0.08  7.78  1.67  1.35  1.82  0.27  1.61 -0.43  0.98  1.89 -0.22
  1.7  -0.74  1.04 -1.72  6.43 -0.48 -0.1   0.16 -0.79] 
new state: [ 0.9  -0.07  7.8   1.68  1.35  1.82  0.27  1.61 -0.43  0.99  1.89 -0.21
  1.7  -0.74  1.04 -1.72  6.43 -0.48 -0.1   0.16 -0.79] 
new state: [ 0.9  -0.07  7.82  1.68  1.35  1.82  0.27  1.61 -0.43  0.99  1.89 -0.21
  1.71 -0.74  1.04 -1.72  6.43 -0.48 -0.1   0.16 -0.79] 
new state: [ 0.89 -0.07  7.84  1.68  1.34  1.82  0.27  1.61 -0.43  1.01  1.89 -0.2
  1.72 -0.74  1.04 -1.72  6.43 -0.48 -0.1   0.16 -0.79] 
new state: [ 0.89 -0.06  7.85  1.69  1.34  1.82  0.27  1.61 -0.43  1.01  1.89 -0.19
  1.73 -0.74  1.04 -1.72  6.43 -0.48 -0.1   0.16 -0.79] 
new state: [ 0.89 -0.06  7.87  1.69  1.34  1.82  0.27  1.61 -0.43  1.01  1.89 -0.19
  1.73 -0.74  1.04 -1.72  6.43 -0.48 -0.1   0.16 -0.79] 
new state: [ 0.91 -0.06  7.88  1.69  1.34  1.82  0.27  1.61 -0.43  1.01  1.89 -0.19
  1.73 -0.74  1.04 -1.72  6.43 -0.48 -0.1   0.16 -0.79] 
new state: [ 0.92 -0.05  7.89  1.69  1.35  1.82  0.27  1.61 -0.43  1.01  1.9  -0.19
  1.72 -0.74  1.04 -1.72  6.43 -0.48 -0.1   0.16 -0.79] 
new state: [ 0.94 -0.05  7.91  1.69  1.36  1.82  0.27  1.61 -0.43  1.01  1.9  -0.19
  1.72 -0.74  1.04 -1.72  6.43 -0.48 -0.1   0.16 -0.79] 
new state: [ 0.95 -0.04  7.92  1.69  1.37  1.82  0.27  1.61 -0.43  1.    1.9  -0.2
  1.71 -0.74  1.04 -1.72  6.43 -0.48 -0.1   0.16 -0.79] 
new state: [ 0.97 -0.04  7.93  1.69  1.38  1.82  0.27  1.61 -0.43  1.    1.91 -0.2
  1.7  -0.74  1.04 -1.72  6.43 -0.48 -0.1   0.16 -0.79] 
new state: [ 0.99 -0.04  7.94  1.69  1.39  1.82  0.27  1.61 -0.43  0.99  1.91 -0.2
  1.69 -0.74  1.04 -1.72  6.43 -0.48 -0.1   0.16 -0.79] 
new state: [ 1.   -0.03  7.95  1.69  1.4   1.82  0.27  1.61 -0.43  0.98  1.91 -0.21
  1.68 -0.74  1.04 -1.72  6.43 -0.48 -0.1   0.16 -0.79] 
new state: [ 1.02 -0.03  7.96  1.69  1.41  1.82  0.27  1.61 -0.43  0.98  1.91 -0.21
  1.67 -0.74  1.04 -1.72  6.43 -0.48 -0.1   0.16 -0.79] 
new state: [ 1.03 -0.03  7.97  1.68  1.42  1.82  0.27  1.61 -0.43  0.97  1.92 -0.21
  1.67 -0.74  1.04 -1.72  6.43 -0.48 -0.1   0.16 -0.79] 
new state: [ 1.04 -0.02  7.98  1.68  1.43  1.82  0.27  1.61 -0.43  0.97  1.92 -0.22
  1.66 -0.74  1.04 -1.72  6.43 -0.48 -0.1   0.16 -0.79] 
new state: [ 1.06 -0.02  7.99  1.68  1.44  1.82  0.27  1.61 -0.43  0.96  1.92 -0.22
  1.65 -0.74  1.04 -1.72  6.43 -0.48 -0.1   0.16 -0.79] 
new state: [ 1.07 -0.01  8.    1.68  1.45  1.82  0.27  1.61 -0.43  0.96  1.92 -0.22
  1.64 -0.74  1.04 -1.72  6.43 -0.48 -0.1   0.16 -0.79] 
new state: [ 1.08 -0.01  8.    1.68  1.46  1.82  0.27  1.61 -0.43  0.95  1.93 -0.22
  1.64 -0.74  1.04 -1.72  6.43 -0.48 -0.1   0.16 -0.79] 
new state: [ 1.08 -0.01  8.01  1.68  1.47  1.82  0.27  1.61 -0.43  0.95  1.93 -0.23
  1.63 -0.74  1.04 -1.72  6.43 -0.48 -0.1   0.16 -0.79] 
new state: [ 1.09 -0.01  8.01  1.68  1.47  1.82  0.27  1.61 -0.43  0.95  1.93 -0.23
  1.63 -0.74  1.04 -1.72  6.43 -0.48 -0.1   0.16 -0.79] 
new state: [ 1.1  -0.    8.02  1.68  1.48  1.82  0.27  1.61 -0.43  0.94  1.93 -0.23
  1.62 -0.74  1.04 -1.72  6.43 -0.48 -0.1   0.16 -0.79] 
new state: [ 1.1   0.    8.02  1.68  1.49  1.82  0.27  1.61 -0.43  0.94  1.94 -0.23
  1.62 -0.74  1.04 -1.72  6.43 -0.48 -0.1   0.16 -0.79] 
new state: [ 1.11  0.    8.03  1.68  1.49  1.82  0.27  1.61 -0.43  0.94  1.94 -0.23
  1.61 -0.74  1.04 -1.72  6.43 -0.48 -0.1   0.16 -0.79] 
new state: [ 1.11  0.01  8.03  1.68  1.5   1.82  0.27  1.61 -0.43  0.93  1.94 -0.23
  1.61 -0.74  1.04 -1.72  6.43 -0.48 -0.1   0.16 -0.79] 
new state: [ 1.12  0.01  8.03  1.68  1.5   1.82  0.27  1.61 -0.43  0.93  1.94 -0.23
  1.61 -0.74  1.04 -1.72  6.43 -0.48 -0.1   0.16 -0.79] 
new state: [ 1.12  0.01  8.03  1.68  1.51  1.82  0.27  1.61 -0.43  0.93  1.95 -0.23
  1.61 -0.74  1.04 -1.72  6.43 -0.48 -0.1   0.16 -0.79] 
new state: [ 1.12  0.01  8.03  1.68  1.51  1.82  0.27  1.61 -0.43  0.93  1.95 -0.24
  1.61 -0.74  1.04 -1.72  6.43 -0.48 -0.1   0.16 -0.79] 
new state: [ 1.12  0.02  8.03  1.68  1.52  1.82  0.27  1.61 -0.43  0.93  1.95 -0.24
  1.61 -0.74  1.04 -1.72  6.43 -0.48 -0.1   0.16 -0.79] 
new state: [ 1.12  0.02  8.03  1.68  1.52  1.82  0.27  1.61 -0.43  0.93  1.95 -0.24
  1.61 -0.74  1.04 -1.72  6.43 -0.48 -0.1   0.16 -0.79] 
new state: [ 1.12  0.02  8.03  1.68  1.52  1.82  0.27  1.61 -0.43  0.93  1.95 -0.24
  1.61 -0.74  1.04 -1.72  6.43 -0.48 -0.1   0.16 -0.79] 
new state: [ 1.12  0.02  8.03  1.68  1.53  1.82  0.27  1.61 -0.43  0.92  1.96 -0.24
  1.61 -0.74  1.04 -1.72  6.43 -0.48 -0.1   0.16 -0.79] 
new state: [ 1.12  0.02  8.03  1.68  1.53  1.82  0.27  1.61 -0.43  0.92  1.96 -0.24
  1.61 -0.74  1.04 -1.72  6.43 -0.48 -0.1   0.16 -0.79] 
new state: [ 1.12  0.02  8.03  1.68  1.53  1.82  0.27  1.61 -0.43  0.92  1.96 -0.24
  1.61 -0.74  1.04 -1.72  6.43 -0.48 -0.1   0.16 -0.79] 
new state: [ 1.11  0.02  8.03  1.68  1.53  1.82  0.27  1.61 -0.43  0.92  1.96 -0.24
  1.61 -0.74  1.04 -1.72  6.43 -0.48 -0.1   0.16 -0.79] 
new state: [ 1.11  0.03  8.03  1.68  1.53  1.82  0.27  1.61 -0.43  0.92  1.96 -0.24
  1.62 -0.74  1.04 -1.72  6.43 -0.48 -0.1   0.16 -0.79] 
new state: [ 1.11  0.03  8.02  1.68  1.53  1.82  0.27  1.61 -0.43  0.93  1.96 -0.24
  1.62 -0.74  1.04 -1.72  6.43 -0.48 -0.1   0.16 -0.79] 
new state: [ 1.1   0.03  8.02  1.68  1.53  1.82  0.27  1.61 -0.43  0.93  1.97 -0.24
  1.62 -0.74  1.04 -1.72  6.43 -0.48 -0.1   0.16 -0.79] 
new state: [ 1.1   0.03  8.02  1.68  1.53  1.82  0.27  1.61 -0.43  0.93  1.97 -0.24
  1.63 -0.74  1.04 -1.72  6.43 -0.48 -0.1   0.16 -0.79] 
new state: [ 1.09  0.03  8.01  1.68  1.53  1.82  0.27  1.61 -0.43  0.93  1.97 -0.24
  1.63 -0.74  1.04 -1.72  6.43 -0.48 -0.1   0.16 -0.79] 
new state: [ 1.09  0.03  8.01  1.68  1.53  1.82  0.27  1.61 -0.43  0.93  1.97 -0.24
  1.64 -0.74  1.04 -1.72  6.43 -0.48 -0.1   0.16 -0.79] 
new state: [ 1.08  0.03  8.01  1.68  1.53  1.82  0.27  1.61 -0.43  0.93  1.97 -0.24
  1.64 -0.74  1.04 -1.72  6.43 -0.48 -0.1   0.16 -0.79] 
new state: [ 1.08  0.03  8.    1.68  1.53  1.82  0.27  1.61 -0.43  0.93  1.97 -0.24
  1.65 -0.74  1.04 -1.72  6.43 -0.48 -0.1   0.16 -0.79] 
new state: [ 1.07  0.03  8.    1.68  1.53  1.82  0.27  1.61 -0.43  0.94  1.97 -0.23
  1.65 -0.74  1.04 -1.72  6.43 -0.48 -0.1   0.16 -0.79] 
new state: [ 1.06  0.03  7.99  1.68  1.52  1.82  0.27  1.61 -0.43  0.94  1.98 -0.23
  1.66 -0.74  1.04 -1.72  6.43 -0.48 -0.1   0.16 -0.79] 
new state: [ 1.06  0.03  7.99  1.68  1.52  1.82  0.27  1.61 -0.43  0.94  1.98 -0.23
  1.67 -0.74  1.04 -1.72  6.43 -0.48 -0.1   0.16 -0.79] 
new state: [ 1.05  0.03  7.98  1.68  1.52  1.82  0.27  1.61 -0.43  0.94  1.98 -0.23
  1.67 -0.74  1.04 -1.72  6.43 -0.48 -0.1   0.16 -0.79] 
new state: [ 1.04  0.03  7.98  1.68  1.52  1.82  0.27  1.61 -0.43  0.95  1.98 -0.23
  1.68 -0.74  1.04 -1.72  6.43 -0.48 -0.1   0.16 -0.79] 
new state: [ 1.03  0.03  7.97  1.68  1.51  1.82  0.27  1.61 -0.43  0.95  1.98 -0.23
  1.68 -0.74  1.04 -1.72  6.43 -0.48 -0.1   0.16 -0.79] 
new state: [ 1.03  0.03  7.97  1.68  1.51  1.82  0.27  1.61 -0.43  0.95  1.98 -0.23
  1.69 -0.74  1.04 -1.72  6.43 -0.48 -0.1   0.16 -0.79] 
new state: [ 1.02  0.03  7.96  1.68  1.51  1.82  0.27  1.61 -0.43  0.95  1.98 -0.23
  1.7  -0.74  1.04 -1.72  6.43 -0.48 -0.1   0.16 -0.79] 
new state: [ 1.01  0.03  7.95  1.68  1.5   1.82  0.27  1.61 -0.43  0.96  1.98 -0.22
  1.71 -0.74  1.04 -1.72  6.43 -0.48 -0.1   0.16 -0.79] 
new state: [ 1.01  0.03  7.95  1.68  1.5   1.82  0.27  1.61 -0.43  0.96  1.98 -0.22
  1.71 -0.74  1.04 -1.72  6.43 -0.48 -0.1   0.16 -0.79] 
new state: [ 1.    0.03  7.94  1.68  1.5   1.82  0.27  1.61 -0.43  0.96  1.98 -0.22
  1.72 -0.74  1.04 -1.72  6.43 -0.48 -0.1   0.16 -0.79] 
new state: [ 0.99  0.03  7.94  1.68  1.49  1.82  0.27  1.61 -0.43  0.97  1.98 -0.22
  1.73 -0.74  1.04 -1.72  6.43 -0.48 -0.1   0.16 -0.79] 
new state: [ 0.98  0.03  7.93  1.68  1.49  1.82  0.27  1.61 -0.43  0.97  1.98 -0.22
  1.73 -0.74  1.04 -1.72  6.43 -0.48 -0.1   0.16 -0.79] 
new state: [ 0.98  0.03  7.93  1.69  1.49  1.82  0.27  1.61 -0.43  0.97  1.98 -0.21
  1.74 -0.74  1.04 -1.72  6.43 -0.48 -0.1   0.16 -0.79] 
new state: [ 0.97  0.03  7.92  1.69  1.48  1.82  0.27  1.61 -0.43  0.98  1.98 -0.21
  1.75 -0.74  1.04 -1.72  6.43 -0.48 -0.1   0.16 -0.79] 
new state: [ 0.96  0.03  7.91  1.69  1.48  1.82  0.27  1.61 -0.43  0.98  1.98 -0.21
  1.75 -0.74  1.04 -1.72  6.43 -0.48 -0.1   0.16 -0.79] 
new state: [ 0.96  0.03  7.91  1.69  1.48  1.82  0.27  1.61 -0.43  0.99  1.98 -0.21
  1.76 -0.74  1.04 -1.72  6.43 -0.48 -0.1   0.16 -0.79] 
new state: [ 0.95  0.03  7.9   1.69  1.47  1.82  0.27  1.61 -0.43  0.99  1.98 -0.2
  1.77 -0.74  1.04 -1.72  6.43 -0.48 -0.1   0.16 -0.79] 
new state: [ 0.95  0.04  7.9   1.69  1.47  1.82  0.27  1.61 -0.43  0.99  1.98 -0.2
  1.77 -0.74  1.04 -1.72  6.43 -0.48 -0.1   0.16 -0.79] 
new state: [ 0.94  0.04  7.89  1.69  1.47  1.82  0.27  1.61 -0.43  1.    1.99 -0.2
  1.78 -0.74  1.04 -1.72  6.43 -0.48 -0.1   0.16 -0.79] 
new state: [ 0.93  0.04  7.89  1.69  1.46  1.82  0.27  1.61 -0.43  1.    1.99 -0.19
  1.79 -0.74  1.04 -1.72  6.43 -0.48 -0.1   0.16 -0.79] 
new state: [ 0.93  0.04  7.88  1.69  1.46  1.82  0.27  1.61 -0.43  1.01  1.99 -0.19
  1.79 -0.74  1.04 -1.72  6.43 -0.48 -0.1   0.16 -0.79] 
new state: [ 0.92  0.04  7.88  1.7   1.46  1.82  0.27  1.61 -0.43  1.01  1.99 -0.19
  1.8  -0.74  1.04 -1.72  6.43 -0.48 -0.1   0.16 -0.79] 
new state: [ 0.92  0.04  7.87  1.7   1.45  1.82  0.27  1.61 -0.43  1.01  1.99 -0.18
  1.81 -0.74  1.04 -1.72  6.43 -0.48 -0.1   0.16 -0.79] 
new state: [ 0.91  0.04  7.87  1.7   1.45  1.82  0.27  1.61 -0.43  1.02  1.99 -0.18
  1.81 -0.74  1.04 -1.72  6.43 -0.48 -0.1   0.16 -0.79] 
new state: [ 0.91  0.04  7.86  1.7   1.45  1.82  0.27  1.61 -0.43  1.02  1.99 -0.18
  1.82 -0.74  1.04 -1.72  6.43 -0.48 -0.1   0.16 -0.79] 
new state: [ 0.91  0.04  7.86  1.7   1.44  1.82  0.27  1.61 -0.43  1.03  1.99 -0.17
  1.82 -0.74  1.04 -1.72  6.43 -0.48 -0.1   0.16 -0.79] 
new state: [ 0.9   0.04  7.86  1.7   1.44  1.82  0.27  1.61 -0.43  1.03  1.99 -0.17
  1.83 -0.74  1.04 -1.72  6.43 -0.48 -0.1   0.16 -0.79] 
new state: [ 0.9   0.04  7.85  1.71  1.44  1.82  0.27  1.61 -0.43  1.04  1.99 -0.17
  1.83 -0.74  1.04 -1.72  6.43 -0.48 -0.1   0.16 -0.79] 
new state: [ 0.89  0.04  7.85  1.71  1.43  1.82  0.27  1.61 -0.43  1.04  1.99 -0.16
  1.84 -0.74  1.04 -1.72  6.43 -0.48 -0.1   0.16 -0.79] 
new state: [ 0.89  0.04  7.84  1.71  1.43  1.82  0.27  1.61 -0.43  1.04  1.99 -0.16
  1.84 -0.74  1.04 -1.72  6.43 -0.48 -0.1   0.16 -0.79] 
new state: [ 0.89  0.04  7.84  1.71  1.43  1.82  0.27  1.61 -0.43  1.05  1.99 -0.16
  1.85 -0.74  1.04 -1.72  6.43 -0.48 -0.1   0.16 -0.79] 
new state: [ 0.89  0.04  7.84  1.71  1.42  1.82  0.27  1.61 -0.43  1.05  1.98 -0.15
  1.85 -0.74  1.04 -1.72  6.43 -0.48 -0.1   0.16 -0.79] 
new state: [ 0.88  0.04  7.83  1.72  1.42  1.82  0.27  1.61 -0.43  1.06  1.98 -0.15
  1.86 -0.74  1.04 -1.72  6.43 -0.48 -0.1   0.16 -0.79] 
new state: [ 0.88  0.04  7.83  1.72  1.42  1.82  0.27  1.61 -0.43  1.06  1.98 -0.14
  1.86 -0.74  1.04 -1.72  6.43 -0.48 -0.1   0.16 -0.79] 
new state: [ 0.88  0.04  7.83  1.72  1.42  1.82  0.27  1.61 -0.43  1.07  1.98 -0.14
  1.86 -0.74  1.04 -1.72  6.43 -0.48 -0.1   0.16 -0.79] 
new state: [ 0.88  0.04  7.83  1.72  1.41  1.82  0.27  1.61 -0.43  1.07  1.98 -0.14
  1.87 -0.74  1.04 -1.72  6.43 -0.48 -0.1   0.16 -0.79] 
new state: [ 0.88  0.04  7.82  1.73  1.41  1.82  0.27  1.61 -0.43  1.07  1.98 -0.13
  1.87 -0.74  1.04 -1.72  6.43 -0.48 -0.1   0.16 -0.79] 
new state: [ 0.88  0.04  7.82  1.73  1.41  1.82  0.27  1.61 -0.43  1.08  1.98 -0.13
  1.87 -0.74  1.04 -1.72  6.43 -0.48 -0.1   0.16 -0.79] 
new state: [ 0.88  0.04  7.82  1.73  1.41  1.82  0.27  1.61 -0.43  1.08  1.98 -0.13
  1.88 -0.74  1.04 -1.72  6.43 -0.48 -0.1   0.16 -0.79] 
new state: [ 0.88  0.04  7.82  1.73  1.41  1.82  0.27  1.61 -0.43  1.09  1.98 -0.12
  1.88 -0.74  1.04 -1.72  6.43 -0.48 -0.1   0.16 -0.79] 
new state: [ 0.88  0.04  7.82  1.74  1.41  1.82  0.27  1.61 -0.43  1.09  1.98 -0.12
  1.88 -0.74  1.04 -1.72  6.43 -0.48 -0.1   0.16 -0.79] 
new state: [ 0.88  0.04  7.81  1.74  1.4   1.82  0.27  1.61 -0.43  1.09  1.98 -0.11
  1.89 -0.74  1.04 -1.72  6.43 -0.48 -0.1   0.16 -0.79] 
new state: [ 0.88  0.04  7.81  1.74  1.4   1.82  0.27  1.61 -0.43  1.1   1.98 -0.11
  1.89 -0.74  1.04 -1.72  6.43 -0.48 -0.1   0.16 -0.79] 
new state: [ 0.88  0.04  7.81  1.75  1.4   1.82  0.27  1.61 -0.43  1.1   1.98 -0.11
  1.89 -0.74  1.04 -1.72  6.43 -0.48 -0.1   0.16 -0.79] 
new state: [ 0.89  0.04  7.81  1.75  1.4   1.82  0.27  1.61 -0.43  1.11  1.98 -0.1
  1.89 -0.74  1.04 -1.72  6.43 -0.48 -0.1   0.16 -0.79] 
new state: [ 0.89  0.04  7.81  1.75  1.4   1.82  0.27  1.61 -0.43  1.11  1.98 -0.1
  1.89 -0.74  1.04 -1.72  6.43 -0.48 -0.1   0.16 -0.79] 
new state: [ 0.89  0.04  7.81  1.75  1.4   1.82  0.27  1.61 -0.43  1.11  1.98 -0.1
  1.89 -0.74  1.04 -1.72  6.43 -0.48 -0.1   0.16 -0.79] 
new state: [ 0.89  0.04  7.81  1.76  1.4   1.82  0.27  1.61 -0.43  1.12  1.98 -0.09
  1.89 -0.74  1.04 -1.72  6.43 -0.48 -0.1   0.16 -0.79] 
new state: [ 0.89  0.04  7.81  1.76  1.4   1.82  0.27  1.61 -0.43  1.12  1.98 -0.09
  1.9  -0.74  1.04 -1.72  6.43 -0.48 -0.1   0.16 -0.79] 
new state: [ 0.9   0.04  7.81  1.76  1.4   1.82  0.27  1.61 -0.43  1.12  1.98 -0.09
  1.9  -0.74  1.04 -1.72  6.43 -0.48 -0.1   0.16 -0.79] 
new state: [ 0.9   0.04  7.81  1.77  1.39  1.82  0.27  1.61 -0.43  1.13  1.98 -0.08
  1.9  -0.74  1.04 -1.72  6.43 -0.48 -0.1   0.16 -0.79] 
new state: [ 0.9   0.04  7.81  1.77  1.39  1.82  0.27  1.61 -0.43  1.13  1.98 -0.08
  1.9  -0.74  1.04 -1.72  6.43 -0.48 -0.1   0.16 -0.79] 
new state: [ 0.91  0.04  7.81  1.77  1.39  1.82  0.27  1.61 -0.43  1.13  1.98 -0.08
  1.9  -0.74  1.04 -1.72  6.43 -0.48 -0.1   0.16 -0.79] 
new state: [ 0.91  0.04  7.81  1.78  1.39  1.82  0.27  1.61 -0.43  1.14  1.98 -0.07
  1.9  -0.74  1.04 -1.72  6.43 -0.48 -0.1   0.16 -0.79] 
new state: [ 0.91  0.04  7.81  1.78  1.39  1.82  0.27  1.61 -0.43  1.14  1.98 -0.07
  1.9  -0.74  1.04 -1.72  6.43 -0.48 -0.1   0.16 -0.79] 
new state: [ 0.92  0.04  7.81  1.78  1.39  1.82  0.27  1.61 -0.43  1.14  1.98 -0.07
  1.9  -0.74  1.04 -1.72  6.43 -0.48 -0.1   0.16 -0.79] 
new state: [ 0.92  0.04  7.81  1.79  1.39  1.82  0.27  1.61 -0.43  1.15  1.98 -0.06
  1.9  -0.74  1.04 -1.72  6.43 -0.48 -0.1   0.16 -0.79] 
new state: [ 0.93  0.04  7.81  1.79  1.39  1.82  0.27  1.61 -0.43  1.15  1.98 -0.06
  1.9  -0.74  1.04 -1.72  6.43 -0.48 -0.1   0.16 -0.79] 
new state: [ 0.93  0.04  7.81  1.79  1.39  1.82  0.27  1.61 -0.43  1.15  1.98 -0.06
  1.9  -0.74  1.04 -1.72  6.43 -0.48 -0.1   0.16 -0.79] 
new state: [ 0.93  0.04  7.81  1.8   1.39  1.82  0.27  1.61 -0.43  1.16  1.98 -0.05
  1.89 -0.74  1.04 -1.72  6.43 -0.48 -0.1   0.16 -0.79] 
new state: [ 0.94  0.04  7.81  1.8   1.39  1.82  0.27  1.61 -0.43  1.16  1.98 -0.05
  1.89 -0.74  1.04 -1.72  6.43 -0.48 -0.1   0.16 -0.79] 
new state: [ 0.94  0.04  7.81  1.8   1.39  1.82  0.27  1.61 -0.43  1.16  1.98 -0.05
  1.89 -0.74  1.04 -1.72  6.43 -0.48 -0.1   0.16 -0.79] 
new state: [ 0.95  0.04  7.81  1.81  1.39  1.82  0.27  1.61 -0.43  1.17  1.98 -0.04
  1.89 -0.74  1.04 -1.72  6.43 -0.48 -0.1   0.16 -0.79] 
new state: [ 0.95  0.04  7.81  1.81  1.39  1.82  0.27  1.61 -0.43  1.17  1.98 -0.04
  1.89 -0.74  1.04 -1.72  6.43 -0.48 -0.1   0.16 -0.79] 
new state: [ 0.96  0.04  7.81  1.81  1.39  1.82  0.27  1.61 -0.43  1.17  1.98 -0.04
  1.89 -0.74  1.04 -1.72  6.43 -0.48 -0.1   0.16 -0.79] 
new state: [ 0.96  0.03  7.82  1.82  1.39  1.82  0.27  1.61 -0.43  1.17  1.98 -0.04
  1.89 -0.74  1.04 -1.72  6.43 -0.48 -0.1   0.16 -0.79] 
new state: [ 0.97  0.03  7.82  1.82  1.39  1.82  0.27  1.61 -0.43  1.18  1.98 -0.03
  1.89 -0.74  1.04 -1.72  6.43 -0.48 -0.1   0.16 -0.79] 
new state: [ 0.97  0.03  7.82  1.82  1.39  1.82  0.27  1.61 -0.43  1.18  1.98 -0.03
  1.88 -0.74  1.04 -1.72  6.43 -0.48 -0.1   0.16 -0.79] 
new state: [ 0.98  0.03  7.82  1.83  1.4   1.82  0.27  1.61 -0.43  1.18  1.98 -0.03
  1.88 -0.74  1.04 -1.72  6.43 -0.48 -0.1   0.16 -0.79] 
new state: [ 0.98  0.03  7.82  1.83  1.4   1.82  0.27  1.61 -0.43  1.18  1.98 -0.02
  1.88 -0.74  1.04 -1.72  6.43 -0.48 -0.1   0.16 -0.79] 
move to way point [1.         1.         1.57079633]
new state: [ 0.98  0.07  7.82  1.83  1.4   1.82  0.27  1.61 -0.43  1.19  1.98 -0.02
  1.89 -0.74  1.04 -1.72  6.43 -0.48 -0.1   0.16 -0.79] 
new state: [ 0.98  0.08  7.82  1.83  1.41  1.82  0.27  1.61 -0.43  1.19  1.99 -0.02
  1.89 -0.74  1.04 -1.72  6.43 -0.48 -0.1   0.16 -0.79] 
new state: [ 0.98  0.1   7.83  1.83  1.43  1.82  0.27  1.61 -0.43  1.18  2.   -0.02
  1.9  -0.74  1.04 -1.72  6.43 -0.48 -0.1   0.16 -0.79] 
new state: [ 0.98  0.12  7.83  1.83  1.44  1.82  0.27  1.61 -0.43  1.18  2.01 -0.02
  1.91 -0.74  1.04 -1.72  6.43 -0.48 -0.1   0.16 -0.79] 
new state: [ 0.98  0.13  7.83  1.83  1.45  1.82  0.27  1.61 -0.43  1.18  2.02 -0.03
  1.92 -0.74  1.04 -1.72  6.43 -0.48 -0.1   0.16 -0.79] 
new state: [ 0.99  0.15  7.83  1.83  1.46  1.82  0.27  1.61 -0.43  1.18  2.03 -0.03
  1.93 -0.74  1.04 -1.72  6.43 -0.48 -0.1   0.16 -0.79] 
new state: [ 0.99  0.16  7.83  1.83  1.48  1.82  0.27  1.61 -0.43  1.18  2.05 -0.03
  1.94 -0.74  1.04 -1.72  6.43 -0.48 -0.1   0.16 -0.79] 
new state: [ 0.99  0.18  7.83  1.83  1.49  1.82  0.27  1.61 -0.43  1.18  2.06 -0.03
  1.95 -0.74  1.04 -1.72  6.43 -0.48 -0.1   0.16 -0.79] 
new state: [ 0.99  0.19  7.83  1.84  1.5   1.82  0.27  1.61 -0.43  1.18  2.08 -0.03
  1.97 -0.74  1.04 -1.72  6.43 -0.48 -0.1   0.16 -0.79] 
new state: [ 0.99  0.23  7.84  1.84  1.51  1.82  0.27  1.61 -0.43  1.18  2.08 -0.03
  1.97 -0.74  1.04 -1.72  6.43 -0.48 -0.1   0.16 -0.79] 
new state: [ 0.99  0.27  7.84  1.84  1.52  1.82  0.27  1.61 -0.43  1.18  2.09 -0.03
  1.97 -0.74  1.04 -1.72  6.43 -0.48 -0.1   0.16 -0.79] 
new state: [ 0.99  0.3   7.84  1.85  1.52  1.82  0.27  1.61 -0.43  1.18  2.08 -0.04
  1.99 -0.74  1.04 -1.72  6.43 -0.48 -0.1   0.16 -0.79] 
new state: [ 0.99  0.34  7.84  1.87  1.53  1.82  0.27  1.61 -0.43  1.18  2.08 -0.06
  2.01 -0.74  1.04 -1.72  6.43 -0.48 -0.1   0.16 -0.79] 
new state: [ 0.99  0.41  7.84  1.86  1.53  1.82  0.27  1.61 -0.43  1.18  2.08 -0.06
  2.   -0.74  1.04 -1.72  6.43 -0.48 -0.1   0.16 -0.79] 
new state: [ 0.99  0.53  7.84  1.86  1.53  1.82  0.27  1.61 -0.43  1.18  2.08 -0.05
  1.98 -0.74  1.04 -1.72  6.43 -0.48 -0.1   0.16 -0.79] 
new state: [ 0.99  0.58  7.84  1.86  1.53  1.82  0.27  1.61 -0.43  1.18  2.08 -0.04
  1.98 -0.74  1.04 -1.72  6.43 -0.48 -0.1   0.16 -0.79] 
new state: [ 1.    0.63  7.85  1.85  1.52  1.82  0.27  1.61 -0.43  1.18  2.09 -0.04
  1.98 -0.74  1.04 -1.72  6.43 -0.48 -0.1   0.16 -0.79] 
new state: [ 0.99  0.74  7.85  1.85  1.52  1.82  0.27  1.61 -0.43  1.18  2.08 -0.03
  1.97 -0.74  1.04 -1.72  6.43 -0.48 -0.1   0.16 -0.79] 
new state: [ 0.99  0.78  7.85  1.85  1.52  1.82  0.27  1.61 -0.43  1.18  2.08 -0.03
  1.97 -0.74  1.04 -1.72  6.43 -0.48 -0.1   0.16 -0.79] 
new state: [ 0.99  0.84  7.85  1.85  1.52  1.82  0.27  1.61 -0.43  1.18  2.08 -0.03
  1.96 -0.74  1.04 -1.72  6.43 -0.48 -0.1   0.16 -0.79] 
new state: [ 1.    0.86  7.85  1.85  1.51  1.82  0.27  1.61 -0.43  1.19  2.09 -0.05
  1.98 -0.74  1.04 -1.72  6.43 -0.48 -0.1   0.16 -0.79] 
new state: [ 1.    0.91  7.85  1.85  1.51  1.82  0.27  1.61 -0.43  1.19  2.09 -0.05
  1.97 -0.74  1.04 -1.72  6.43 -0.48 -0.1   0.16 -0.79] 
new state: [ 0.99  0.96  7.85  1.85  1.51  1.82  0.27  1.61 -0.43  1.19  2.08 -0.04
  1.97 -0.74  1.04 -1.72  6.43 -0.48 -0.1   0.16 -0.79] 
move to way point [1.         1.         3.14159265]
new state: [ 1.01  0.98  7.91  1.85  1.51  1.82  0.27  1.61 -0.43  1.18  2.09 -0.05
  1.94 -0.74  1.04 -1.72  6.43 -0.48 -0.1   0.16 -0.79] 
new state: [ 1.03  1.01  7.97  1.85  1.51  1.82  0.27  1.61 -0.43  1.16  2.09 -0.05
  1.91 -0.74  1.04 -1.72  6.43 -0.48 -0.1   0.16 -0.79] 
new state: [ 1.05  1.05  8.03  1.85  1.51  1.82  0.27  1.61 -0.43  1.14  2.09 -0.06
  1.86 -0.74  1.04 -1.72  6.43 -0.48 -0.1   0.16 -0.79] 
new state: [ 1.07  1.06  8.09  1.85  1.51  1.82  0.27  1.61 -0.43  1.12  2.07 -0.05
  1.87 -0.74  1.04 -1.72  6.43 -0.48 -0.1   0.16 -0.79] 
new state: [ 1.08  1.07  8.15  1.85  1.51  1.82  0.27  1.61 -0.43  1.09  2.05 -0.05
  1.87 -0.74  1.04 -1.72  6.43 -0.48 -0.1   0.16 -0.79] 
new state: [ 1.1   1.08  8.21  1.85  1.51  1.82  0.27  1.61 -0.43  1.07  2.04 -0.05
  1.87 -0.74  1.04 -1.72  6.43 -0.48 -0.1   0.16 -0.79] 
new state: [ 1.11  1.09  8.26  1.85  1.51  1.82  0.27  1.61 -0.43  1.05  2.02 -0.05
  1.87 -0.74  1.04 -1.72  6.43 -0.48 -0.1   0.16 -0.79] 
new state: [ 1.12  1.11  8.31  1.85  1.51  1.82  0.27  1.61 -0.43  1.03  2.   -0.05
  1.87 -0.74  1.04 -1.72  6.43 -0.48 -0.1   0.16 -0.79] 
new state: [ 1.13  1.24  8.36  1.85  1.51  1.82  0.27  1.61 -0.43  1.02  2.08 -0.06
  1.64 -0.74  1.04 -1.72  6.43 -0.48 -0.1   0.16 -0.79] 
new state: [ 1.12  1.22  8.41  1.85  1.51  1.82  0.27  1.61 -0.43  1.02  2.07 -0.05
  1.65 -0.74  1.04 -1.72  6.43 -0.48 -0.1   0.16 -0.79] 
new state: [ 1.12  1.22  8.46  1.85  1.51  1.82  0.27  1.61 -0.43  1.02  2.07 -0.05
  1.65 -0.74  1.04 -1.72  6.43 -0.48 -0.1   0.16 -0.79] 
new state: [ 1.1   1.21  8.5   1.85  1.51  1.82  0.27  1.61 -0.43  1.02  2.06 -0.05
  1.65 -0.74  1.04 -1.72  6.43 -0.48 -0.1   0.16 -0.79] 
new state: [ 1.09  1.2   8.54  1.85  1.51  1.82  0.27  1.61 -0.43  1.03  2.06 -0.06
  1.65 -0.74  1.04 -1.72  6.43 -0.48 -0.1   0.16 -0.79] 
new state: [ 1.08  1.19  8.59  1.85  1.51  1.82  0.27  1.61 -0.43  1.05  2.07 -0.05
  1.64 -0.74  1.04 -1.72  6.43 -0.48 -0.1   0.16 -0.79] 
new state: [ 1.06  1.18  8.63  1.85  1.51  1.82  0.27  1.61 -0.43  1.06  2.06 -0.06
  1.64 -0.74  1.04 -1.72  6.43 -0.48 -0.1   0.16 -0.79] 
new state: [ 1.05  1.17  8.68  1.85  1.51  1.82  0.27  1.61 -0.43  1.07  2.06 -0.06
  1.64 -0.74  1.04 -1.72  6.43 -0.48 -0.1   0.16 -0.79] 
new state: [ 0.99  1.14  8.72  1.81  1.52  1.8   0.28  1.59 -0.43  1.02  2.06 -0.08
  1.69 -0.51  1.01 -1.72  6.43 -0.49 -0.09  0.14 -0.79] 
new state: [ 1.    1.1   8.77  1.81  1.52  1.8   0.28  1.59 -0.43  1.02  2.06 -0.07
  1.72 -0.52  1.01 -1.72  6.43 -0.49 -0.09  0.14 -0.79] 
new state: [ 0.99  1.07  8.81  1.81  1.52  1.8   0.28  1.59 -0.43  1.02  2.06 -0.06
  1.73 -0.52  1.02 -1.72  6.43 -0.49 -0.09  0.14 -0.79] 
new state: [ 0.98  1.04  8.86  1.81  1.52  1.8   0.28  1.59 -0.43  1.02  2.05 -0.05
  1.74 -0.53  1.04 -1.72  6.43 -0.49 -0.09  0.14 -0.79] 
new state: [ 0.98  1.02  8.9   1.81  1.52  1.8   0.28  1.59 -0.43  1.02  2.05 -0.04
  1.75 -0.53  1.05 -1.72  6.43 -0.49 -0.09  0.14 -0.79] 
new state: [ 0.97  0.98  8.95  1.81  1.52  1.8   0.28  1.59 -0.43  1.02  2.05 -0.03
  1.76 -0.54  1.07 -1.72  6.43 -0.49 -0.09  0.14 -0.79] 
new state: [ 0.96  0.96  8.99  1.81  1.52  1.8   0.28  1.59 -0.43  1.02  2.05 -0.02
  1.76 -0.54  1.09 -1.72  6.43 -0.49 -0.09  0.14 -0.79] 
new state: [ 0.96  0.94  9.04  1.81  1.52  1.8   0.28  1.59 -0.43  1.02  2.05 -0.01
  1.77 -0.55  1.11 -1.72  6.43 -0.49 -0.09  0.14 -0.79] 
new state: [ 0.96  0.92  9.08  1.81  1.52  1.8   0.28  1.59 -0.43  1.02  2.05  0.
  1.78 -0.55  1.12 -1.72  6.43 -0.49 -0.09  0.14 -0.79] 
new state: [ 0.96  0.89  9.12  1.82  1.51  1.8   0.27  1.59 -0.43  1.03  2.04  0.02
  1.77 -0.55  1.12 -1.72  6.43 -0.52 -0.04  0.14 -0.79] 
new state: [ 0.96  0.88  9.16  1.82  1.51  1.8   0.27  1.59 -0.43  1.03  2.05  0.02
  1.77 -0.55  1.13 -1.72  6.43 -0.53 -0.04  0.14 -0.79] 
new state: [ 0.96  0.87  9.2   1.82  1.51  1.8   0.27  1.59 -0.43  1.03  2.05  0.03
  1.78 -0.55  1.14 -1.72  6.43 -0.53 -0.04  0.14 -0.79] 
new state: [ 0.96  0.86  9.24  1.82  1.51  1.8   0.27  1.59 -0.43  1.03  2.05  0.03
  1.78 -0.56  1.15 -1.72  6.43 -0.54 -0.03  0.14 -0.79] 
new state: [ 0.96  0.85  9.28  1.82  1.51  1.8   0.27  1.59 -0.43  1.03  2.05  0.04
  1.78 -0.56  1.16 -1.72  6.43 -0.54 -0.03  0.14 -0.79] 
new state: [ 0.96  0.86  9.31  1.82  1.51  1.8   0.27  1.59 -0.43  1.03  2.05  0.04
  1.78 -0.56  1.16 -1.72  6.43 -0.54 -0.03  0.14 -0.79] 
new state: [ 0.97  0.87  9.35  1.82  1.51  1.8   0.27  1.59 -0.43  1.03  2.05  0.03
  1.78 -0.56  1.16 -1.72  6.43 -0.53 -0.04  0.14 -0.79] 
new state: [ 0.97  0.9   9.38  1.82  1.51  1.8   0.27  1.59 -0.43  1.03  2.05  0.02
  1.78 -0.57  1.15 -1.72  6.43 -0.51 -0.05  0.14 -0.79] 
new state: [ 0.97  0.93  9.42  1.82  1.51  1.8   0.27  1.59 -0.43  1.03  2.05  0.
  1.78 -0.57  1.13 -1.72  6.43 -0.49 -0.07  0.14 -0.79] 
new state: [ 0.97  0.95  9.45  1.82  1.51  1.8   0.27  1.59 -0.43  1.03  2.05 -0.02
  1.77 -0.58  1.12 -1.72  6.43 -0.47 -0.08  0.14 -0.79] 
new state: [ 0.97  0.98  9.48  1.82  1.51  1.8   0.27  1.59 -0.43  1.03  2.05 -0.04
  1.77 -0.58  1.1  -1.72  6.43 -0.44 -0.09  0.14 -0.79] 
new state: [ 0.97  1.01  9.51  1.82  1.51  1.8   0.27  1.59 -0.43  1.03  2.05 -0.06
  1.77 -0.58  1.09 -1.72  6.43 -0.41 -0.1   0.14 -0.79] 
new state: [ 0.97  1.04  9.54  1.82  1.51  1.8   0.27  1.59 -0.43  1.03  2.05 -0.08
  1.77 -0.59  1.07 -1.72  6.43 -0.39 -0.12  0.14 -0.79] 
new state: [ 0.96  1.06  9.56  1.82  1.51  1.8   0.27  1.59 -0.43  1.03  2.05 -0.1
  1.76 -0.59  1.05 -1.72  6.43 -0.36 -0.13  0.14 -0.79] 
new state: [ 0.96  1.08  9.59  1.82  1.51  1.8   0.27  1.59 -0.43  1.03  2.05 -0.13
  1.76 -0.59  1.04 -1.72  6.43 -0.33 -0.14  0.14 -0.79] 
new state: [ 0.96  1.11  9.61  1.82  1.51  1.8   0.27  1.59 -0.43  1.03  2.05 -0.15
  1.75 -0.59  1.02 -1.72  6.43 -0.3  -0.15  0.14 -0.79] 
new state: [ 0.95  1.13  9.64  1.82  1.51  1.8   0.27  1.59 -0.43  1.03  2.05 -0.17
  1.75 -0.6   1.   -1.72  6.43 -0.27 -0.15  0.14 -0.79] 
new state: [ 0.95  1.14  9.66  1.82  1.51  1.8   0.27  1.59 -0.43  1.03  2.05 -0.18
  1.74 -0.6   0.99 -1.72  6.43 -0.25 -0.16  0.14 -0.79] 
new state: [ 0.95  1.16  9.68  1.82  1.51  1.8   0.27  1.59 -0.43  1.03  2.05 -0.2
  1.74 -0.6   0.97 -1.72  6.43 -0.22 -0.17  0.14 -0.79] 
new state: [ 0.94  1.18  9.69  1.82  1.51  1.8   0.27  1.59 -0.43  1.03  2.05 -0.22
  1.73 -0.6   0.96 -1.72  6.43 -0.2  -0.18  0.14 -0.79] 
new state: [ 0.94  1.19  9.71  1.82  1.51  1.8   0.27  1.59 -0.43  1.03  2.05 -0.23
  1.72 -0.6   0.94 -1.72  6.43 -0.17 -0.18  0.14 -0.79] 
new state: [ 0.94  1.2   9.73  1.82  1.51  1.8   0.27  1.59 -0.43  1.03  2.05 -0.25
  1.72 -0.6   0.93 -1.72  6.43 -0.15 -0.19  0.14 -0.79] 
new state: [ 0.93  1.21  9.74  1.82  1.51  1.8   0.27  1.59 -0.43  1.03  2.05 -0.26
  1.71 -0.6   0.92 -1.72  6.43 -0.13 -0.19  0.14 -0.79] 
new state: [ 0.93  1.22  9.75  1.82  1.51  1.8   0.27  1.59 -0.43  1.03  2.05 -0.27
  1.7  -0.59  0.9  -1.72  6.43 -0.11 -0.2   0.14 -0.79] 
new state: [ 0.93  1.22  9.76  1.82  1.51  1.8   0.27  1.59 -0.43  1.03  2.05 -0.28
  1.69 -0.59  0.89 -1.72  6.43 -0.09 -0.2   0.14 -0.79] 
new state: [ 0.93  1.23  9.77  1.82  1.51  1.8   0.27  1.59 -0.43  1.03  2.05 -0.29
  1.69 -0.59  0.88 -1.72  6.43 -0.08 -0.21  0.14 -0.79] 
new state: [ 0.92  1.23  9.78  1.82  1.51  1.8   0.27  1.59 -0.43  1.03  2.05 -0.3
  1.68 -0.59  0.87 -1.72  6.43 -0.06 -0.21  0.14 -0.79] 
new state: [ 0.92  1.24  9.79  1.82  1.51  1.8   0.27  1.59 -0.43  1.03  2.05 -0.31
  1.67 -0.59  0.86 -1.72  6.43 -0.05 -0.22  0.14 -0.79] 
new state: [ 0.92  1.24  9.8   1.82  1.51  1.8   0.27  1.59 -0.43  1.03  2.05 -0.31
  1.67 -0.59  0.85 -1.72  6.43 -0.04 -0.22  0.14 -0.79] 
new state: [ 0.92  1.24  9.8   1.82  1.51  1.8   0.27  1.59 -0.43  1.03  2.05 -0.32
  1.66 -0.59  0.84 -1.72  6.43 -0.03 -0.23  0.14 -0.79] 
new state: [ 0.92  1.24  9.8   1.82  1.51  1.8   0.27  1.59 -0.43  1.03  2.05 -0.32
  1.65 -0.58  0.83 -1.72  6.43 -0.02 -0.23  0.14 -0.79] 
new state: [ 0.92  1.23  9.81  1.82  1.51  1.8   0.27  1.59 -0.43  1.03  2.05 -0.33
  1.65 -0.58  0.82 -1.72  6.43 -0.01 -0.24  0.14 -0.79] 
new state: [ 0.92  1.23  9.81  1.82  1.51  1.8   0.27  1.59 -0.43  1.03  2.05 -0.33
  1.64 -0.58  0.82 -1.72  6.43 -0.01 -0.24  0.14 -0.79] 
new state: [ 0.93  1.22  9.81  1.82  1.51  1.8   0.27  1.59 -0.43  1.03  2.05 -0.33
  1.64 -0.58  0.81 -1.72  6.43 -0.   -0.25  0.14 -0.79] 
new state: [ 0.93  1.21  9.81  1.82  1.51  1.8   0.27  1.59 -0.43  1.03  2.05 -0.33
  1.63 -0.58  0.81 -1.72  6.43  0.   -0.25  0.14 -0.79] 
new state: [ 0.93  1.21  9.81  1.82  1.51  1.8   0.27  1.59 -0.43  1.03  2.05 -0.33
  1.62 -0.58  0.8  -1.72  6.43  0.   -0.26  0.14 -0.79] 
new state: [ 0.93  1.2   9.8   1.82  1.51  1.8   0.27  1.59 -0.43  1.03  2.05 -0.32
  1.62 -0.58  0.79 -1.72  6.43  0.01 -0.26  0.14 -0.79] 
new state: [ 0.94  1.19  9.8   1.82  1.51  1.8   0.27  1.59 -0.43  1.03  2.05 -0.32
  1.61 -0.57  0.79 -1.72  6.43  0.01 -0.27  0.14 -0.79] 
new state: [ 0.94  1.18  9.8   1.82  1.51  1.8   0.27  1.59 -0.43  1.03  2.05 -0.32
  1.61 -0.57  0.79 -1.72  6.43  0.01 -0.27  0.14 -0.79] 
new state: [ 0.94  1.17  9.79  1.82  1.51  1.8   0.27  1.59 -0.43  1.03  2.05 -0.32
  1.61 -0.57  0.78 -1.72  6.43  0.   -0.28  0.14 -0.79] 
new state: [ 0.95  1.16  9.79  1.82  1.51  1.8   0.27  1.59 -0.43  1.03  2.05 -0.31
  1.6  -0.57  0.78 -1.72  6.43  0.   -0.28  0.14 -0.79] 
new state: [ 0.95  1.15  9.78  1.82  1.51  1.8   0.27  1.59 -0.43  1.03  2.05 -0.31
  1.6  -0.57  0.78 -1.72  6.43  0.   -0.29  0.14 -0.79] 
new state: [ 0.95  1.14  9.77  1.82  1.51  1.8   0.27  1.59 -0.43  1.03  2.05 -0.3
  1.59 -0.57  0.77 -1.72  6.43 -0.   -0.3   0.14 -0.79] 
new state: [ 0.96  1.13  9.76  1.82  1.51  1.8   0.27  1.59 -0.43  1.03  2.05 -0.29
  1.59 -0.56  0.77 -1.72  6.43 -0.01 -0.3   0.14 -0.79] 
new state: [ 0.96  1.12  9.76  1.82  1.51  1.8   0.27  1.59 -0.43  1.03  2.05 -0.29
  1.59 -0.56  0.77 -1.72  6.43 -0.01 -0.31  0.14 -0.79] 
new state: [ 0.97  1.1   9.75  1.82  1.51  1.8   0.27  1.59 -0.43  1.03  2.05 -0.28
  1.58 -0.56  0.77 -1.72  6.43 -0.02 -0.31  0.14 -0.79] 
new state: [ 0.97  1.09  9.74  1.82  1.51  1.8   0.27  1.59 -0.43  1.03  2.05 -0.27
  1.58 -0.56  0.77 -1.72  6.43 -0.03 -0.32  0.14 -0.79] 
new state: [ 0.98  1.09  9.73  1.82  1.51  1.8   0.27  1.59 -0.43  1.03  2.05 -0.27
  1.58 -0.56  0.76 -1.72  6.43 -0.03 -0.32  0.14 -0.79] 
new state: [ 0.97  1.1   9.72  1.82  1.51  1.8   0.27  1.59 -0.43  1.03  2.05 -0.27
  1.56 -0.56  0.75 -1.72  6.43 -0.01 -0.33  0.14 -0.79] 
new state: [ 0.95  1.12  9.71  1.82  1.51  1.8   0.27  1.59 -0.43  1.03  2.05 -0.29
  1.55 -0.55  0.72 -1.72  6.43  0.02 -0.34  0.14 -0.79] 
new state: [ 0.94  1.14  9.7   1.82  1.51  1.8   0.27  1.59 -0.43  1.03  2.05 -0.3
  1.53 -0.54  0.7  -1.72  6.43  0.05 -0.35  0.14 -0.79] 
new state: [ 0.93  1.16  9.68  1.82  1.51  1.8   0.27  1.59 -0.43  1.03  2.05 -0.32
  1.51 -0.54  0.68 -1.72  6.43  0.08 -0.36  0.14 -0.79] 
new state: [ 0.93  1.18  9.67  1.82  1.51  1.8   0.27  1.59 -0.43  1.03  2.05 -0.32
  1.48 -0.52  0.65 -1.72  6.43  0.08 -0.35  0.14 -0.79] 
new state: [ 0.93  1.19  9.66  1.82  1.51  1.8   0.27  1.59 -0.43  1.03  2.05 -0.33
  1.46 -0.5   0.62 -1.72  6.43  0.08 -0.35  0.14 -0.79] 
new state: [ 0.93  1.21  9.65  1.82  1.51  1.8   0.27  1.59 -0.43  1.03  2.05 -0.34
  1.44 -0.48  0.59 -1.72  6.43  0.08 -0.34  0.14 -0.79] 
new state: [ 0.94  1.21  9.64  1.82  1.51  1.8   0.27  1.59 -0.43  1.03  2.05 -0.35
  1.42 -0.47  0.57 -1.72  6.43  0.08 -0.34  0.14 -0.79] 
new state: [ 0.94  1.2   9.63  1.82  1.51  1.8   0.27  1.59 -0.43  1.03  2.05 -0.35
  1.41 -0.46  0.56 -1.72  6.43  0.08 -0.34  0.14 -0.79] 
new state: [ 0.94  1.2   9.61  1.82  1.51  1.8   0.27  1.59 -0.43  1.03  2.05 -0.35
  1.39 -0.45  0.54 -1.72  6.43  0.08 -0.34  0.14 -0.79] 
new state: [ 0.94  1.22  9.6   1.82  1.51  1.8   0.27  1.59 -0.43  1.03  2.05 -0.36
  1.37 -0.43  0.51 -1.72  6.43  0.08 -0.34  0.14 -0.79] 
new state: [ 0.94  1.23  9.59  1.82  1.51  1.8   0.27  1.59 -0.43  1.03  2.05 -0.36
  1.35 -0.41  0.49 -1.72  6.43  0.08 -0.34  0.14 -0.79] 
new state: [ 0.94  1.23  9.58  1.82  1.51  1.8   0.27  1.59 -0.43  1.03  2.05 -0.37
  1.33 -0.39  0.47 -1.72  6.43  0.08 -0.34  0.14 -0.79] 
new state: [ 0.94  1.22  9.57  1.82  1.51  1.8   0.27  1.59 -0.43  1.03  2.05 -0.37
  1.31 -0.38  0.46 -1.72  6.43  0.08 -0.34  0.14 -0.79] 
new state: [ 0.97  1.22  9.55  1.82  1.51  1.8   0.27  1.59 -0.43  1.03  2.05 -0.39
  1.3  -0.38  0.43 -1.72  6.43  0.08 -0.34  0.14 -0.79] 
new state: [ 0.96  1.22  9.54  1.82  1.51  1.8   0.27  1.59 -0.43  1.03  2.05 -0.39
  1.29 -0.36  0.41 -1.72  6.43  0.08 -0.34  0.14 -0.79] 
new state: [ 0.95  1.21  9.53  1.82  1.51  1.8   0.27  1.59 -0.43  1.03  2.05 -0.39
  1.27 -0.34  0.4  -1.72  6.43  0.08 -0.34  0.14 -0.79] 
new state: [ 0.95  1.2   9.52  1.82  1.51  1.8   0.27  1.59 -0.43  1.03  2.05 -0.39
  1.25 -0.33  0.39 -1.72  6.43  0.08 -0.34  0.14 -0.79] 
new state: [ 0.95  1.2   9.51  1.82  1.51  1.8   0.27  1.59 -0.43  1.03  2.05 -0.39
  1.23 -0.32  0.37 -1.72  6.43  0.08 -0.34  0.14 -0.79] 
new state: [ 0.94  1.18  9.5   1.82  1.51  1.8   0.27  1.59 -0.43  1.03  2.05 -0.4
  1.21 -0.28  0.37 -1.72  6.43  0.08 -0.34  0.14 -0.79] 
new state: [ 0.95  1.17  9.49  1.82  1.51  1.8   0.27  1.59 -0.43  1.03  2.05 -0.4
  1.2  -0.28  0.35 -1.72  6.43  0.08 -0.34  0.14 -0.79] 
new state: [ 0.96  1.15  9.48  1.82  1.51  1.8   0.27  1.59 -0.43  1.03  2.05 -0.4
  1.19 -0.28  0.34 -1.72  6.43  0.08 -0.34  0.14 -0.79] 
new state: [ 0.98  1.13  9.47  1.82  1.51  1.8   0.27  1.59 -0.43  1.03  2.05 -0.42
  1.19 -0.27  0.33 -1.72  6.43  0.08 -0.34  0.14 -0.79] 
new state: [ 0.98  1.12  9.46  1.82  1.51  1.8   0.27  1.59 -0.43  1.03  2.05 -0.41
  1.18 -0.27  0.32 -1.72  6.43  0.08 -0.34  0.14 -0.79] 
new state: [ 0.98  1.1   9.45  1.82  1.51  1.8   0.27  1.59 -0.43  1.03  2.05 -0.41
  1.17 -0.26  0.31 -1.72  6.43  0.08 -0.34  0.14 -0.79] 
new state: [ 0.98  1.09  9.44  1.82  1.51  1.8   0.27  1.59 -0.43  1.03  2.05 -0.44
  1.14 -0.23  0.31 -1.72  6.43  0.08 -0.34  0.14 -0.79] 
new state: [ 0.98  1.09  9.43  1.82  1.51  1.8   0.27  1.59 -0.43  1.03  2.05 -0.43
  1.13 -0.22  0.29 -1.72  6.43  0.08 -0.34  0.14 -0.79] 
new state: [ 0.98  1.08  9.42  1.82  1.51  1.8   0.27  1.59 -0.43  1.03  2.05 -0.42
  1.12 -0.22  0.27 -1.72  6.43  0.08 -0.34  0.14 -0.79] 
new state: [ 1.16  1.06  9.41  1.82  1.51  1.8   0.27  1.59 -0.43  0.42  2.09 -0.25
  1.09 -0.04  0.25 -1.72  6.43  0.19 -0.35  0.14 -0.79] 
new state: [ 1.15  1.05  9.4   1.82  1.51  1.8   0.27  1.59 -0.43  0.4   2.09 -0.25
  1.08 -0.04  0.23 -1.72  6.43  0.19 -0.35  0.14 -0.79] 
new state: [ 1.16  1.05  9.4   1.82  1.51  1.8   0.27  1.59 -0.43  0.39  2.09 -0.25
  1.06 -0.03  0.22 -1.72  6.43  0.19 -0.35  0.14 -0.79] 
new state: [ 1.16  1.04  9.39  1.82  1.51  1.8   0.27  1.59 -0.43  0.37  2.09 -0.25
  1.04 -0.02  0.21 -1.72  6.43  0.19 -0.35  0.14 -0.79] 
new state: [ 1.19  1.04  9.38  1.82  1.51  1.8   0.27  1.59 -0.43  0.34  2.1  -0.26
  1.03 -0.    0.19 -1.72  6.43  0.19 -0.35  0.14 -0.79] 
new state: [ 1.18  1.04  9.38  1.82  1.51  1.8   0.27  1.59 -0.43  0.32  2.09 -0.26
  1.01  0.01  0.17 -1.72  6.43  0.19 -0.35  0.14 -0.79] 
new state: [ 1.2   1.02  9.37  1.82  1.51  1.8   0.27  1.59 -0.43  0.3   2.09 -0.26
  1.01  0.02  0.15 -1.72  6.43  0.19 -0.35  0.14 -0.79] 
new state: [ 1.19  1.03  9.36  1.82  1.51  1.8   0.27  1.59 -0.43  0.27  2.09 -0.25
  0.98  0.04  0.14 -1.72  6.43  0.19 -0.35  0.14 -0.79] 
new state: [ 1.19  1.03  9.36  1.82  1.51  1.8   0.27  1.59 -0.43  0.26  2.08 -0.25
  0.96  0.06  0.14 -1.72  6.43  0.19 -0.35  0.14 -0.79] 
new state: [ 1.19  1.01  9.35  1.82  1.51  1.8   0.27  1.59 -0.43  0.25  2.07 -0.25
  0.95  0.07  0.13 -1.72  6.43  0.19 -0.35  0.14 -0.79] 
new state: [ 1.19  1.    9.35  1.82  1.51  1.8   0.27  1.59 -0.43  0.23  2.07 -0.25
  0.94  0.08  0.12 -1.72  6.43  0.19 -0.35  0.14 -0.79] 
new state: [ 1.17  0.99  9.35  1.82  1.51  1.8   0.27  1.59 -0.43  0.22  2.06 -0.25
  0.93  0.09  0.12 -1.72  6.43  0.19 -0.35  0.14 -0.79] 
new state: [ 1.17  0.98  9.34  1.82  1.51  1.8   0.27  1.59 -0.43  0.22  2.05 -0.24
  0.92  0.1   0.11 -1.72  6.43  0.19 -0.35  0.14 -0.79] 
new state: [ 1.17  0.96  9.34  1.82  1.51  1.8   0.27  1.59 -0.43  0.21  2.05 -0.24
  0.91  0.1   0.11 -1.72  6.43  0.19 -0.35  0.14 -0.79] 
new state: [ 1.18  0.95  9.34  1.82  1.51  1.8   0.27  1.59 -0.43  0.19  2.05 -0.25
  0.9   0.11  0.1  -1.72  6.43  0.19 -0.35  0.14 -0.79] 
new state: [ 1.17  0.94  9.33  1.82  1.51  1.8   0.27  1.59 -0.43  0.18  2.05 -0.25
  0.89  0.12  0.09 -1.72  6.43  0.19 -0.35  0.14 -0.79] 
new state: [ 1.19  0.93  9.33  1.82  1.51  1.8   0.27  1.59 -0.43  0.16  2.05 -0.26
  0.88  0.13  0.08 -1.72  6.43  0.19 -0.35  0.14 -0.79] 
new state: [ 1.16  0.92  9.33  1.82  1.51  1.8   0.27  1.59 -0.43  0.15  2.04 -0.25
  0.87  0.14  0.08 -1.72  6.43  0.19 -0.35  0.14 -0.79] 
new state: [ 1.16  0.9   9.33  1.82  1.51  1.8   0.27  1.59 -0.43  0.15  2.04 -0.25
  0.87  0.14  0.06 -1.72  6.43  0.19 -0.35  0.14 -0.79] 
new state: [ 1.16  0.89  9.33  1.82  1.51  1.8   0.27  1.59 -0.43  0.14  2.04 -0.25
  0.86  0.15  0.07 -1.72  6.43  0.19 -0.35  0.14 -0.79] 
new state: [ 1.15  0.87  9.32  1.82  1.51  1.8   0.27  1.59 -0.43  0.14  2.03 -0.25
  0.86  0.15  0.07 -1.72  6.43  0.19 -0.35  0.14 -0.79] 
new state: [ 1.16  0.84  9.32  1.82  1.51  1.8   0.27  1.59 -0.43  0.13  2.04 -0.25
  0.86  0.16  0.07 -1.72  6.43  0.19 -0.35  0.14 -0.79] 
new state: [ 1.14  0.83  9.32  1.82  1.51  1.8   0.27  1.59 -0.43  0.13  2.03 -0.25
  0.85  0.16  0.07 -1.72  6.43  0.19 -0.35  0.14 -0.79] 
new state: [ 1.14  0.81  9.32  1.82  1.51  1.8   0.27  1.59 -0.43  0.13  2.03 -0.25
  0.85  0.16  0.07 -1.72  6.43  0.19 -0.35  0.14 -0.79] 
new state: [ 1.13  0.79  9.32  1.82  1.51  1.8   0.27  1.59 -0.43  0.13  2.03 -0.25
  0.85  0.16  0.07 -1.72  6.43  0.19 -0.35  0.14 -0.79] 
new state: [ 1.12  0.77  9.32  1.82  1.51  1.8   0.27  1.59 -0.43  0.14  2.03 -0.25
  0.86  0.15  0.07 -1.72  6.43  0.19 -0.35  0.14 -0.79] 
new state: [ 1.11  0.75  9.32  1.82  1.51  1.8   0.27  1.59 -0.43  0.15  2.02 -0.25
  0.86  0.14  0.07 -1.72  6.43  0.19 -0.35  0.14 -0.79] 
new state: [ 1.1   0.73  9.32  1.82  1.51  1.8   0.27  1.59 -0.43  0.16  2.02 -0.25
  0.86  0.13  0.07 -1.72  6.43  0.19 -0.35  0.14 -0.79] 
new state: [ 1.09  0.71  9.33  1.82  1.51  1.8   0.27  1.59 -0.43  0.17  2.02 -0.25
  0.87  0.12  0.08 -1.72  6.43  0.19 -0.35  0.14 -0.79] 
new state: [ 1.09  0.7   9.33  1.82  1.51  1.8   0.27  1.59 -0.43  0.18  2.01 -0.25
  0.87  0.12  0.08 -1.72  6.43  0.19 -0.35  0.14 -0.79] 
new state: [ 1.08  0.69  9.33  1.82  1.51  1.8   0.27  1.59 -0.43  0.18  2.01 -0.25
  0.87  0.11  0.08 -1.72  6.43  0.19 -0.35  0.14 -0.79] 
new state: [ 1.08  0.69  9.33  1.82  1.51  1.8   0.27  1.59 -0.43  0.18  2.01 -0.25
  0.87  0.11  0.07 -1.72  6.43  0.19 -0.35  0.14 -0.79] 
new state: [ 1.07  0.68  9.33  1.82  1.51  1.8   0.27  1.59 -0.43  0.19  2.   -0.25
  0.87  0.11  0.07 -1.72  6.43  0.19 -0.35  0.14 -0.79] 
new state: [ 1.07  0.68  9.33  1.82  1.51  1.8   0.27  1.59 -0.43  0.18  2.   -0.25
  0.87  0.1   0.07 -1.72  6.43  0.19 -0.35  0.14 -0.79] 
new state: [ 1.06  0.68  9.34  1.82  1.51  1.8   0.27  1.59 -0.43  0.18  2.   -0.25
  0.86  0.1   0.07 -1.72  6.43  0.19 -0.35  0.14 -0.79] 
new state: [ 1.06  0.68  9.34  1.82  1.51  1.8   0.27  1.59 -0.43  0.18  2.   -0.25
  0.86  0.1   0.07 -1.72  6.43  0.19 -0.35  0.14 -0.79] 
new state: [ 1.05  0.68  9.34  1.82  1.51  1.8   0.27  1.59 -0.43  0.18  2.   -0.25
  0.86  0.1   0.07 -1.72  6.43  0.19 -0.35  0.14 -0.79] 
new state: [ 1.05  0.67  9.34  1.82  1.51  1.8   0.27  1.59 -0.43  0.18  1.99 -0.25
  0.86  0.1   0.06 -1.72  6.43  0.19 -0.35  0.14 -0.79] 
new state: [ 1.05  0.68  9.35  1.82  1.51  1.8   0.27  1.59 -0.43  0.17  1.99 -0.25
  0.86  0.1   0.06 -1.72  6.43  0.19 -0.35  0.14 -0.79] 
new state: [ 1.05  0.68  9.35  1.82  1.51  1.8   0.27  1.59 -0.43  0.17  1.99 -0.25
  0.85  0.1   0.06 -1.72  6.43  0.19 -0.35  0.14 -0.79] 
new state: [ 1.05  0.68  9.35  1.82  1.51  1.8   0.27  1.59 -0.43  0.17  1.99 -0.25
  0.85  0.1   0.06 -1.72  6.43  0.19 -0.35  0.14 -0.79] 
new state: [ 1.04  0.68  9.36  1.82  1.51  1.8   0.27  1.59 -0.43  0.16  1.99 -0.26
  0.85  0.1   0.06 -1.72  6.43  0.19 -0.35  0.14 -0.79] 
new state: [ 1.04  0.68  9.36  1.82  1.51  1.8   0.27  1.59 -0.43  0.16  1.99 -0.26
  0.85  0.1   0.06 -1.72  6.43  0.19 -0.35  0.14 -0.79] 
new state: [ 1.04  0.69  9.36  1.82  1.51  1.8   0.27  1.59 -0.43  0.15  1.99 -0.26
  0.85  0.1   0.06 -1.72  6.43  0.19 -0.35  0.14 -0.79] 
new state: [ 1.04  0.69  9.36  1.82  1.51  1.8   0.27  1.59 -0.43  0.15  1.99 -0.26
  0.84  0.1   0.06 -1.72  6.43  0.19 -0.35  0.14 -0.79] 
new state: [ 1.04  0.69  9.37  1.82  1.51  1.8   0.27  1.59 -0.43  0.14  1.98 -0.26
  0.84  0.1   0.06 -1.72  6.43  0.19 -0.35  0.14 -0.79] 
new state: [ 1.04  0.7   9.37  1.82  1.51  1.8   0.27  1.59 -0.43  0.14  1.98 -0.26
  0.84  0.1   0.06 -1.72  6.43  0.19 -0.35  0.14 -0.79] 
new state: [ 1.04  0.7   9.37  1.82  1.51  1.8   0.27  1.59 -0.43  0.13  1.98 -0.27
  0.84  0.1   0.06 -1.72  6.43  0.19 -0.35  0.14 -0.79] 
new state: [ 1.03  0.7   9.38  1.82  1.51  1.8   0.27  1.59 -0.43  0.13  1.98 -0.27
  0.84  0.1   0.06 -1.72  6.43  0.19 -0.35  0.14 -0.79] 
new state: [ 1.03  0.71  9.38  1.82  1.51  1.8   0.27  1.59 -0.43  0.12  1.98 -0.27
  0.84  0.1   0.06 -1.72  6.43  0.19 -0.35  0.14 -0.79] 
new state: [ 1.03  0.71  9.38  1.82  1.51  1.8   0.27  1.59 -0.43  0.12  1.98 -0.27
  0.84  0.11  0.06 -1.72  6.43  0.19 -0.35  0.14 -0.79] 
new state: [ 1.03  0.72  9.39  1.82  1.51  1.8   0.27  1.59 -0.43  0.11  1.99 -0.27
  0.84  0.11  0.06 -1.72  6.43  0.19 -0.35  0.14 -0.79] 
new state: [ 1.03  0.72  9.39  1.82  1.51  1.8   0.27  1.59 -0.43  0.1   1.99 -0.28
  0.84  0.11  0.06 -1.72  6.43  0.19 -0.35  0.14 -0.79] 
new state: [ 1.03  0.73  9.39  1.82  1.51  1.8   0.27  1.59 -0.43  0.1   1.99 -0.28
  0.84  0.11  0.06 -1.72  6.43  0.19 -0.35  0.14 -0.79] 
new state: [ 1.03  0.73  9.4   1.82  1.51  1.8   0.27  1.59 -0.43  0.09  1.99 -0.28
  0.84  0.11  0.06 -1.72  6.43  0.19 -0.35  0.14 -0.79] 
new state: [ 1.02  0.73  9.4   1.82  1.51  1.8   0.27  1.59 -0.43  0.09  1.99 -0.28
  0.84  0.11  0.06 -1.72  6.43  0.19 -0.35  0.14 -0.79] 
new state: [ 1.02  0.74  9.4   1.82  1.51  1.8   0.27  1.59 -0.43  0.08  1.99 -0.28
  0.84  0.11  0.06 -1.72  6.43  0.19 -0.35  0.14 -0.79] 
new state: [ 1.02  0.74  9.4   1.82  1.51  1.8   0.27  1.59 -0.43  0.08  1.99 -0.28
  0.84  0.11  0.06 -1.72  6.43  0.19 -0.35  0.14 -0.79] 
new state: [ 1.02  0.75  9.41  1.82  1.51  1.8   0.27  1.59 -0.43  0.07  2.   -0.29
  0.84  0.11  0.07 -1.72  6.43  0.19 -0.35  0.14 -0.79] 
new state: [ 1.02  0.75  9.41  1.82  1.51  1.8   0.27  1.59 -0.43  0.07  2.   -0.29
  0.84  0.11  0.07 -1.72  6.43  0.19 -0.35  0.14 -0.79] 
new state: [ 1.02  0.76  9.41  1.82  1.51  1.8   0.27  1.59 -0.43  0.06  2.   -0.29
  0.84  0.11  0.07 -1.72  6.43  0.19 -0.35  0.14 -0.79] 
new state: [ 1.02  0.77  9.42  1.82  1.51  1.8   0.27  1.59 -0.43  0.06  2.   -0.29
  0.84  0.11  0.07 -1.72  6.43  0.19 -0.35  0.14 -0.79] 
new state: [ 1.01  0.77  9.42  1.82  1.51  1.8   0.27  1.59 -0.43  0.05  2.   -0.29
  0.84  0.11  0.07 -1.72  6.43  0.19 -0.35  0.14 -0.79] 
new state: [ 1.01  0.78  9.42  1.82  1.51  1.8   0.27  1.59 -0.43  0.05  2.   -0.3
  0.84  0.11  0.08 -1.72  6.43  0.19 -0.35  0.14 -0.79] 
new state: [ 1.01  0.78  9.42  1.82  1.51  1.8   0.27  1.59 -0.43  0.04  2.01 -0.3
  0.84  0.11  0.08 -1.72  6.43  0.19 -0.35  0.14 -0.79] 
new state: [ 1.01  0.79  9.43  1.82  1.51  1.8   0.27  1.59 -0.43  0.04  2.01 -0.3
  0.85  0.11  0.08 -1.72  6.43  0.19 -0.35  0.14 -0.79] 
new state: [ 1.01  0.79  9.43  1.82  1.51  1.8   0.27  1.59 -0.43  0.04  2.01 -0.3
  0.85  0.11  0.08 -1.72  6.43  0.19 -0.35  0.14 -0.79] 
new state: [ 1.    0.8   9.43  1.82  1.51  1.8   0.27  1.59 -0.43  0.03  2.01 -0.3
  0.85  0.11  0.09 -1.72  6.43  0.19 -0.35  0.14 -0.79] 
new state: [ 1.    0.8   9.43  1.82  1.51  1.8   0.27  1.59 -0.43  0.03  2.02 -0.3
  0.85  0.11  0.09 -1.72  6.43  0.19 -0.35  0.14 -0.79] 
new state: [ 1.    0.81  9.43  1.82  1.51  1.8   0.27  1.59 -0.43  0.02  2.02 -0.31
  0.85  0.11  0.09 -1.72  6.43  0.19 -0.35  0.14 -0.79] 
new state: [ 1.    0.82  9.44  1.82  1.51  1.8   0.27  1.59 -0.43  0.02  2.02 -0.31
  0.86  0.11  0.1  -1.72  6.43  0.19 -0.35  0.14 -0.79] 
new state: [ 1.    0.82  9.44  1.82  1.51  1.8   0.27  1.59 -0.43  0.01  2.03 -0.31
  0.86  0.11  0.1  -1.72  6.43  0.19 -0.35  0.14 -0.79] 
new state: [ 0.99  0.83  9.44  1.82  1.51  1.8   0.27  1.59 -0.43  0.01  2.03 -0.31
  0.86  0.11  0.1  -1.72  6.43  0.19 -0.35  0.14 -0.79] 
new state: [ 0.99  0.83  9.44  1.82  1.51  1.8   0.27  1.59 -0.43  0.01  2.03 -0.31
  0.86  0.11  0.11 -1.72  6.43  0.19 -0.35  0.14 -0.79] 
new state: [ 0.99  0.84  9.44  1.82  1.51  1.8   0.27  1.59 -0.43  0.    2.04 -0.31
  0.87  0.11  0.11 -1.72  6.43  0.19 -0.35  0.14 -0.79] 
new state: [ 0.99  0.84  9.44  1.82  1.51  1.8   0.27  1.59 -0.43 -0.    2.04 -0.32
  0.87  0.11  0.11 -1.72  6.43  0.19 -0.35  0.14 -0.79] 
new state: [ 0.99  0.85  9.44  1.82  1.51  1.8   0.27  1.59 -0.43 -0.01  2.04 -0.32
  0.87  0.11  0.12 -1.72  6.43  0.19 -0.35  0.14 -0.79] 
new state: [ 0.99  0.85  9.45  1.82  1.51  1.8   0.27  1.59 -0.43 -0.01  2.05 -0.32
  0.88  0.11  0.12 -1.72  6.43  0.19 -0.35  0.14 -0.79] 
new state: [ 0.99  0.86  9.45  1.82  1.51  1.8   0.27  1.59 -0.43 -0.01  2.05 -0.32
  0.88  0.11  0.13 -1.72  6.43  0.19 -0.35  0.14 -0.79] 
new state: [ 0.98  0.86  9.45  1.82  1.51  1.8   0.27  1.59 -0.43 -0.01  2.05 -0.32
  0.88  0.11  0.13 -1.72  6.43  0.19 -0.35  0.14 -0.79] 
new state: [ 0.98  0.87  9.45  1.82  1.51  1.8   0.27  1.59 -0.43 -0.02  2.06 -0.32
  0.89  0.11  0.13 -1.72  6.43  0.19 -0.35  0.14 -0.79] 
new state: [ 0.98  0.87  9.45  1.82  1.51  1.8   0.27  1.59 -0.43 -0.02  2.06 -0.33
  0.89  0.11  0.14 -1.72  6.43  0.19 -0.35  0.14 -0.79] 
new state: [ 0.98  0.88  9.45  1.82  1.51  1.8   0.27  1.59 -0.43 -0.02  2.07 -0.33
  0.89  0.11  0.14 -1.72  6.43  0.19 -0.35  0.14 -0.79] 
new state: [ 0.98  0.88  9.45  1.82  1.51  1.8   0.27  1.59 -0.43 -0.03  2.07 -0.33
  0.9   0.11  0.15 -1.72  6.43  0.19 -0.35  0.14 -0.79] 
new state: [ 0.98  0.89  9.45  1.82  1.51  1.8   0.27  1.59 -0.43 -0.03  2.07 -0.33
  0.9   0.11  0.15 -1.72  6.43  0.19 -0.35  0.14 -0.79] 
new state: [ 0.98  0.89  9.45  1.82  1.51  1.8   0.27  1.59 -0.43 -0.03  2.08 -0.33
  0.91  0.11  0.15 -1.72  6.43  0.19 -0.35  0.14 -0.79] 
new state: [ 0.97  0.9   9.45  1.82  1.51  1.8   0.27  1.59 -0.43 -0.03  2.08 -0.33
  0.91  0.1   0.16 -1.72  6.43  0.19 -0.35  0.14 -0.79] 
new state: [ 0.97  0.9   9.45  1.82  1.51  1.8   0.27  1.59 -0.43 -0.03  2.09 -0.33
  0.91  0.1   0.16 -1.72  6.43  0.19 -0.35  0.14 -0.79] 
new state: [ 0.97  0.91  9.45  1.82  1.51  1.8   0.27  1.59 -0.43 -0.04  2.09 -0.34
  0.92  0.1   0.17 -1.72  6.43  0.19 -0.35  0.14 -0.79] 
new state: [ 0.97  0.91  9.45  1.82  1.51  1.8   0.27  1.59 -0.43 -0.04  2.09 -0.34
  0.92  0.1   0.17 -1.72  6.43  0.19 -0.35  0.14 -0.79] 
new state: [ 0.97  0.92  9.45  1.82  1.51  1.8   0.27  1.59 -0.43 -0.04  2.1  -0.34
  0.93  0.1   0.18 -1.72  6.43  0.19 -0.35  0.14 -0.79] 
new state: [ 0.97  0.92  9.45  1.82  1.51  1.8   0.27  1.59 -0.43 -0.04  2.1  -0.34
  0.93  0.1   0.18 -1.72  6.43  0.19 -0.35  0.14 -0.79] 
new state: [ 0.97  0.92  9.45  1.82  1.51  1.8   0.27  1.59 -0.43 -0.04  2.11 -0.34
  0.93  0.1   0.19 -1.72  6.43  0.19 -0.35  0.14 -0.79] 
new state: [ 0.97  0.93  9.45  1.82  1.51  1.8   0.27  1.59 -0.43 -0.04  2.11 -0.34
  0.94  0.1   0.19 -1.72  6.43  0.19 -0.35  0.14 -0.79] 
new state: [ 0.97  0.93  9.45  1.82  1.51  1.8   0.27  1.59 -0.43 -0.04  2.12 -0.34
  0.94  0.1   0.19 -1.72  6.43  0.19 -0.35  0.14 -0.79] 
new state: [ 0.96  0.94  9.45  1.82  1.51  1.8   0.27  1.59 -0.43 -0.05  2.12 -0.34
  0.95  0.09  0.2  -1.72  6.43  0.19 -0.35  0.14 -0.79] 
new state: [ 0.96  0.94  9.45  1.82  1.51  1.8   0.27  1.59 -0.43 -0.05  2.13 -0.35
  0.95  0.09  0.2  -1.72  6.43  0.19 -0.35  0.14 -0.79] 
new state: [ 0.96  0.95  9.45  1.82  1.51  1.8   0.27  1.59 -0.43 -0.05  2.13 -0.35
  0.96  0.09  0.21 -1.72  6.43  0.19 -0.35  0.14 -0.79] 
new state: [ 0.96  0.95  9.45  1.82  1.51  1.8   0.27  1.59 -0.43 -0.05  2.14 -0.35
  0.96  0.09  0.21 -1.72  6.43  0.19 -0.35  0.14 -0.79] 
new state: [ 0.96  0.95  9.45  1.82  1.51  1.8   0.27  1.59 -0.43 -0.05  2.14 -0.35
  0.97  0.09  0.22 -1.72  6.43  0.19 -0.35  0.14 -0.79] 
new state: [ 0.96  0.96  9.45  1.82  1.51  1.8   0.27  1.59 -0.43 -0.05  2.14 -0.35
  0.97  0.09  0.22 -1.72  6.43  0.19 -0.35  0.14 -0.79] 
new state: [ 0.96  0.96  9.45  1.82  1.51  1.8   0.27  1.59 -0.43 -0.05  2.15 -0.35
  0.98  0.09  0.23 -1.72  6.43  0.19 -0.35  0.14 -0.79] 
new state: [ 0.96  0.97  9.45  1.82  1.51  1.8   0.27  1.59 -0.43 -0.05  2.15 -0.35
  0.98  0.08  0.23 -1.72  6.43  0.19 -0.35  0.14 -0.79] 
new state: [ 0.96  0.97  9.45  1.82  1.51  1.8   0.27  1.59 -0.43 -0.05  2.16 -0.35
  0.99  0.08  0.23 -1.72  6.43  0.19 -0.35  0.14 -0.79] 
new state: [ 0.96  0.97  9.45  1.82  1.51  1.8   0.27  1.59 -0.43 -0.05  2.16 -0.35
  0.99  0.08  0.24 -1.72  6.43  0.19 -0.35  0.14 -0.79] 
new state: [ 0.96  0.98  9.45  1.82  1.51  1.8   0.27  1.59 -0.43 -0.05  2.17 -0.35
  1.    0.08  0.24 -1.72  6.43  0.19 -0.35  0.14 -0.79] 
new state: [ 0.95  0.98  9.44  1.82  1.51  1.8   0.27  1.59 -0.43 -0.05  2.17 -0.36
  1.    0.08  0.25 -1.72  6.43  0.19 -0.35  0.14 -0.79] 
new state: [ 0.95  0.98  9.44  1.82  1.51  1.8   0.27  1.59 -0.43 -0.05  2.18 -0.36
  1.    0.08  0.25 -1.72  6.43  0.19 -0.35  0.14 -0.79] 
new state: [ 0.95  0.99  9.44  1.82  1.51  1.8   0.27  1.59 -0.43 -0.05  2.18 -0.36
  1.01  0.08  0.26 -1.72  6.43  0.19 -0.35  0.14 -0.79] 
new state: [ 0.95  0.99  9.44  1.82  1.51  1.8   0.27  1.59 -0.43 -0.05  2.19 -0.36
  1.01  0.08  0.26 -1.72  6.43  0.19 -0.35  0.14 -0.79] 
new state: [ 0.95  1.    9.44  1.82  1.51  1.8   0.27  1.59 -0.43 -0.05  2.19 -0.36
  1.02  0.07  0.27 -1.72  6.43  0.19 -0.35  0.14 -0.79] 
new state: [ 0.95  1.    9.44  1.82  1.51  1.8   0.27  1.59 -0.43 -0.05  2.19 -0.36
  1.02  0.07  0.27 -1.72  6.43  0.19 -0.35  0.14 -0.79] 
new state: [ 0.95  1.    9.44  1.82  1.51  1.8   0.27  1.59 -0.43 -0.05  2.2  -0.36
  1.03  0.07  0.27 -1.72  6.43  0.19 -0.35  0.14 -0.79] 
new state: [ 0.95  1.01  9.44  1.82  1.51  1.8   0.27  1.59 -0.43 -0.05  2.2  -0.36
  1.03  0.07  0.28 -1.72  6.43  0.19 -0.35  0.14 -0.79] 
new state: [ 0.95  1.01  9.44  1.82  1.51  1.8   0.27  1.59 -0.43 -0.05  2.21 -0.36
  1.04  0.07  0.28 -1.72  6.43  0.19 -0.35  0.14 -0.79] 
new state: [ 0.95  1.01  9.44  1.82  1.51  1.8   0.27  1.59 -0.43 -0.05  2.21 -0.36
  1.04  0.07  0.29 -1.72  6.43  0.19 -0.35  0.14 -0.79] 
new state: [ 0.95  1.02  9.44  1.82  1.51  1.8   0.27  1.59 -0.43 -0.05  2.22 -0.36
  1.05  0.07  0.29 -1.72  6.43  0.19 -0.35  0.14 -0.79] 
new state: [ 0.95  1.02  9.44  1.82  1.51  1.8   0.27  1.59 -0.43 -0.05  2.22 -0.36
  1.05  0.07  0.29 -1.72  6.43  0.19 -0.35  0.14 -0.79] 
new state: [ 0.95  1.02  9.43  1.82  1.51  1.8   0.27  1.59 -0.43 -0.05  2.22 -0.36
  1.06  0.07  0.3  -1.72  6.43  0.19 -0.35  0.14 -0.79] 
new state: [ 0.95  1.02  9.43  1.82  1.51  1.8   0.27  1.59 -0.43 -0.05  2.23 -0.36
  1.06  0.06  0.3  -1.72  6.43  0.19 -0.35  0.14 -0.79] 
new state: [ 0.95  1.03  9.43  1.82  1.51  1.8   0.27  1.59 -0.43 -0.04  2.23 -0.36
  1.06  0.06  0.31 -1.72  6.43  0.19 -0.35  0.14 -0.79] 
new state: [ 0.95  1.03  9.43  1.82  1.51  1.8   0.27  1.59 -0.43 -0.04  2.24 -0.36
  1.07  0.06  0.31 -1.72  6.43  0.19 -0.35  0.14 -0.79] 
new state: [ 0.95  1.03  9.43  1.82  1.51  1.8   0.27  1.59 -0.43 -0.04  2.24 -0.36
  1.07  0.06  0.31 -1.72  6.43  0.19 -0.35  0.14 -0.79] 
new state: [ 0.95  1.04  9.43  1.82  1.51  1.8   0.27  1.59 -0.43 -0.04  2.24 -0.36
  1.08  0.06  0.32 -1.72  6.43  0.19 -0.35  0.14 -0.79] 
new state: [ 0.95  1.04  9.43  1.82  1.51  1.8   0.27  1.59 -0.43 -0.04  2.25 -0.36
  1.08  0.06  0.32 -1.72  6.43  0.19 -0.35  0.14 -0.79] 
new state: [ 0.95  1.04  9.43  1.82  1.51  1.8   0.27  1.59 -0.43 -0.04  2.25 -0.36
  1.08  0.06  0.33 -1.72  6.43  0.19 -0.35  0.14 -0.79] 
new state: [ 0.95  1.04  9.43  1.82  1.51  1.8   0.27  1.59 -0.43 -0.04  2.25 -0.36
  1.09  0.06  0.33 -1.72  6.43  0.19 -0.35  0.14 -0.79] 
new state: [ 0.95  1.05  9.43  1.82  1.51  1.8   0.27  1.59 -0.43 -0.04  2.26 -0.36
  1.09  0.06  0.33 -1.72  6.43  0.19 -0.35  0.14 -0.79] 
new state: [ 0.95  1.05  9.43  1.82  1.51  1.8   0.27  1.59 -0.43 -0.04  2.26 -0.36
  1.1   0.06  0.34 -1.72  6.43  0.19 -0.35  0.14 -0.79] 
new state: [ 0.95  1.05  9.43  1.82  1.51  1.8   0.27  1.59 -0.43 -0.04  2.27 -0.36
  1.1   0.06  0.34 -1.72  6.43  0.19 -0.35  0.14 -0.79] 
new state: [ 0.95  1.05  9.43  1.82  1.51  1.8   0.27  1.59 -0.43 -0.04  2.27 -0.36
  1.1   0.06  0.34 -1.72  6.43  0.19 -0.35  0.14 -0.79] 
new state: [ 0.95  1.06  9.42  1.82  1.51  1.8   0.27  1.59 -0.43 -0.04  2.27 -0.36
  1.11  0.06  0.35 -1.72  6.43  0.19 -0.35  0.14 -0.79] 
new state: [ 0.95  1.06  9.42  1.82  1.51  1.8   0.27  1.59 -0.43 -0.03  2.28 -0.36
  1.11  0.06  0.35 -1.72  6.43  0.19 -0.35  0.14 -0.79] 
new state: [ 0.95  1.06  9.42  1.82  1.51  1.8   0.27  1.59 -0.43 -0.03  2.28 -0.36
  1.11  0.06  0.35 -1.72  6.43  0.19 -0.35  0.14 -0.79] 
new state: [ 0.95  1.06  9.42  1.82  1.51  1.8   0.27  1.59 -0.43 -0.03  2.28 -0.36
  1.12  0.06  0.36 -1.72  6.43  0.19 -0.35  0.14 -0.79] 
new state: [ 0.95  1.07  9.42  1.82  1.51  1.8   0.27  1.59 -0.43 -0.03  2.28 -0.36
  1.12  0.06  0.36 -1.72  6.43  0.19 -0.35  0.14 -0.79] 
new state: [ 0.95  1.07  9.42  1.82  1.51  1.8   0.27  1.59 -0.43 -0.03  2.29 -0.36
  1.12  0.06  0.36 -1.72  6.43  0.19 -0.35  0.14 -0.79] 
new state: [ 0.95  1.07  9.42  1.82  1.51  1.8   0.27  1.59 -0.43 -0.03  2.29 -0.36
  1.13  0.06  0.36 -1.72  6.43  0.19 -0.35  0.14 -0.79] 
new state: [ 0.95  1.07  9.42  1.82  1.51  1.8   0.27  1.59 -0.43 -0.03  2.29 -0.36
  1.13  0.06  0.37 -1.72  6.43  0.19 -0.35  0.14 -0.79] 
new state: [ 0.95  1.07  9.42  1.82  1.51  1.8   0.27  1.59 -0.43 -0.03  2.3  -0.36
  1.13  0.06  0.37 -1.72  6.43  0.19 -0.35  0.14 -0.79] 
new state: [ 0.95  1.08  9.42  1.82  1.51  1.8   0.27  1.59 -0.43 -0.03  2.3  -0.36
  1.13  0.06  0.37 -1.72  6.43  0.19 -0.35  0.14 -0.79] 
new state: [ 0.95  1.08  9.42  1.82  1.51  1.8   0.27  1.59 -0.43 -0.03  2.3  -0.36
  1.14  0.06  0.37 -1.72  6.43  0.19 -0.35  0.14 -0.79] 
new state: [ 0.96  1.08  9.42  1.82  1.51  1.8   0.27  1.59 -0.43 -0.02  2.3  -0.36
  1.14  0.06  0.38 -1.72  6.43  0.19 -0.35  0.14 -0.79] 
new state: [ 0.96  1.08  9.42  1.82  1.51  1.8   0.27  1.59 -0.43 -0.02  2.31 -0.36
  1.14  0.06  0.38 -1.72  6.43  0.19 -0.35  0.14 -0.79] 
new state: [ 0.96  1.08  9.42  1.82  1.51  1.8   0.27  1.59 -0.43 -0.02  2.31 -0.36
  1.15  0.06  0.38 -1.72  6.43  0.19 -0.35  0.14 -0.79] 
new state: [ 0.96  1.08  9.42  1.82  1.51  1.8   0.27  1.59 -0.43 -0.02  2.31 -0.36
  1.15  0.06  0.38 -1.72  6.43  0.19 -0.35  0.14 -0.79] 
new state: [ 0.96  1.09  9.42  1.82  1.51  1.8   0.27  1.59 -0.43 -0.02  2.31 -0.36
  1.15  0.06  0.39 -1.72  6.43  0.19 -0.35  0.14 -0.79] 
new state: [ 0.96  1.09  9.42  1.82  1.51  1.8   0.27  1.59 -0.43 -0.02  2.31 -0.36
  1.15  0.06  0.39 -1.72  6.43  0.19 -0.35  0.14 -0.79] 
new state: [ 0.96  1.09  9.42  1.82  1.51  1.8   0.27  1.59 -0.43 -0.02  2.32 -0.36
  1.15  0.06  0.39 -1.72  6.43  0.19 -0.35  0.14 -0.79] 
new state: [ 0.96  1.09  9.42  1.82  1.51  1.8   0.27  1.59 -0.43 -0.02  2.32 -0.36
  1.16  0.06  0.39 -1.72  6.43  0.19 -0.35  0.14 -0.79] 
new state: [ 0.96  1.09  9.42  1.82  1.51  1.8   0.27  1.59 -0.43 -0.02  2.32 -0.35
  1.16  0.06  0.39 -1.72  6.43  0.19 -0.35  0.14 -0.79] 
new state: [ 0.96  1.09  9.42  1.82  1.51  1.8   0.27  1.59 -0.43 -0.02  2.32 -0.35
  1.16  0.06  0.4  -1.72  6.43  0.19 -0.35  0.14 -0.79] 
new state: [ 0.96  1.09  9.42  1.82  1.51  1.8   0.27  1.59 -0.43 -0.02  2.32 -0.35
  1.16  0.06  0.4  -1.72  6.43  0.19 -0.35  0.14 -0.79] 
new state: [ 0.96  1.1   9.42  1.82  1.51  1.8   0.27  1.59 -0.43 -0.01  2.33 -0.35
  1.16  0.06  0.4  -1.72  6.43  0.19 -0.35  0.14 -0.79] 
new state: [ 0.96  1.1   9.42  1.82  1.51  1.8   0.27  1.59 -0.43 -0.01  2.33 -0.35
  1.16  0.06  0.4  -1.72  6.43  0.19 -0.35  0.14 -0.79] 
new state: [ 0.97  1.1   9.42  1.82  1.51  1.8   0.27  1.59 -0.43 -0.01  2.33 -0.35
  1.17  0.06  0.4  -1.72  6.43  0.19 -0.35  0.14 -0.79] 
new state: [ 0.97  1.1   9.42  1.82  1.51  1.8   0.27  1.59 -0.43 -0.01  2.33 -0.35
  1.17  0.06  0.4  -1.72  6.43  0.19 -0.35  0.14 -0.79] 
new state: [ 0.97  1.1   9.42  1.82  1.51  1.8   0.27  1.59 -0.43 -0.01  2.33 -0.35
  1.17  0.06  0.4  -1.72  6.43  0.19 -0.35  0.14 -0.79] 
new state: [ 0.97  1.1   9.42  1.82  1.51  1.8   0.27  1.59 -0.43 -0.01  2.33 -0.35
  1.17  0.06  0.41 -1.72  6.43  0.19 -0.35  0.14 -0.79] 
new state: [ 0.97  1.1   9.42  1.82  1.51  1.8   0.27  1.59 -0.43 -0.01  2.33 -0.35
  1.17  0.07  0.41 -1.72  6.43  0.19 -0.35  0.14 -0.79] 
new state: [ 0.97  1.1   9.42  1.82  1.51  1.8   0.27  1.59 -0.43 -0.01  2.33 -0.35
  1.17  0.07  0.41 -1.72  6.43  0.19 -0.35  0.14 -0.79] 
new state: [ 0.97  1.1   9.42  1.82  1.51  1.8   0.27  1.59 -0.43 -0.01  2.33 -0.35
  1.17  0.07  0.41 -1.72  6.43  0.19 -0.35  0.14 -0.79] 
new state: [ 0.97  1.1   9.42  1.82  1.51  1.8   0.27  1.59 -0.43 -0.01  2.34 -0.34
  1.17  0.07  0.41 -1.72  6.43  0.19 -0.35  0.14 -0.79] 
new state: [ 0.97  1.1   9.42  1.82  1.51  1.8   0.27  1.59 -0.43 -0.01  2.34 -0.34
  1.17  0.07  0.41 -1.72  6.43  0.19 -0.35  0.14 -0.79] 
new state: [ 0.97  1.1   9.42  1.82  1.51  1.8   0.27  1.59 -0.43 -0.    2.34 -0.34
  1.17  0.07  0.41 -1.72  6.43  0.19 -0.35  0.14 -0.79] 
new state: [ 0.97  1.1   9.42  1.82  1.51  1.8   0.27  1.59 -0.43 -0.    2.34 -0.34
  1.17  0.07  0.41 -1.72  6.43  0.19 -0.35  0.14 -0.79] 
new state: [ 0.98  1.1   9.42  1.82  1.51  1.8   0.27  1.59 -0.43 -0.    2.34 -0.34
  1.18  0.07  0.41 -1.72  6.43  0.19 -0.35  0.14 -0.79] 
new state: [ 0.98  1.1   9.42  1.82  1.51  1.8   0.27  1.59 -0.43 -0.    2.34 -0.34
  1.18  0.07  0.41 -1.72  6.43  0.19 -0.35  0.14 -0.79] 
new state: [ 0.98  1.1   9.42  1.82  1.51  1.8   0.27  1.59 -0.43 -0.    2.34 -0.34
  1.18  0.07  0.41 -1.72  6.43  0.19 -0.35  0.14 -0.79] 
new state: [ 0.98  1.1   9.42  1.82  1.51  1.8   0.27  1.59 -0.43 -0.    2.34 -0.34
  1.18  0.08  0.41 -1.72  6.43  0.19 -0.35  0.14 -0.79] 
new state: [ 0.98  1.1   9.42  1.82  1.51  1.8   0.27  1.59 -0.43  0.    2.34 -0.34
  1.18  0.08  0.41 -1.72  6.43  0.19 -0.35  0.14 -0.79] 
new state: [ 0.98  1.1   9.42  1.82  1.51  1.8   0.27  1.59 -0.43  0.    2.34 -0.34
  1.18  0.08  0.41 -1.72  6.43  0.19 -0.35  0.14 -0.79] 
new state: [ 0.98  1.1   9.42  1.82  1.51  1.8   0.27  1.59 -0.43  0.    2.34 -0.33
  1.18  0.08  0.41 -1.72  6.43  0.19 -0.35  0.14 -0.79] 
new state: [ 0.98  1.1   9.42  1.82  1.51  1.8   0.27  1.59 -0.43  0.    2.34 -0.33
  1.18  0.08  0.41 -1.72  6.43  0.19 -0.35  0.14 -0.79] 
new state: [ 0.98  1.1   9.42  1.82  1.51  1.8   0.27  1.59 -0.43  0.    2.34 -0.33
  1.18  0.08  0.41 -1.72  6.43  0.19 -0.35  0.14 -0.79] 
new state: [ 0.99  1.1   9.42  1.82  1.51  1.8   0.27  1.59 -0.43  0.    2.34 -0.33
  1.18  0.08  0.41 -1.72  6.43  0.19 -0.35  0.14 -0.79] 
new state: [ 0.99  1.1   9.42  1.82  1.51  1.8   0.27  1.59 -0.43  0.01  2.34 -0.33
  1.18  0.08  0.41 -1.72  6.43  0.19 -0.35  0.14 -0.79] 
new state: [ 0.99  1.1   9.42  1.82  1.51  1.8   0.27  1.59 -0.43  0.01  2.34 -0.33
  1.17  0.08  0.41 -1.72  6.43  0.19 -0.35  0.14 -0.79] 
new state: [ 0.99  1.1   9.42  1.82  1.51  1.8   0.27  1.59 -0.43  0.01  2.34 -0.33
  1.17  0.09  0.41 -1.72  6.43  0.19 -0.35  0.14 -0.79] 
new state: [ 0.99  1.1   9.42  1.82  1.51  1.8   0.27  1.59 -0.43  0.01  2.34 -0.33
  1.17  0.09  0.41 -1.72  6.43  0.19 -0.35  0.14 -0.79] 
new state: [ 0.99  1.1   9.42  1.82  1.51  1.8   0.27  1.59 -0.43  0.01  2.34 -0.33
  1.17  0.09  0.41 -1.72  6.43  0.19 -0.35  0.14 -0.79] 
new state: [ 0.99  1.1   9.42  1.82  1.51  1.8   0.27  1.59 -0.43  0.01  2.34 -0.33
  1.17  0.09  0.41 -1.72  6.43  0.19 -0.35  0.14 -0.79] 
new state: [ 0.99  1.1   9.42  1.82  1.51  1.8   0.27  1.59 -0.43  0.01  2.33 -0.32
  1.17  0.09  0.41 -1.72  6.43  0.19 -0.35  0.14 -0.79] 
new state: [ 0.99  1.1   9.42  1.82  1.51  1.8   0.27  1.59 -0.43  0.01  2.33 -0.32
  1.17  0.09  0.41 -1.72  6.43  0.19 -0.35  0.14 -0.79] 
new state: [ 0.99  1.1   9.42  1.82  1.51  1.8   0.27  1.59 -0.43  0.01  2.33 -0.32
  1.17  0.09  0.41 -1.72  6.43  0.19 -0.35  0.14 -0.79] 
new state: [ 1.    1.1   9.42  1.82  1.51  1.8   0.27  1.59 -0.43  0.01  2.33 -0.32
  1.17  0.09  0.41 -1.72  6.43  0.19 -0.35  0.14 -0.79] 
new state: [ 1.    1.1   9.42  1.82  1.51  1.8   0.27  1.59 -0.43  0.01  2.33 -0.32
  1.17  0.1   0.41 -1.72  6.43  0.19 -0.35  0.14 -0.79] 
new state: [ 1.    1.09  9.42  1.82  1.51  1.8   0.27  1.59 -0.43  0.01  2.33 -0.32
  1.17  0.1   0.4  -1.72  6.43  0.19 -0.35  0.14 -0.79] 
new state: [ 1.    1.09  9.42  1.82  1.51  1.8   0.27  1.59 -0.43  0.01  2.33 -0.32
  1.17  0.1   0.4  -1.72  6.43  0.19 -0.35  0.14 -0.79] 
new state: [ 1.    1.09  9.42  1.82  1.51  1.8   0.27  1.59 -0.43  0.01  2.33 -0.32
  1.16  0.1   0.4  -1.72  6.43  0.19 -0.35  0.14 -0.79] 
new state: [ 1.    1.09  9.42  1.82  1.51  1.8   0.27  1.59 -0.43  0.02  2.33 -0.32
  1.16  0.1   0.4  -1.72  6.43  0.19 -0.35  0.14 -0.79] 
new state: [ 1.    1.09  9.42  1.82  1.51  1.8   0.27  1.59 -0.43  0.02  2.33 -0.32
  1.16  0.1   0.4  -1.72  6.43  0.19 -0.35  0.14 -0.79] 
new state: [ 1.    1.09  9.42  1.82  1.51  1.8   0.27  1.59 -0.43  0.02  2.32 -0.31
  1.16  0.1   0.4  -1.72  6.43  0.19 -0.35  0.14 -0.79] 
new state: [ 1.    1.09  9.42  1.82  1.51  1.8   0.27  1.59 -0.43  0.02  2.32 -0.31
  1.16  0.1   0.4  -1.72  6.43  0.19 -0.35  0.14 -0.79] 
new state: [ 1.    1.09  9.42  1.82  1.51  1.8   0.27  1.59 -0.43  0.02  2.32 -0.31
  1.16  0.1   0.4  -1.72  6.43  0.19 -0.35  0.14 -0.79] 
new state: [ 1.    1.08  9.42  1.82  1.51  1.8   0.27  1.59 -0.43  0.02  2.32 -0.31
  1.16  0.11  0.39 -1.72  6.43  0.19 -0.35  0.14 -0.79] 
new state: [ 1.01  1.08  9.42  1.82  1.51  1.8   0.27  1.59 -0.43  0.02  2.32 -0.31
  1.15  0.11  0.39 -1.72  6.43  0.19 -0.35  0.14 -0.79] 
new state: [ 1.01  1.08  9.42  1.82  1.51  1.8   0.27  1.59 -0.43  0.02  2.32 -0.31
  1.15  0.11  0.39 -1.72  6.43  0.19 -0.35  0.14 -0.79] 
new state: [ 1.01  1.08  9.42  1.82  1.51  1.8   0.27  1.59 -0.43  0.02  2.32 -0.31
  1.15  0.11  0.39 -1.72  6.43  0.19 -0.35  0.14 -0.79] 
new state: [ 1.01  1.08  9.43  1.82  1.51  1.8   0.27  1.59 -0.43  0.02  2.31 -0.31
  1.15  0.11  0.39 -1.72  6.43  0.19 -0.35  0.14 -0.79] 
new state: [ 1.01  1.08  9.43  1.82  1.51  1.8   0.27  1.59 -0.43  0.02  2.31 -0.31
  1.15  0.11  0.39 -1.72  6.43  0.19 -0.35  0.14 -0.79] 
new state: [ 1.01  1.07  9.43  1.82  1.51  1.8   0.27  1.59 -0.43  0.02  2.31 -0.31
  1.15  0.11  0.38 -1.72  6.43  0.19 -0.35  0.14 -0.79] 
new state: [ 1.01  1.07  9.43  1.82  1.51  1.8   0.27  1.59 -0.43  0.02  2.31 -0.31
  1.14  0.11  0.38 -1.72  6.43  0.19 -0.35  0.14 -0.79] 
new state: [ 1.01  1.07  9.43  1.82  1.51  1.8   0.27  1.59 -0.43  0.02  2.31 -0.31
  1.14  0.11  0.38 -1.72  6.43  0.19 -0.35  0.14 -0.79] 
new state: [ 1.01  1.07  9.43  1.82  1.51  1.8   0.27  1.59 -0.43  0.02  2.31 -0.3
  1.14  0.11  0.38 -1.72  6.43  0.19 -0.35  0.14 -0.79] 
new state: [ 1.01  1.07  9.43  1.82  1.51  1.8   0.27  1.59 -0.43  0.03  2.3  -0.3
  1.14  0.11  0.38 -1.72  6.43  0.19 -0.35  0.14 -0.79] 
new state: [ 1.01  1.07  9.43  1.82  1.51  1.8   0.27  1.59 -0.43  0.03  2.3  -0.3
  1.14  0.12  0.38 -1.72  6.43  0.19 -0.35  0.14 -0.79] 
new state: [ 1.01  1.06  9.43  1.82  1.51  1.8   0.27  1.59 -0.43  0.03  2.3  -0.3
  1.13  0.12  0.37 -1.72  6.43  0.19 -0.35  0.14 -0.79] 
new state: [ 1.01  1.06  9.43  1.82  1.51  1.8   0.27  1.59 -0.43  0.03  2.3  -0.3
  1.13  0.12  0.37 -1.72  6.43  0.19 -0.35  0.14 -0.79] 
new state: [ 1.01  1.06  9.43  1.82  1.51  1.8   0.27  1.59 -0.43  0.03  2.3  -0.3
  1.13  0.12  0.37 -1.72  6.43  0.19 -0.35  0.14 -0.79] 
new state: [ 1.02  1.06  9.43  1.82  1.51  1.8   0.27  1.59 -0.43  0.03  2.29 -0.3
  1.13  0.12  0.37 -1.72  6.43  0.19 -0.35  0.14 -0.79] 
new state: [ 1.02  1.06  9.43  1.82  1.51  1.8   0.27  1.59 -0.43  0.03  2.29 -0.3
  1.13  0.12  0.37 -1.72  6.43  0.19 -0.35  0.14 -0.79] 
new state: [ 1.02  1.05  9.43  1.82  1.51  1.8   0.27  1.59 -0.43  0.03  2.29 -0.3
  1.12  0.12  0.36 -1.72  6.43  0.19 -0.35  0.14 -0.79] 
new state: [ 1.02  1.05  9.43  1.82  1.51  1.8   0.27  1.59 -0.43  0.03  2.29 -0.3
  1.12  0.12  0.36 -1.72  6.43  0.19 -0.35  0.14 -0.79] 
new state: [ 1.02  1.05  9.43  1.82  1.51  1.8   0.27  1.59 -0.43  0.03  2.29 -0.3
  1.12  0.12  0.36 -1.72  6.43  0.19 -0.35  0.14 -0.79] 
new state: [ 1.02  1.05  9.43  1.82  1.51  1.8   0.27  1.59 -0.43  0.03  2.28 -0.3
  1.12  0.12  0.36 -1.72  6.43  0.19 -0.35  0.14 -0.79] 
new state: [ 1.02  1.05  9.43  1.82  1.51  1.8   0.27  1.59 -0.43  0.03  2.28 -0.3
  1.12  0.12  0.36 -1.72  6.43  0.19 -0.35  0.14 -0.79] 
move to way point [0.         1.         3.14159265]
new state: [ 0.98  1.05  9.43  1.82  1.51  1.8   0.27  1.59 -0.43  0.02  2.28 -0.3
  1.12  0.12  0.35 -1.72  6.43  0.19 -0.35  0.14 -0.79] 
new state: [ 0.96  1.05  9.43  1.82  1.51  1.8   0.27  1.59 -0.43  0.02  2.28 -0.31
  1.11  0.11  0.35 -1.72  6.43  0.19 -0.35  0.14 -0.79] 
new state: [ 0.95  1.05  9.43  1.82  1.51  1.8   0.27  1.59 -0.43  0.01  2.28 -0.32
  1.11  0.1   0.35 -1.72  6.43  0.19 -0.35  0.14 -0.79] 
new state: [ 0.93  1.05  9.43  1.82  1.51  1.8   0.27  1.59 -0.43 -0.01  2.28 -0.33
  1.11  0.08  0.35 -1.72  6.43  0.19 -0.35  0.14 -0.79] 
new state: [ 0.91  1.05  9.43  1.82  1.51  1.8   0.27  1.59 -0.43 -0.02  2.28 -0.34
  1.11  0.07  0.35 -1.72  6.43  0.19 -0.35  0.14 -0.79] 
new state: [ 0.9   1.04  9.43  1.82  1.51  1.8   0.27  1.59 -0.43 -0.03  2.28 -0.35
  1.11  0.06  0.35 -1.72  6.43  0.19 -0.35  0.14 -0.79] 
new state: [ 0.88  1.04  9.43  1.82  1.51  1.8   0.27  1.59 -0.43 -0.04  2.28 -0.37
  1.11  0.05  0.35 -1.72  6.43  0.19 -0.35  0.14 -0.79] 
new state: [ 0.87  1.04  9.43  1.82  1.51  1.8   0.27  1.59 -0.43 -0.05  2.28 -0.38
  1.11  0.03  0.35 -1.72  6.43  0.19 -0.35  0.14 -0.79] 
new state: [ 0.84  1.03  9.43  1.82  1.51  1.8   0.27  1.59 -0.43 -0.07  2.29 -0.39
  1.11  0.03  0.35 -1.72  6.43  0.19 -0.35  0.14 -0.79] 
new state: [ 0.82  1.02  9.43  1.82  1.51  1.8   0.27  1.59 -0.43 -0.09  2.31 -0.41
  1.1   0.02  0.34 -1.72  6.43  0.19 -0.35  0.14 -0.79] 
new state: [ 0.77  1.02  9.43  1.82  1.51  1.8   0.27  1.59 -0.43 -0.09  2.31 -0.41
  1.1   0.02  0.34 -1.72  6.43  0.19 -0.35  0.14 -0.79] 
new state: [ 0.74  1.02  9.43  1.82  1.51  1.8   0.27  1.59 -0.43 -0.09  2.31 -0.41
  1.11  0.01  0.34 -1.72  6.43  0.19 -0.35  0.14 -0.79] 
new state: [ 0.7   1.02  9.43  1.82  1.51  1.8   0.27  1.59 -0.43 -0.09  2.31 -0.41
  1.1   0.02  0.34 -1.72  6.43  0.19 -0.35  0.14 -0.79] 
new state: [ 0.67  1.02  9.43  1.82  1.51  1.8   0.27  1.59 -0.43 -0.09  2.31 -0.41
  1.1   0.02  0.34 -1.72  6.43  0.19 -0.35  0.14 -0.79] 
new state: [ 0.63  1.02  9.43  1.82  1.51  1.8   0.27  1.59 -0.43 -0.09  2.31 -0.4
  1.1   0.02  0.34 -1.72  6.43  0.19 -0.35  0.14 -0.79] 
new state: [ 0.59  1.02  9.43  1.82  1.51  1.8   0.27  1.59 -0.43 -0.09  2.31 -0.39
  1.1   0.02  0.34 -1.72  6.43  0.19 -0.35  0.14 -0.79] 
new state: [ 0.55  1.02  9.43  1.82  1.51  1.8   0.27  1.59 -0.43 -0.09  2.31 -0.38
  1.1   0.02  0.34 -1.72  6.43  0.19 -0.35  0.14 -0.79] 
new state: [ 0.51  1.02  9.43  1.82  1.51  1.8   0.27  1.59 -0.43 -0.09  2.31 -0.38
  1.1   0.02  0.34 -1.72  6.43  0.19 -0.35  0.14 -0.79] 
new state: [ 0.47  1.02  9.43  1.82  1.51  1.8   0.27  1.59 -0.43 -0.09  2.31 -0.37
  1.1   0.02  0.34 -1.72  6.43  0.19 -0.35  0.14 -0.79] 
new state: [ 0.43  1.02  9.43  1.82  1.51  1.8   0.27  1.59 -0.43 -0.09  2.31 -0.36
  1.1   0.02  0.34 -1.72  6.43  0.19 -0.35  0.14 -0.79] 
new state: [ 0.39  1.02  9.43  1.82  1.51  1.8   0.27  1.59 -0.43 -0.09  2.31 -0.36
  1.1   0.02  0.34 -1.72  6.43  0.19 -0.35  0.14 -0.79] 
new state: [ 0.36  1.02  9.43  1.82  1.51  1.8   0.27  1.59 -0.43 -0.09  2.31 -0.35
  1.1   0.02  0.34 -1.72  6.43  0.19 -0.35  0.14 -0.79] 
new state: [ 0.32  1.02  9.43  1.82  1.51  1.8   0.27  1.59 -0.43 -0.09  2.31 -0.35
  1.1   0.02  0.34 -1.72  6.43  0.19 -0.35  0.14 -0.79] 
new state: [ 0.29  1.01  9.43  1.82  1.51  1.8   0.27  1.59 -0.43 -0.09  2.31 -0.35
  1.1   0.02  0.34 -1.72  6.43  0.19 -0.35  0.14 -0.79] 
new state: [ 0.26  1.01  9.43  1.82  1.51  1.8   0.27  1.59 -0.43 -0.09  2.31 -0.35
  1.1   0.02  0.34 -1.72  6.43  0.19 -0.35  0.14 -0.79] 
new state: [ 0.24  1.01  9.43  1.82  1.51  1.8   0.27  1.59 -0.43 -0.09  2.31 -0.36
  1.1   0.02  0.34 -1.72  6.43  0.19 -0.35  0.14 -0.79] 
new state: [ 0.21  1.01  9.43  1.82  1.51  1.8   0.27  1.59 -0.43 -0.09  2.31 -0.36
  1.1   0.02  0.34 -1.72  6.43  0.19 -0.35  0.14 -0.79] 
new state: [ 0.18  1.01  9.43  1.82  1.51  1.8   0.27  1.59 -0.43 -0.09  2.31 -0.36
  1.09  0.02  0.34 -1.72  6.43  0.19 -0.35  0.14 -0.79] 
new state: [ 0.16  1.01  9.42  1.82  1.51  1.8   0.27  1.59 -0.43 -0.09  2.31 -0.37
  1.09  0.02  0.34 -1.72  6.43  0.19 -0.35  0.14 -0.79] 
new state: [ 0.13  1.01  9.42  1.82  1.51  1.8   0.27  1.59 -0.43 -0.09  2.31 -0.37
  1.09  0.02  0.34 -1.72  6.43  0.19 -0.35  0.14 -0.79] 
new state: [ 0.11  1.01  9.42  1.82  1.51  1.8   0.27  1.59 -0.43 -0.09  2.31 -0.38
  1.09  0.02  0.34 -1.72  6.43  0.19 -0.35  0.14 -0.79] 
new state: [ 0.09  1.01  9.42  1.82  1.51  1.8   0.27  1.59 -0.43 -0.09  2.31 -0.38
  1.09  0.02  0.34 -1.72  6.43  0.19 -0.35  0.14 -0.79] 
new state: [ 0.06  1.01  9.42  1.82  1.51  1.8   0.27  1.59 -0.43 -0.09  2.31 -0.38
  1.09  0.02  0.34 -1.72  6.43  0.19 -0.35  0.14 -0.79] 
new state: [ 0.04  1.01  9.42  1.82  1.51  1.8   0.27  1.59 -0.43 -0.09  2.31 -0.38
  1.09  0.02  0.34 -1.72  6.43  0.19 -0.35  0.14 -0.79] 
move to way point [0.         1.         4.71238898]
new state: [ 0.04  1.01  9.48  1.82  1.51  1.8   0.27  1.59 -0.43 -0.09  2.31 -0.38
  1.08  0.02  0.34 -1.72  6.43  0.19 -0.35  0.14 -0.79] 
new state: [ 0.03  1.02  9.54  1.82  1.51  1.8   0.27  1.59 -0.43 -0.09  2.31 -0.38
  1.08  0.02  0.34 -1.72  6.43  0.19 -0.35  0.14 -0.79] 
new state: [ 0.02  1.03  9.6   1.82  1.51  1.8   0.27  1.59 -0.43 -0.09  2.31 -0.37
  1.07  0.02  0.34 -1.72  6.43  0.19 -0.35  0.14 -0.79] 
new state: [ 0.02  1.03  9.66  1.82  1.51  1.8   0.27  1.59 -0.43 -0.09  2.31 -0.37
  1.06  0.02  0.34 -1.72  6.43  0.19 -0.35  0.14 -0.79] 
new state: [ 0.01  1.04  9.72  1.82  1.51  1.8   0.27  1.59 -0.43 -0.09  2.31 -0.36
  1.05  0.02  0.34 -1.72  6.43  0.19 -0.35  0.14 -0.79] 
new state: [ 0.    1.05  9.78  1.82  1.51  1.8   0.27  1.59 -0.43 -0.09  2.31 -0.35
  1.04  0.02  0.34 -1.72  6.43  0.19 -0.35  0.14 -0.79] 
new state: [-0.01  1.05  9.83  1.82  1.51  1.8   0.27  1.59 -0.43 -0.09  2.31 -0.34
  1.03  0.02  0.34 -1.72  6.43  0.19 -0.35  0.14 -0.79] 
new state: [-0.01  1.05  9.88  1.82  1.51  1.8   0.27  1.59 -0.43 -0.09  2.31 -0.33
  1.03  0.02  0.34 -1.72  6.43  0.19 -0.35  0.14 -0.79] 
new state: [-0.02  1.06  9.94  1.82  1.51  1.8   0.27  1.59 -0.43 -0.09  2.31 -0.32
  1.02  0.02  0.34 -1.72  6.43  0.19 -0.35  0.14 -0.79] 
new state: [-0.02  1.05  9.99  1.82  1.51  1.8   0.27  1.59 -0.43 -0.09  2.31 -0.32
  1.02  0.02  0.34 -1.72  6.43  0.19 -0.35  0.14 -0.79] 
new state: [-0.02  1.05 10.04  1.82  1.51  1.8   0.27  1.59 -0.43 -0.09  2.31 -0.32
  1.02  0.02  0.34 -1.72  6.43  0.19 -0.35  0.14 -0.79] 
new state: [-0.02  1.04 10.1   1.82  1.51  1.8   0.27  1.59 -0.43 -0.09  2.31 -0.32
  1.03  0.02  0.34 -1.72  6.43  0.19 -0.35  0.14 -0.79] 
new state: [-0.1   0.97 10.73  1.82  1.51  1.8   0.27  1.59 -0.43 -0.09  2.31 -0.37
  1.    0.16  0.41 -1.72  6.43  0.19 -0.35  0.14 -0.79] 
new state: [-0.08  0.97 10.77  1.82  1.51  1.8   0.27  1.59 -0.43 -0.09  2.31 -0.37
  1.    0.16  0.42 -1.72  6.43  0.19 -0.35  0.14 -0.79] 
new state: [-0.08  0.97 10.82  1.82  1.51  1.8   0.27  1.59 -0.43 -0.09  2.31 -0.37
  1.    0.16  0.42 -1.72  6.43  0.19 -0.35  0.14 -0.79] 
new state: [-0.07  0.97 10.86  1.82  1.51  1.8   0.27  1.59 -0.43 -0.09  2.31 -0.37
  1.    0.16  0.42 -1.72  6.43  0.19 -0.35  0.14 -0.79] 
new state: [-0.06  0.97 10.91  1.82  1.51  1.8   0.27  1.59 -0.43 -0.09  2.31 -0.37
  1.    0.15  0.41 -1.72  6.43  0.19 -0.35  0.14 -0.79] 
new state: [-0.05  0.97 10.95  1.82  1.51  1.8   0.27  1.59 -0.43 -0.09  2.31 -0.37
  1.    0.15  0.41 -1.72  6.43  0.19 -0.35  0.14 -0.79] 
new state: [-0.04  0.97 10.99  1.82  1.51  1.8   0.27  1.59 -0.43 -0.09  2.31 -0.37
  1.    0.14  0.41 -1.72  6.43  0.19 -0.35  0.14 -0.79] 
move to way point [0.         0.         4.71238898]
new state: [-0.03  0.93 10.99  1.82  1.51  1.8   0.27  1.59 -0.43 -0.09  2.31 -0.37
  1.    0.13  0.4  -1.72  6.43  0.19 -0.35  0.14 -0.79] 
new state: [-1.000e-02  9.100e-01  1.099e+01  1.820e+00  1.510e+00  1.800e+00
  2.700e-01  1.590e+00 -4.300e-01 -9.000e-02  2.310e+00 -3.700e-01
  1.000e+00  1.100e-01  3.800e-01 -1.720e+00  6.430e+00  1.900e-01
 -3.500e-01  1.400e-01 -7.900e-01] 
new state: [ 0.    0.88 10.99  1.82  1.51  1.8   0.27  1.59 -0.43 -0.09  2.31 -0.37
  1.    0.1   0.36 -1.72  6.43  0.19 -0.35  0.14 -0.79] 
new state: [-0.19  0.81 10.99  1.82  1.51  1.8   0.27  1.59 -0.43 -0.24  2.27 -0.54
  0.96 -0.13  0.29 -1.72  6.43  0.92 -0.18  0.14 -0.79] 
new state: [-0.14  0.8  10.99  1.82  1.51  1.8   0.27  1.59 -0.43 -0.24  2.27 -0.54
  0.96 -0.14  0.27 -1.72  6.43  0.93 -0.18  0.14 -0.79] 
new state: [-0.13  0.79 10.99  1.82  1.51  1.8   0.27  1.59 -0.43 -0.24  2.27 -0.54
  0.96 -0.15  0.25 -1.72  6.43  0.93 -0.2   0.14 -0.79] 
new state: [-0.1   0.78 10.99  1.82  1.51  1.8   0.27  1.59 -0.43 -0.24  2.27 -0.54
  0.96 -0.16  0.24 -1.72  6.43  0.92 -0.23  0.14 -0.79] 
new state: [-0.09  0.77 10.99  1.82  1.51  1.8   0.27  1.59 -0.43 -0.24  2.27 -0.54
  0.96 -0.17  0.23 -1.72  6.43  0.91 -0.26  0.14 -0.79] 
new state: [-0.06  0.76 10.99  1.82  1.51  1.8   0.27  1.59 -0.43 -0.24  2.27 -0.54
  0.96 -0.17  0.22 -1.72  6.43  0.89 -0.29  0.14 -0.79] 
new state: [-0.05  0.74 10.99  1.82  1.51  1.8   0.27  1.59 -0.43 -0.24  2.27 -0.54
  0.96 -0.18  0.22 -1.72  6.43  0.89 -0.33  0.14 -0.79] 
new state: [-0.04  0.71 10.99  1.82  1.51  1.8   0.27  1.59 -0.43 -0.24  2.27 -0.54
  0.96 -0.18  0.22 -1.72  6.43  0.88 -0.35  0.14 -0.79] 
new state: [-0.04  0.67 10.99  1.82  1.51  1.8   0.27  1.59 -0.43 -0.24  2.27 -0.54
  0.96 -0.18  0.21 -1.72  6.43  0.88 -0.36  0.14 -0.79] 
new state: [-0.04  0.62 10.99  1.82  1.51  1.8   0.27  1.59 -0.43 -0.24  2.27 -0.54
  0.96 -0.18  0.2  -1.72  6.43  0.88 -0.36  0.14 -0.79] 
new state: [-0.03  0.59 10.99  1.82  1.51  1.8   0.27  1.59 -0.43 -0.24  2.27 -0.54
  0.96 -0.18  0.2  -1.72  6.43  0.89 -0.36  0.14 -0.79] 
new state: [-0.03  0.55 10.99  1.82  1.51  1.8   0.27  1.59 -0.43 -0.24  2.27 -0.54
  0.96 -0.18  0.19 -1.72  6.43  0.89 -0.37  0.14 -0.79] 
new state: [-0.03  0.51 10.99  1.82  1.51  1.8   0.27  1.59 -0.43 -0.24  2.27 -0.54
  0.96 -0.18  0.18 -1.72  6.43  0.89 -0.38  0.14 -0.79] 
new state: [-0.03  0.47 10.99  1.82  1.51  1.8   0.27  1.59 -0.43 -0.24  2.27 -0.54
  0.96 -0.18  0.18 -1.72  6.43  0.89 -0.38  0.14 -0.79] 
new state: [-0.02  0.43 10.99  1.82  1.51  1.8   0.27  1.59 -0.43 -0.24  2.27 -0.54
  0.96 -0.18  0.17 -1.72  6.43  0.89 -0.39  0.14 -0.79] 
new state: [-0.02  0.39 10.99  1.82  1.51  1.8   0.27  1.59 -0.43 -0.24  2.27 -0.54
  0.96 -0.18  0.17 -1.72  6.43  0.89 -0.39  0.14 -0.79] 
new state: [-0.02  0.35 10.99  1.82  1.51  1.8   0.27  1.59 -0.43 -0.24  2.27 -0.54
  0.96 -0.18  0.16 -1.72  6.43  0.89 -0.4   0.14 -0.79] 
move to way point [0. 0. 0.]
