[0.         0.         0.         1.63814314 1.12375937]
[ 0.          0.          0.          1.63814314  1.12375937  1.68418132
 -0.07494429]
move to way point [0. 0. 0.]
move to way point [1. 0. 0.]
new state: [ 0.02  0.    0.    1.66  1.12  1.7  -0.07] 
new state: [ 0.05  0.    0.    1.66  1.12  1.71 -0.07] 
new state: [ 0.08 -0.    0.    1.67  1.12  1.72 -0.07] 
new state: [ 0.1  -0.    0.    1.69  1.12  1.73 -0.07] 
new state: [ 0.12  0.    0.    1.7   1.12  1.75 -0.07] 
new state: [ 0.14  0.    0.    1.72  1.12  1.76 -0.07] 
new state: [ 0.16  0.    0.    1.73  1.12  1.78 -0.07] 
new state: [ 0.18  0.    0.    1.75  1.12  1.79 -0.07] 
new state: [ 0.2  -0.01  0.    1.79  1.14  1.79 -0.08] 
[ 0.25753648 -0.01060384  0.          1.78892457  1.1399715   1.78677846
 -0.07794556  1.22546243 -0.70763603]
new state: [ 0.28 -0.01  0.    1.78  1.14  1.84 -0.06  1.25 -0.71] 
new state: [ 0.33 -0.01  0.    1.79  1.14  1.85 -0.06  1.25 -0.71] 
new state: [ 0.37 -0.01  0.    1.79  1.14  1.85 -0.06  1.25 -0.71] 
new state: [ 0.41 -0.02  0.    1.8   1.15  1.86 -0.06  1.26 -0.71] 
new state: [ 0.45 -0.02  0.    1.81  1.16  1.86 -0.06  1.26 -0.72] 
new state: [ 0.5  -0.03  0.    1.81  1.16  1.86 -0.06  1.26 -0.72] 
new state: [ 0.55 -0.02  0.    1.81  1.16  1.86 -0.06  1.26 -0.72] 
new state: [ 0.59 -0.02  0.    1.81  1.16  1.87 -0.06  1.26 -0.71] 
new state: [ 0.64 -0.02  0.    1.81  1.16  1.87 -0.06  1.27 -0.72] 
new state: [ 0.7  -0.01  0.    1.81  1.15  1.87 -0.06  1.26 -0.71] 
new state: [ 0.74 -0.01  0.    1.81  1.15  1.87 -0.07  1.26 -0.71] 
new state: [ 0.79 -0.01  0.    1.81  1.15  1.87 -0.07  1.26 -0.71] 
new state: [ 0.83 -0.01  0.    1.81  1.15  1.87 -0.07  1.26 -0.71] 
new state: [ 0.88 -0.    0.    1.8   1.14  1.87 -0.07  1.26 -0.71] 
new state: [ 0.93 -0.    0.    1.81  1.14  1.86 -0.06  1.26 -0.71] 
new state: [ 0.98 -0.    0.    1.81  1.14  1.85 -0.06  1.26 -0.71] 
move to way point [1.         0.         1.57079633]
new state: [ 0.99 -0.01  0.06  1.81  1.14  1.84 -0.05  1.26 -0.71] 
new state: [ 1.01 -0.02  0.12  1.81  1.14  1.82 -0.04  1.26 -0.71] 
new state: [ 1.02 -0.04  0.18  1.81  1.14  1.8  -0.02  1.26 -0.71] 
new state: [ 1.04 -0.05  0.24  1.81  1.14  1.78 -0.    1.26 -0.71] 
new state: [ 1.06 -0.07  0.3   1.81  1.14  1.76  0.02  1.26 -0.71] 
new state: [ 1.07 -0.08  0.36  1.81  1.14  1.74  0.03  1.26 -0.71] 
new state: [ 1.09 -0.09  0.41  1.81  1.14  1.72  0.05  1.26 -0.71] 
new state: [ 1.1  -0.09  0.46  1.81  1.14  1.7   0.06  1.26 -0.71] 
new state: [ 1.11 -0.1   0.51  1.81  1.14  1.68  0.07  1.26 -0.71] 
new state: [ 1.12 -0.1   0.56  1.81  1.14  1.67  0.07  1.26 -0.71] 
new state: [ 1.12 -0.09  0.62  1.81  1.14  1.66  0.07  1.26 -0.71] 
new state: [ 1.12 -0.08  0.67  1.81  1.14  1.65  0.07  1.26 -0.71] 
new state: [ 1.29 -0.07  0.73  1.47  1.13  1.81  0.07  1.26 -0.71] 
new state: [ 1.26 -0.06  0.77  1.47  1.14  1.81  0.06  1.26 -0.71] 
new state: [ 1.25 -0.05  0.81  1.47  1.14  1.81  0.05  1.26 -0.71] 
new state: [ 1.24 -0.04  0.84  1.47  1.14  1.81  0.04  1.26 -0.71] 
new state: [ 1.23 -0.03  0.87  1.47  1.14  1.81  0.03  1.26 -0.71] 
new state: [ 1.21 -0.03  0.91  1.48  1.14  1.81  0.03  1.26 -0.71] 
[ 1.20704656 -0.0286504   0.90956395  1.47788694  1.13740654  1.80777573
  0.03054603  1.26419782 -0.7119107   0.8518827   1.62700077]
new state: [ 1.2  -0.02  0.95  1.52  1.13  1.81  0.03  1.26 -0.71  0.79  1.62] 
new state: [ 1.18 -0.02  0.98  1.52  1.13  1.81  0.03  1.26 -0.71  0.8   1.62] 
new state: [ 1.15 -0.02  1.02  1.53  1.13  1.81  0.03  1.26 -0.71  0.81  1.62] 
new state: [ 1.12 -0.02  1.05  1.54  1.12  1.81  0.03  1.26 -0.71  0.83  1.63] 
new state: [ 1.06 -0.03  1.09  1.56  1.13  1.81  0.03  1.26 -0.71  0.85  1.64] 
new state: [ 1.04 -0.03  1.12  1.56  1.12  1.81  0.03  1.26 -0.71  0.89  1.65] 
new state: [ 0.99 -0.02  1.16  1.58  1.1   1.81  0.03  1.26 -0.71  0.91  1.66] 
new state: [ 0.98 -0.03  1.19  1.57  1.1   1.81  0.03  1.26 -0.71  0.92  1.67] 
new state: [ 0.96 -0.03  1.23  1.57  1.1   1.81  0.03  1.26 -0.71  0.95  1.68] 
[ 0.95682416 -0.03479712  1.22881743  1.57150479  1.1019475   1.80777573
  0.03054603  1.26419782 -0.7119107   0.94630375  1.67875401 -0.08253512
  1.71150136]
new state: [ 0.95 -0.03  1.26  1.57  1.1   1.81  0.03  1.26 -0.71  1.06  1.7  -0.15
  1.68] 
new state: [ 0.95 -0.02  1.3   1.64  1.06  1.81  0.03  1.26 -0.71  1.05  1.71 -0.16
  1.68] 
new state: [ 0.96 -0.01  1.33  1.64  1.06  1.81  0.03  1.26 -0.71  1.05  1.7  -0.17
  1.68] 
new state: [ 0.97 -0.01  1.36  1.64  1.07  1.81  0.03  1.26 -0.71  1.04  1.7  -0.17
  1.67] 
new state: [ 0.98 -0.01  1.39  1.64  1.08  1.81  0.03  1.26 -0.71  1.03  1.7  -0.18
  1.66] 
new state: [ 1.   -0.    1.42  1.63  1.09  1.81  0.03  1.26 -0.71  1.02  1.7  -0.19
  1.65] 
new state: [ 1.02  0.    1.45  1.63  1.1   1.81  0.03  1.26 -0.71  1.    1.7  -0.21
  1.63] 
new state: [ 1.05  0.01  1.48  1.63  1.12  1.81  0.03  1.26 -0.71  0.99  1.71 -0.22
  1.61] 
new state: [ 1.07  0.01  1.51  1.62  1.14  1.81  0.03  1.26 -0.71  0.97  1.71 -0.24
  1.58] 
new state: [ 1.1   0.02  1.54  1.62  1.16  1.81  0.03  1.26 -0.71  0.95  1.71 -0.25
  1.55] 
new state: [ 1.12  0.03  1.57  1.61  1.18  1.81  0.03  1.26 -0.71  0.93  1.71 -0.26
  1.53] 
new state: [ 1.15  0.03  1.59  1.61  1.19  1.81  0.03  1.26 -0.71  0.91  1.71 -0.28
  1.5 ] 
new state: [ 1.17  0.04  1.61  1.6   1.21  1.81  0.03  1.26 -0.71  0.89  1.71 -0.29
  1.47] 
new state: [ 1.19  0.05  1.64  1.59  1.23  1.81  0.03  1.26 -0.71  0.87  1.71 -0.3
  1.44] 
new state: [ 1.21  0.06  1.66  1.59  1.25  1.81  0.03  1.26 -0.71  0.86  1.71 -0.31
  1.42] 
new state: [ 1.23  0.07  1.68  1.58  1.26  1.81  0.03  1.26 -0.71  0.84  1.71 -0.33
  1.39] 
new state: [ 1.24  0.07  1.7   1.57  1.28  1.81  0.03  1.26 -0.71  0.82  1.71 -0.34
  1.37] 
new state: [ 1.24  0.07  1.72  1.56  1.29  1.81  0.03  1.26 -0.71  0.81  1.71 -0.34
  1.34] 
new state: [ 1.25  0.08  1.74  1.56  1.3   1.81  0.03  1.26 -0.71  0.79  1.71 -0.35
  1.32] 
new state: [ 1.26  0.08  1.75  1.55  1.32  1.81  0.03  1.26 -0.71  0.78  1.71 -0.36
  1.3 ] 
new state: [ 1.27  0.09  1.77  1.54  1.33  1.81  0.03  1.26 -0.71  0.76  1.71 -0.37
  1.29] 
new state: [ 1.23  0.06  1.78  1.54  1.32  1.81  0.03  1.26 -0.71  0.77  1.72 -0.37
  1.3 ] 
new state: [ 1.18  0.05  1.8   1.55  1.31  1.81  0.03  1.26 -0.71  0.79  1.72 -0.36
  1.33] 
new state: [ 1.13  0.03  1.81  1.56  1.29  1.81  0.03  1.26 -0.71  0.8   1.72 -0.35
  1.36] 
new state: [ 1.07  0.01  1.82  1.57  1.26  1.81  0.03  1.26 -0.71  0.83  1.73 -0.34
  1.4 ] 
[ 1.06798814  0.01048785  1.81958246  1.57107067  1.26373005  1.80777573
  0.03054603  1.26419782 -0.7119107   0.83014295  1.72672704 -0.3409566
  1.40405849 -0.7168848   0.91595234]
new state: [ 1.03  0.01  1.83  1.64  1.17  1.81  0.03  1.26 -0.71  0.97  1.74 -0.24
  1.57 -0.76  0.89] 
new state: [ 0.99 -0.01  1.84  1.64  1.16  1.81  0.03  1.26 -0.71  0.98  1.74 -0.22
  1.59 -0.76  0.91] 
new state: [ 0.93 -0.03  1.85  1.65  1.13  1.81  0.03  1.26 -0.71  1.    1.73 -0.2
  1.61 -0.75  0.95] 
new state: [ 0.88 -0.05  1.85  1.65  1.1   1.81  0.03  1.26 -0.71  1.03  1.71 -0.18
  1.63 -0.76  0.99] 
new state: [ 0.85 -0.08  1.86  1.65  1.1   1.81  0.03  1.26 -0.71  1.05  1.7  -0.16
  1.65 -0.76  1.03] 
new state: [ 0.78 -0.12  1.86  1.64  1.1   1.81  0.03  1.26 -0.71  1.08  1.67 -0.13
  1.68 -0.76  1.08] 
new state: [ 0.72 -0.13  1.87  1.64  1.1   1.81  0.03  1.26 -0.71  1.11  1.63 -0.1
  1.69 -0.75  1.12] 
new state: [ 0.7  -0.14  1.87  1.64  1.1   1.81  0.03  1.26 -0.71  1.12  1.61 -0.08
  1.7  -0.75  1.16] 
new state: [ 0.68 -0.14  1.87  1.64  1.1   1.81  0.03  1.26 -0.71  1.13  1.59 -0.07
  1.71 -0.75  1.18] 
new state: [ 0.68 -0.14  1.87  1.64  1.1   1.81  0.03  1.26 -0.71  1.14  1.57 -0.06
  1.72 -0.75  1.2 ] 
new state: [ 0.67 -0.14  1.87  1.64  1.1   1.81  0.03  1.26 -0.71  1.14  1.56 -0.06
  1.72 -0.75  1.21] 
new state: [ 0.67 -0.14  1.87  1.64  1.1   1.81  0.03  1.26 -0.71  1.15  1.55 -0.05
  1.73 -0.75  1.22] 
new state: [ 0.68 -0.14  1.87  1.64  1.1   1.81  0.03  1.26 -0.71  1.15  1.55 -0.05
  1.73 -0.75  1.23] 
new state: [ 0.68 -0.14  1.87  1.64  1.1   1.81  0.03  1.26 -0.71  1.15  1.55 -0.04
  1.74 -0.75  1.23] 
new state: [ 0.68 -0.14  1.87  1.64  1.1   1.81  0.03  1.26 -0.71  1.16  1.55 -0.04
  1.74 -0.75  1.24] 
new state: [ 0.68 -0.14  1.86  1.64  1.1   1.81  0.03  1.26 -0.71  1.16  1.54 -0.04
  1.74 -0.75  1.24] 
new state: [ 0.68 -0.13  1.86  1.64  1.1   1.81  0.03  1.26 -0.71  1.16  1.54 -0.03
  1.75 -0.74  1.25] 
new state: [ 0.68 -0.13  1.86  1.64  1.1   1.81  0.03  1.26 -0.71  1.17  1.54 -0.03
  1.75 -0.74  1.25] 
new state: [ 0.67 -0.13  1.85  1.64  1.1   1.81  0.03  1.26 -0.71  1.17  1.54 -0.02
  1.75 -0.74  1.26] 
new state: [ 0.67 -0.13  1.84  1.64  1.1   1.81  0.03  1.26 -0.71  1.18  1.54 -0.01
  1.75 -0.73  1.27] 
new state: [ 0.67 -0.13  1.84  1.64  1.1   1.81  0.03  1.26 -0.71  1.18  1.54 -0.01
  1.76 -0.73  1.28] 
new state: [ 0.67 -0.12  1.83  1.64  1.1   1.81  0.03  1.26 -0.71  1.19  1.54  0.
  1.76 -0.72  1.28] 
new state: [ 0.67 -0.12  1.83  1.64  1.1   1.81  0.03  1.26 -0.71  1.2   1.53  0.01
  1.77 -0.72  1.29] 
new state: [ 0.66 -0.12  1.82  1.64  1.1   1.81  0.03  1.26 -0.71  1.2   1.53  0.02
  1.77 -0.71  1.3 ] 
new state: [ 0.66 -0.12  1.81  1.64  1.1   1.81  0.03  1.26 -0.71  1.21  1.53  0.03
  1.77 -0.71  1.31] 
new state: [ 0.66 -0.12  1.8   1.64  1.1   1.81  0.03  1.26 -0.71  1.22  1.53  0.04
  1.78 -0.7   1.32] 
new state: [ 0.65 -0.12  1.79  1.64  1.1   1.81  0.03  1.26 -0.71  1.23  1.52  0.05
  1.78 -0.69  1.34] 
new state: [ 0.65 -0.12  1.78  1.64  1.1   1.81  0.03  1.26 -0.71  1.24  1.52  0.06
  1.79 -0.68  1.35] 
new state: [ 0.65 -0.12  1.78  1.64  1.1   1.81  0.03  1.26 -0.71  1.25  1.51  0.07
  1.79 -0.68  1.36] 
new state: [ 0.64 -0.12  1.77  1.64  1.1   1.81  0.03  1.26 -0.71  1.26  1.51  0.08
  1.8  -0.67  1.37] 
new state: [ 0.64 -0.11  1.76  1.64  1.1   1.81  0.03  1.26 -0.71  1.27  1.51  0.09
  1.8  -0.66  1.38] 
new state: [ 0.64 -0.11  1.75  1.64  1.1   1.81  0.03  1.26 -0.71  1.28  1.5   0.11
  1.81 -0.65  1.39] 
new state: [ 0.63 -0.11  1.74  1.64  1.1   1.81  0.03  1.26 -0.71  1.29  1.5   0.12
  1.81 -0.64  1.41] 
new state: [ 0.63 -0.11  1.73  1.64  1.1   1.81  0.03  1.26 -0.71  1.3   1.49  0.13
  1.82 -0.63  1.42] 
new state: [ 0.63 -0.11  1.72  1.64  1.1   1.81  0.03  1.26 -0.71  1.31  1.49  0.15
  1.83 -0.62  1.43] 
new state: [ 0.65 -0.11  1.71  1.64  1.1   1.81  0.03  1.26 -0.71  1.31  1.5   0.15
  1.83 -0.62  1.43] 
new state: [ 0.71 -0.09  1.7   1.64  1.1   1.81  0.03  1.26 -0.71  1.31  1.52  0.13
  1.83 -0.63  1.41] 
new state: [ 0.75 -0.08  1.69  1.64  1.1   1.81  0.03  1.26 -0.71  1.3   1.53  0.12
  1.82 -0.63  1.4 ] 
new state: [ 0.78 -0.02  1.68  1.71  0.93  1.81  0.03  1.26 -0.71  1.28  1.6   0.09
  1.86 -0.65  1.42] 
new state: [ 0.84  0.    1.67  1.72  0.94  1.81  0.03  1.26 -0.71  1.27  1.61  0.07
  1.85 -0.66  1.39] 
new state: [ 0.87  0.02  1.66  1.73  0.95  1.81  0.03  1.26 -0.71  1.26  1.63  0.06
  1.84 -0.66  1.36] 
new state: [ 0.94  0.05  1.65  1.73  0.97  1.81  0.03  1.26 -0.71  1.24  1.65  0.04
  1.82 -0.67  1.32] 
new state: [ 0.99  0.05  1.65  1.73  0.99  1.81  0.03  1.26 -0.71  1.22  1.66  0.01
  1.79 -0.66  1.32] 
new state: [ 1.04  0.05  1.64  1.74  1.01  1.81  0.03  1.26 -0.71  1.2   1.67 -0.02
  1.78 -0.66  1.32] 
new state: [ 1.08  0.06  1.63  1.75  1.03  1.81  0.03  1.26 -0.71  1.19  1.68 -0.04
  1.75 -0.66  1.32] 
new state: [ 1.12  0.08  1.62  1.75  1.04  1.81  0.03  1.26 -0.71  1.17  1.68 -0.05
  1.71 -0.66  1.32] 
new state: [ 1.14  0.1   1.61  1.75  1.06  1.81  0.03  1.26 -0.71  1.16  1.68 -0.06
  1.69 -0.66  1.32] 
new state: [ 1.16  0.11  1.6   1.75  1.07  1.81  0.03  1.26 -0.71  1.15  1.68 -0.06
  1.67 -0.66  1.32] 
new state: [ 1.17  0.12  1.6   1.76  1.07  1.81  0.03  1.26 -0.71  1.15  1.68 -0.06
  1.65 -0.66  1.32] 
new state: [ 1.18  0.13  1.59  1.76  1.08  1.81  0.03  1.26 -0.71  1.15  1.69 -0.06
  1.64 -0.66  1.32] 
new state: [ 1.18  0.13  1.58  1.76  1.08  1.81  0.03  1.26 -0.71  1.15  1.69 -0.06
  1.64 -0.66  1.32] 
new state: [ 1.18  0.13  1.57  1.77  1.08  1.81  0.03  1.26 -0.71  1.15  1.69 -0.06
  1.64 -0.66  1.32] 
new state: [ 1.18  0.13  1.57  1.77  1.08  1.81  0.03  1.26 -0.71  1.16  1.69 -0.05
  1.64 -0.66  1.32] 
new state: [ 1.17  0.13  1.56  1.77  1.08  1.81  0.03  1.26 -0.71  1.16  1.69 -0.05
  1.64 -0.66  1.32] 
new state: [ 1.17  0.13  1.55  1.78  1.08  1.81  0.03  1.26 -0.71  1.16  1.69 -0.04
  1.65 -0.66  1.32] 
new state: [ 1.17  0.13  1.55  1.78  1.07  1.81  0.03  1.26 -0.71  1.17  1.69 -0.04
  1.65 -0.66  1.32] 
new state: [ 1.16  0.13  1.54  1.78  1.07  1.81  0.03  1.26 -0.71  1.17  1.69 -0.03
  1.66 -0.66  1.32] 
new state: [ 1.16  0.13  1.54  1.78  1.07  1.81  0.03  1.26 -0.71  1.18  1.69 -0.03
  1.66 -0.66  1.32] 
new state: [ 1.15  0.13  1.53  1.78  1.06  1.81  0.03  1.26 -0.71  1.18  1.69 -0.03
  1.67 -0.66  1.32] 
new state: [ 1.15  0.13  1.53  1.79  1.06  1.81  0.03  1.26 -0.71  1.19  1.69 -0.02
  1.67 -0.66  1.32] 
new state: [ 1.15  0.13  1.52  1.79  1.06  1.81  0.03  1.26 -0.71  1.19  1.69 -0.02
  1.68 -0.66  1.32] 
new state: [ 1.14  0.13  1.52  1.79  1.05  1.81  0.03  1.26 -0.71  1.2   1.69 -0.01
  1.68 -0.66  1.32] 
new state: [ 1.14  0.12  1.52  1.79  1.05  1.81  0.03  1.26 -0.71  1.2   1.69 -0.01
  1.69 -0.66  1.32] 
new state: [ 1.14  0.12  1.51  1.79  1.05  1.81  0.03  1.26 -0.71  1.21  1.69 -0.
  1.69 -0.66  1.32] 
new state: [ 1.14  0.12  1.51  1.79  1.04  1.81  0.03  1.26 -0.71  1.21  1.69 -0.
  1.7  -0.66  1.32] 
new state: [ 1.13  0.12  1.51  1.79  1.04  1.81  0.03  1.26 -0.71  1.21  1.68  0.
  1.7  -0.66  1.32] 
new state: [ 1.13  0.12  1.5   1.79  1.04  1.81  0.03  1.26 -0.71  1.22  1.68  0.01
  1.7  -0.66  1.32] 
new state: [ 1.13  0.12  1.5   1.79  1.03  1.81  0.03  1.26 -0.71  1.22  1.68  0.01
  1.71 -0.66  1.32] 
new state: [ 1.13  0.12  1.5   1.79  1.03  1.81  0.03  1.26 -0.71  1.22  1.68  0.01
  1.71 -0.66  1.32] 
new state: [ 1.13  0.12  1.5   1.79  1.03  1.81  0.03  1.26 -0.71  1.22  1.68  0.01
  1.71 -0.66  1.32] 
new state: [ 1.13  0.12  1.49  1.8   1.03  1.81  0.03  1.26 -0.71  1.22  1.68  0.02
  1.71 -0.66  1.32] 
new state: [ 1.12  0.12  1.49  1.8   1.02  1.81  0.03  1.26 -0.71  1.23  1.68  0.02
  1.71 -0.66  1.32] 
new state: [ 1.12  0.11  1.49  1.8   1.02  1.81  0.03  1.26 -0.71  1.23  1.68  0.02
  1.71 -0.66  1.32] 
new state: [ 1.12  0.11  1.49  1.8   1.02  1.81  0.03  1.26 -0.71  1.23  1.68  0.02
  1.71 -0.66  1.32] 
new state: [ 1.12  0.11  1.49  1.8   1.02  1.81  0.03  1.26 -0.71  1.23  1.67  0.02
  1.72 -0.66  1.32] 
new state: [ 1.12  0.11  1.49  1.8   1.02  1.81  0.03  1.26 -0.71  1.23  1.67  0.02
  1.71 -0.66  1.32] 
new state: [ 1.12  0.11  1.49  1.8   1.01  1.81  0.03  1.26 -0.71  1.23  1.67  0.02
  1.71 -0.66  1.32] 
new state: [ 1.12  0.11  1.49  1.8   1.01  1.81  0.03  1.26 -0.71  1.23  1.67  0.02
  1.71 -0.66  1.32] 
new state: [ 1.12  0.11  1.49  1.8   1.01  1.81  0.03  1.26 -0.71  1.23  1.67  0.02
  1.71 -0.66  1.32] 
new state: [ 1.12  0.1   1.49  1.8   1.01  1.81  0.03  1.26 -0.71  1.23  1.67  0.02
  1.71 -0.66  1.32] 
new state: [ 1.12  0.1   1.49  1.8   1.01  1.81  0.03  1.26 -0.71  1.23  1.67  0.02
  1.71 -0.66  1.32] 
new state: [ 1.12  0.1   1.49  1.8   1.01  1.81  0.03  1.26 -0.71  1.23  1.67  0.02
  1.71 -0.66  1.32] 
new state: [ 1.12  0.1   1.49  1.8   1.01  1.81  0.03  1.26 -0.71  1.23  1.66  0.02
  1.71 -0.66  1.32] 
new state: [ 1.12  0.1   1.49  1.8   1.    1.81  0.03  1.26 -0.71  1.23  1.66  0.02
  1.7  -0.66  1.32] 
new state: [ 1.12  0.1   1.5   1.8   1.    1.81  0.03  1.26 -0.71  1.23  1.66  0.02
  1.7  -0.66  1.32] 
new state: [ 1.12  0.09  1.5   1.8   1.    1.81  0.03  1.26 -0.71  1.23  1.66  0.02
  1.7  -0.66  1.32] 
new state: [ 1.12  0.09  1.5   1.8   1.    1.81  0.03  1.26 -0.71  1.23  1.66  0.02
  1.7  -0.66  1.32] 
new state: [ 1.12  0.09  1.5   1.8   1.    1.81  0.03  1.26 -0.71  1.23  1.66  0.02
  1.69 -0.66  1.32] 
new state: [ 1.12  0.09  1.5   1.8   1.    1.81  0.03  1.26 -0.71  1.23  1.65  0.02
  1.69 -0.66  1.32] 
new state: [ 1.12  0.09  1.5   1.79  1.    1.81  0.03  1.26 -0.71  1.22  1.65  0.01
  1.69 -0.66  1.32] 
new state: [ 1.12  0.08  1.51  1.79  1.    1.81  0.03  1.26 -0.71  1.22  1.65  0.01
  1.68 -0.66  1.32] 
new state: [ 1.13  0.08  1.51  1.79  1.    1.81  0.03  1.26 -0.71  1.22  1.65  0.01
  1.68 -0.66  1.32] 
new state: [ 1.13  0.08  1.51  1.79  1.    1.81  0.03  1.26 -0.71  1.22  1.65  0.01
  1.68 -0.66  1.32] 
new state: [ 1.13  0.08  1.51  1.79  1.    1.81  0.03  1.26 -0.71  1.22  1.64  0.01
  1.67 -0.66  1.32] 
new state: [ 1.13  0.08  1.52  1.79  1.    1.81  0.03  1.26 -0.71  1.21  1.64  0.
  1.67 -0.66  1.32] 
new state: [ 1.12  0.07  1.52  1.79  1.    1.81  0.03  1.26 -0.71  1.21  1.64  0.
  1.67 -0.66  1.32] 
new state: [ 1.12  0.07  1.52  1.79  0.99  1.81  0.03  1.26 -0.71  1.21  1.64  0.
  1.66 -0.66  1.32] 
new state: [ 1.12  0.07  1.52  1.79  0.99  1.81  0.03  1.26 -0.71  1.21  1.64 -0.
  1.66 -0.66  1.32] 
new state: [ 1.12  0.07  1.53  1.79  0.99  1.81  0.03  1.26 -0.71  1.21  1.63 -0.
  1.66 -0.66  1.32] 
new state: [ 1.12  0.07  1.53  1.78  0.99  1.81  0.03  1.26 -0.71  1.2   1.63 -0.01
  1.65 -0.66  1.32] 
new state: [ 1.12  0.06  1.53  1.78  0.99  1.81  0.03  1.26 -0.71  1.2   1.63 -0.01
  1.65 -0.66  1.32] 
new state: [ 1.12  0.06  1.53  1.78  0.99  1.81  0.03  1.26 -0.71  1.2   1.63 -0.01
  1.65 -0.66  1.32] 
new state: [ 1.12  0.06  1.54  1.78  0.99  1.81  0.03  1.26 -0.71  1.19  1.62 -0.02
  1.64 -0.66  1.32] 
new state: [ 1.12  0.06  1.54  1.78  0.99  1.81  0.03  1.26 -0.71  1.19  1.62 -0.02
  1.64 -0.66  1.32] 
new state: [ 1.12  0.05  1.54  1.77  0.99  1.81  0.03  1.26 -0.71  1.19  1.62 -0.02
  1.63 -0.66  1.32] 
new state: [ 1.12  0.05  1.54  1.77  0.99  1.81  0.03  1.26 -0.71  1.18  1.62 -0.03
  1.63 -0.66  1.32] 
new state: [ 1.12  0.05  1.55  1.77  0.98  1.81  0.03  1.26 -0.71  1.18  1.62 -0.03
  1.62 -0.66  1.32] 
new state: [ 1.12  0.05  1.55  1.77  0.98  1.81  0.03  1.26 -0.71  1.18  1.61 -0.03
  1.62 -0.66  1.32] 
new state: [ 1.12  0.05  1.55  1.77  0.98  1.81  0.03  1.26 -0.71  1.17  1.61 -0.04
  1.61 -0.66  1.32] 
new state: [ 1.12  0.04  1.55  1.76  0.98  1.81  0.03  1.26 -0.71  1.17  1.61 -0.04
  1.61 -0.66  1.32] 
new state: [ 1.12  0.04  1.55  1.76  0.98  1.81  0.03  1.26 -0.71  1.17  1.61 -0.05
  1.6  -0.66  1.32] 
new state: [ 1.12  0.04  1.56  1.76  0.98  1.81  0.03  1.26 -0.71  1.16  1.61 -0.05
  1.6  -0.66  1.32] 
new state: [ 1.12  0.04  1.56  1.76  0.98  1.81  0.03  1.26 -0.71  1.16  1.6  -0.05
  1.59 -0.66  1.32] 
new state: [ 1.12  0.03  1.56  1.75  0.98  1.81  0.03  1.26 -0.71  1.15  1.6  -0.06
  1.59 -0.66  1.32] 
new state: [ 1.11  0.03  1.56  1.75  0.98  1.81  0.03  1.26 -0.71  1.15  1.6  -0.06
  1.59 -0.66  1.32] 
new state: [ 1.11  0.03  1.57  1.75  0.98  1.81  0.03  1.26 -0.71  1.15  1.6  -0.07
  1.58 -0.66  1.32] 
new state: [ 1.11  0.03  1.57  1.74  0.98  1.81  0.03  1.26 -0.71  1.14  1.6  -0.07
  1.58 -0.66  1.32] 
new state: [ 1.11  0.03  1.57  1.74  0.98  1.81  0.03  1.26 -0.71  1.14  1.59 -0.07
  1.57 -0.66  1.32] 
new state: [ 1.11  0.02  1.57  1.74  0.98  1.81  0.03  1.26 -0.71  1.13  1.59 -0.08
  1.57 -0.66  1.32] 
new state: [ 1.11  0.02  1.57  1.74  0.97  1.81  0.03  1.26 -0.71  1.13  1.59 -0.08
  1.56 -0.66  1.32] 
new state: [ 1.1   0.02  1.57  1.73  0.97  1.81  0.03  1.26 -0.71  1.12  1.59 -0.09
  1.56 -0.66  1.32] 
new state: [ 1.1   0.02  1.58  1.73  0.97  1.81  0.03  1.26 -0.71  1.12  1.59 -0.09
  1.55 -0.66  1.32] 
new state: [ 1.1   0.02  1.58  1.73  0.97  1.81  0.03  1.26 -0.71  1.12  1.58 -0.1
  1.55 -0.66  1.32] 
new state: [ 1.1   0.01  1.58  1.72  0.97  1.81  0.03  1.26 -0.71  1.11  1.58 -0.1
  1.55 -0.66  1.32] 
new state: [ 1.09  0.01  1.58  1.72  0.97  1.81  0.03  1.26 -0.71  1.11  1.58 -0.1
  1.54 -0.66  1.32] 
new state: [ 1.09  0.01  1.58  1.72  0.97  1.81  0.03  1.26 -0.71  1.1   1.58 -0.11
  1.54 -0.66  1.32] 
new state: [ 1.09  0.    1.58  1.71  0.97  1.81  0.03  1.26 -0.71  1.1   1.57 -0.11
  1.54 -0.66  1.32] 
new state: [ 1.09  0.    1.58  1.71  0.96  1.81  0.03  1.26 -0.71  1.1   1.57 -0.12
  1.53 -0.66  1.32] 
new state: [ 1.08 -0.    1.59  1.71  0.96  1.81  0.03  1.26 -0.71  1.09  1.57 -0.12
  1.53 -0.66  1.32] 
new state: [ 1.08 -0.    1.59  1.7   0.96  1.81  0.03  1.26 -0.71  1.09  1.57 -0.12
  1.53 -0.66  1.32] 
new state: [ 1.08 -0.    1.59  1.7   0.96  1.81  0.03  1.26 -0.71  1.08  1.57 -0.13
  1.52 -0.66  1.32] 
new state: [ 1.08 -0.01  1.59  1.69  0.96  1.81  0.03  1.26 -0.71  1.08  1.56 -0.13
  1.52 -0.66  1.32] 
new state: [ 1.07 -0.01  1.59  1.69  0.96  1.81  0.03  1.26 -0.71  1.07  1.56 -0.14
  1.52 -0.66  1.32] 
new state: [ 1.07 -0.01  1.59  1.69  0.96  1.81  0.03  1.26 -0.71  1.07  1.56 -0.14
  1.51 -0.66  1.32] 
new state: [ 1.07 -0.01  1.59  1.68  0.96  1.81  0.03  1.26 -0.71  1.06  1.56 -0.14
  1.51 -0.66  1.32] 
new state: [ 1.06 -0.01  1.59  1.68  0.95  1.81  0.03  1.26 -0.71  1.06  1.56 -0.15
  1.51 -0.66  1.32] 
new state: [ 1.06 -0.02  1.59  1.67  0.95  1.81  0.03  1.26 -0.71  1.06  1.55 -0.15
  1.51 -0.66  1.32] 
new state: [ 1.06 -0.02  1.59  1.67  0.95  1.81  0.03  1.26 -0.71  1.05  1.55 -0.16
  1.5  -0.66  1.32] 
new state: [ 1.05 -0.02  1.59  1.67  0.95  1.81  0.03  1.26 -0.71  1.05  1.55 -0.16
  1.5  -0.66  1.32] 
new state: [ 1.05 -0.02  1.59  1.66  0.95  1.81  0.03  1.26 -0.71  1.04  1.55 -0.17
  1.5  -0.66  1.32] 
new state: [ 1.04 -0.02  1.59  1.66  0.95  1.81  0.03  1.26 -0.71  1.04  1.55 -0.17
  1.49 -0.66  1.32] 
new state: [ 1.04 -0.02  1.59  1.66  0.94  1.81  0.03  1.26 -0.71  1.04  1.54 -0.17
  1.49 -0.66  1.32] 
new state: [ 1.04 -0.03  1.59  1.65  0.94  1.81  0.03  1.26 -0.71  1.03  1.54 -0.18
  1.49 -0.66  1.32] 
new state: [ 1.03 -0.03  1.59  1.65  0.94  1.81  0.03  1.26 -0.71  1.03  1.54 -0.18
  1.49 -0.66  1.32] 
move to way point [1.         1.         1.57079633]
new state: [ 1.04  0.01  1.59  1.65  0.95  1.81  0.03  1.26 -0.71  1.03  1.55 -0.18
  1.49 -0.66  1.32] 
new state: [ 1.04  0.03  1.59  1.64  0.95  1.81  0.03  1.26 -0.71  1.02  1.55 -0.18
  1.5  -0.66  1.32] 
new state: [ 1.04  0.05  1.59  1.64  0.96  1.81  0.03  1.26 -0.71  1.02  1.56 -0.18
  1.51 -0.66  1.32] 
new state: [ 1.04  0.06  1.59  1.64  0.97  1.81  0.03  1.26 -0.71  1.02  1.58 -0.19
  1.53 -0.66  1.32] 
new state: [ 1.04  0.08  1.59  1.64  0.99  1.81  0.03  1.26 -0.71  1.02  1.59 -0.19
  1.54 -0.66  1.32] 
new state: [ 1.04  0.09  1.59  1.64  1.    1.81  0.03  1.26 -0.71  1.02  1.6  -0.19
  1.55 -0.66  1.32] 
new state: [ 1.04  0.11  1.59  1.64  1.01  1.81  0.03  1.26 -0.71  1.02  1.61 -0.19
  1.57 -0.66  1.32] 
new state: [ 1.03  0.13  1.58  1.64  1.    1.81  0.03  1.26 -0.71  1.02  1.64 -0.19
  1.58 -0.66  1.32] 
new state: [ 1.03  0.16  1.58  1.64  1.02  1.81  0.03  1.26 -0.71  1.03  1.64 -0.19
  1.59 -0.66  1.32] 
new state: [ 1.03  0.18  1.58  1.65  1.03  1.81  0.03  1.26 -0.71  1.03  1.65 -0.2
  1.61 -0.66  1.32] 
new state: [ 1.03  0.23  1.58  1.65  1.04  1.81  0.03  1.26 -0.71  1.03  1.65 -0.19
  1.62 -0.66  1.32] 
new state: [ 1.02  0.26  1.58  1.64  1.04  1.81  0.03  1.26 -0.71  1.03  1.65 -0.19
  1.61 -0.66  1.32] 
new state: [ 1.02  0.3   1.58  1.64  1.04  1.81  0.03  1.26 -0.71  1.03  1.65 -0.19
  1.61 -0.66  1.32] 
new state: [ 1.02  0.34  1.58  1.65  1.04  1.81  0.03  1.26 -0.71  1.03  1.65 -0.19
  1.61 -0.66  1.32] 
new state: [ 1.01  0.39  1.58  1.65  1.03  1.81  0.03  1.26 -0.71  1.03  1.64 -0.19
  1.6  -0.66  1.32] 
new state: [ 1.01  0.44  1.58  1.65  1.02  1.81  0.03  1.26 -0.71  1.03  1.63 -0.18
  1.59 -0.66  1.32] 
new state: [ 1.01  0.49  1.58  1.65  1.03  1.81  0.03  1.26 -0.71  1.03  1.62 -0.18
  1.58 -0.66  1.32] 
new state: [ 1.    0.54  1.58  1.65  1.03  1.81  0.03  1.26 -0.71  1.03  1.61 -0.18
  1.57 -0.66  1.32] 
new state: [ 1.    0.59  1.58  1.65  1.03  1.81  0.03  1.26 -0.71  1.03  1.6  -0.18
  1.56 -0.66  1.32] 
new state: [ 1.    0.62  1.58  1.65  1.03  1.81  0.03  1.26 -0.71  1.03  1.6  -0.18
  1.56 -0.66  1.32] 
new state: [ 1.    0.65  1.58  1.65  1.03  1.81  0.03  1.26 -0.71  1.03  1.6  -0.18
  1.56 -0.66  1.32] 
new state: [ 1.    0.68  1.58  1.65  1.03  1.81  0.03  1.26 -0.71  1.03  1.6  -0.18
  1.56 -0.66  1.32] 
new state: [ 1.    0.71  1.58  1.65  1.03  1.81  0.03  1.26 -0.71  1.03  1.6  -0.18
  1.56 -0.66  1.32] 
new state: [ 1.    0.73  1.58  1.65  1.03  1.81  0.03  1.26 -0.71  1.03  1.6  -0.18
  1.56 -0.66  1.32] 
new state: [ 1.    0.76  1.58  1.65  1.03  1.81  0.03  1.26 -0.71  1.03  1.6  -0.18
  1.56 -0.66  1.32] 
new state: [ 1.    0.79  1.57  1.65  1.03  1.81  0.03  1.26 -0.71  1.03  1.6  -0.18
  1.56 -0.66  1.32] 
new state: [ 1.    0.81  1.57  1.65  1.03  1.81  0.03  1.26 -0.71  1.02  1.61 -0.18
  1.56 -0.66  1.32] 
new state: [ 1.    0.84  1.57  1.65  1.03  1.81  0.03  1.26 -0.71  1.02  1.61 -0.18
  1.56 -0.66  1.32] 
new state: [ 1.    0.86  1.57  1.65  1.03  1.81  0.03  1.26 -0.71  1.02  1.61 -0.18
  1.56 -0.66  1.32] 
new state: [ 1.    0.89  1.57  1.65  1.03  1.81  0.03  1.26 -0.71  1.02  1.61 -0.18
  1.56 -0.66  1.32] 
new state: [ 1.01  0.91  1.57  1.65  1.03  1.81  0.03  1.26 -0.71  1.02  1.62 -0.18
  1.56 -0.66  1.32] 
new state: [ 1.01  0.93  1.57  1.65  1.03  1.81  0.03  1.26 -0.71  1.02  1.62 -0.18
  1.56 -0.66  1.32] 
new state: [ 1.01  0.95  1.57  1.65  1.03  1.81  0.03  1.26 -0.71  1.02  1.62 -0.18
  1.56 -0.66  1.32] 
move to way point [1.         1.         3.14159265]
new state: [ 1.01  0.96  1.63  1.65  1.03  1.81  0.03  1.26 -0.71  1.01  1.62 -0.18
  1.56 -0.66  1.32] 
new state: [ 1.02  0.96  1.69  1.65  1.03  1.81  0.03  1.26 -0.71  1.    1.62 -0.18
  1.56 -0.66  1.32] 
new state: [ 1.04  0.97  1.75  1.65  1.03  1.81  0.03  1.26 -0.71  0.98  1.61 -0.18
  1.56 -0.66  1.32] 
new state: [ 1.05  0.98  1.81  1.65  1.03  1.81  0.03  1.26 -0.71  0.97  1.6  -0.18
  1.56 -0.66  1.32] 
new state: [ 1.06  0.99  1.87  1.65  1.03  1.81  0.03  1.26 -0.71  0.95  1.59 -0.18
  1.56 -0.66  1.32] 
new state: [ 1.07  1.    1.93  1.65  1.03  1.81  0.03  1.26 -0.71  0.93  1.58 -0.18
  1.56 -0.66  1.32] 
new state: [ 1.08  1.01  1.98  1.65  1.03  1.81  0.03  1.26 -0.71  0.92  1.57 -0.18
  1.56 -0.66  1.32] 
new state: [ 1.09  1.02  2.03  1.65  1.03  1.81  0.03  1.26 -0.71  0.91  1.55 -0.18
  1.56 -0.66  1.32] 
new state: [ 1.09  1.03  2.08  1.65  1.03  1.81  0.03  1.26 -0.71  0.9   1.54 -0.18
  1.56 -0.66  1.32] 
new state: [ 1.09  1.03  2.14  1.65  1.03  1.81  0.03  1.26 -0.71  0.9   1.54 -0.18
  1.56 -0.66  1.32] 
new state: [ 1.08  1.03  2.19  1.65  1.03  1.81  0.03  1.26 -0.71  0.9   1.54 -0.18
  1.56 -0.66  1.32] 
new state: [ 1.08  1.03  2.24  1.65  1.03  1.81  0.03  1.26 -0.71  0.9   1.54 -0.18
  1.56 -0.66  1.32] 
new state: [ 1.07  1.02  2.3   1.65  1.03  1.81  0.03  1.26 -0.71  0.9   1.54 -0.18
  1.56 -0.66  1.32] 
new state: [ 1.06  1.02  2.35  1.65  1.03  1.81  0.03  1.26 -0.71  0.9   1.54 -0.18
  1.56 -0.66  1.32] 
new state: [ 1.05  1.02  2.41  1.65  1.03  1.81  0.03  1.26 -0.71  0.91  1.55 -0.18
  1.56 -0.66  1.32] 
new state: [ 1.04  1.01  2.46  1.65  1.03  1.81  0.03  1.26 -0.71  0.92  1.55 -0.18
  1.56 -0.66  1.32] 
new state: [ 1.04  1.01  2.52  1.65  1.03  1.81  0.03  1.26 -0.71  0.92  1.56 -0.18
  1.56 -0.66  1.32] 
new state: [ 1.03  1.    2.57  1.65  1.03  1.81  0.03  1.26 -0.71  0.92  1.56 -0.18
  1.56 -0.66  1.32] 
new state: [ 1.01  1.2   2.62  1.64  1.15  1.81  0.03  1.26 -0.71  0.91  1.76 -0.19
  1.69 -0.61  0.67] 
new state: [ 1.01  1.17  2.67  1.64  1.15  1.81  0.03  1.26 -0.71  0.91  1.76 -0.19
  1.69 -0.61  0.67] 
new state: [ 1.02  1.15  2.68  1.64  1.15  1.81  0.03  1.26 -0.71  0.91  1.76 -0.19
  1.69 -0.62  0.68] 
new state: [ 1.02  1.13  2.71  1.64  1.15  1.81  0.03  1.26 -0.71  0.91  1.76 -0.19
  1.69 -0.62  0.7 ] 
new state: [ 1.03  1.09  2.73  1.64  1.15  1.81  0.03  1.26 -0.71  0.91  1.76 -0.19
  1.69 -0.63  0.73] 
new state: [ 1.03  1.07  2.75  1.64  1.15  1.81  0.03  1.26 -0.71  0.91  1.76 -0.19
  1.69 -0.64  0.76] 
new state: [ 1.04  1.03  2.77  1.64  1.15  1.81  0.03  1.26 -0.71  0.91  1.76 -0.19
  1.69 -0.64  0.79] 
new state: [ 1.04  1.    2.79  1.64  1.15  1.81  0.03  1.26 -0.71  0.91  1.76 -0.19
  1.69 -0.64  0.83] 
new state: [ 1.04  0.97  2.81  1.64  1.15  1.81  0.03  1.26 -0.71  0.91  1.76 -0.19
  1.69 -0.65  0.86] 
[ 1.03724449  0.97004886  2.81077151  1.63727621  1.15142146  1.80777573
  0.03054603  1.26419782 -0.7119107   0.90829792  1.75530338 -0.18839368
  1.68841324 -0.64795596  0.85928775 -0.71517249 -0.12277401]
new state: [ 1.03  0.94  2.83  1.64  1.15  1.81  0.03  1.26 -0.71  0.91  1.76 -0.19
  1.69 -0.65  1.02 -0.7  -0.18] 
new state: [ 1.01  0.93  2.85  1.64  1.15  1.81  0.03  1.26 -0.71  0.91  1.76 -0.19
  1.69 -0.64  1.03 -0.7  -0.17] 
new state: [ 1.02  0.93  2.87  1.64  1.15  1.81  0.03  1.26 -0.71  0.91  1.76 -0.19
  1.69 -0.64  1.03 -0.7  -0.17] 
new state: [ 1.02  0.94  2.9   1.64  1.15  1.81  0.03  1.26 -0.71  0.91  1.76 -0.19
  1.69 -0.65  1.02 -0.69 -0.18] 
new state: [ 1.02  0.96  2.92  1.64  1.15  1.81  0.03  1.26 -0.71  0.91  1.76 -0.19
  1.69 -0.66  1.02 -0.69 -0.19] 
new state: [ 1.01  0.98  2.94  1.64  1.15  1.81  0.03  1.26 -0.71  0.91  1.76 -0.19
  1.69 -0.66  1.01 -0.68 -0.2 ] 
new state: [ 1.01  1.    2.96  1.64  1.15  1.81  0.03  1.26 -0.71  0.91  1.76 -0.19
  1.69 -0.67  1.   -0.66 -0.21] 
new state: [ 1.    1.02  2.98  1.64  1.15  1.81  0.03  1.26 -0.71  0.91  1.76 -0.19
  1.69 -0.68  0.99 -0.65 -0.22] 
new state: [ 0.99  1.03  3.    1.64  1.15  1.81  0.03  1.26 -0.71  0.91  1.76 -0.19
  1.69 -0.68  0.98 -0.63 -0.23] 
new state: [ 0.98  1.05  3.02  1.64  1.15  1.81  0.03  1.26 -0.71  0.91  1.76 -0.19
  1.69 -0.69  0.96 -0.62 -0.24] 
new state: [ 0.98  1.07  3.04  1.64  1.15  1.81  0.03  1.26 -0.71  0.91  1.76 -0.19
  1.69 -0.7   0.95 -0.6  -0.25] 
new state: [ 0.97  1.09  3.05  1.64  1.15  1.81  0.03  1.26 -0.71  0.91  1.76 -0.19
  1.69 -0.7   0.94 -0.59 -0.27] 
new state: [ 0.96  1.1   3.07  1.64  1.15  1.81  0.03  1.26 -0.71  0.91  1.76 -0.19
  1.69 -0.71  0.92 -0.57 -0.28] 
new state: [ 0.95  1.12  3.09  1.64  1.15  1.81  0.03  1.26 -0.71  0.91  1.76 -0.19
  1.69 -0.71  0.91 -0.56 -0.29] 
new state: [ 0.94  1.13  3.11  1.64  1.15  1.81  0.03  1.26 -0.71  0.91  1.76 -0.19
  1.69 -0.72  0.9  -0.54 -0.3 ] 
new state: [ 0.93  1.15  3.12  1.64  1.15  1.81  0.03  1.26 -0.71  0.91  1.76 -0.19
  1.69 -0.72  0.88 -0.52 -0.31] 
new state: [ 0.93  1.16  3.14  1.64  1.15  1.81  0.03  1.26 -0.71  0.91  1.76 -0.19
  1.69 -0.73  0.87 -0.51 -0.32] 
new state: [ 0.92  1.17  3.15  1.64  1.15  1.81  0.03  1.26 -0.71  0.91  1.76 -0.19
  1.69 -0.73  0.86 -0.49 -0.33] 
new state: [ 0.91  1.18  3.17  1.64  1.15  1.81  0.03  1.26 -0.71  0.91  1.76 -0.19
  1.69 -0.73  0.84 -0.48 -0.34] 
new state: [ 0.91  1.19  3.18  1.64  1.15  1.81  0.03  1.26 -0.71  0.91  1.76 -0.19
  1.69 -0.74  0.83 -0.46 -0.35] 
new state: [ 0.9   1.2   3.19  1.64  1.15  1.81  0.03  1.26 -0.71  0.91  1.76 -0.19
  1.69 -0.74  0.81 -0.45 -0.36] 
new state: [ 0.89  1.2   3.21  1.64  1.15  1.81  0.03  1.26 -0.71  0.91  1.76 -0.19
  1.69 -0.74  0.8  -0.43 -0.37] 
new state: [ 0.89  1.21  3.22  1.64  1.15  1.81  0.03  1.26 -0.71  0.91  1.76 -0.19
  1.69 -0.74  0.79 -0.42 -0.38] 
new state: [ 0.88  1.22  3.23  1.64  1.15  1.81  0.03  1.26 -0.71  0.91  1.76 -0.19
  1.69 -0.74  0.77 -0.4  -0.39] 
new state: [ 0.88  1.22  3.24  1.64  1.15  1.81  0.03  1.26 -0.71  0.91  1.76 -0.19
  1.69 -0.74  0.76 -0.39 -0.39] 
new state: [ 0.87  1.22  3.25  1.64  1.15  1.81  0.03  1.26 -0.71  0.91  1.76 -0.19
  1.69 -0.75  0.75 -0.38 -0.4 ] 
new state: [ 0.87  1.23  3.26  1.64  1.15  1.81  0.03  1.26 -0.71  0.91  1.76 -0.19
  1.69 -0.74  0.73 -0.36 -0.41] 
new state: [ 0.87  1.23  3.27  1.64  1.15  1.81  0.03  1.26 -0.71  0.91  1.76 -0.19
  1.69 -0.74  0.72 -0.35 -0.42] 
new state: [ 0.86  1.23  3.28  1.64  1.15  1.81  0.03  1.26 -0.71  0.91  1.76 -0.19
  1.69 -0.74  0.71 -0.34 -0.43] 
new state: [ 0.86  1.23  3.28  1.64  1.15  1.81  0.03  1.26 -0.71  0.91  1.76 -0.19
  1.69 -0.74  0.7  -0.33 -0.44] 
new state: [ 0.86  1.23  3.29  1.64  1.15  1.81  0.03  1.26 -0.71  0.91  1.76 -0.19
  1.69 -0.74  0.68 -0.32 -0.45] 
new state: [ 0.86  1.22  3.3   1.64  1.15  1.81  0.03  1.26 -0.71  0.91  1.76 -0.19
  1.69 -0.74  0.67 -0.31 -0.46] 
new state: [ 0.86  1.22  3.3   1.64  1.15  1.81  0.03  1.26 -0.71  0.91  1.76 -0.19
  1.69 -0.74  0.66 -0.3  -0.47] 
new state: [ 0.86  1.22  3.31  1.64  1.15  1.81  0.03  1.26 -0.71  0.91  1.76 -0.19
  1.69 -0.73  0.65 -0.29 -0.47] 
new state: [ 0.86  1.21  3.31  1.64  1.15  1.81  0.03  1.26 -0.71  0.91  1.76 -0.19
  1.69 -0.73  0.64 -0.28 -0.48] 
new state: [ 0.86  1.21  3.31  1.64  1.15  1.81  0.03  1.26 -0.71  0.91  1.76 -0.19
  1.69 -0.73  0.63 -0.27 -0.49] 
new state: [ 0.86  1.2   3.32  1.64  1.15  1.81  0.03  1.26 -0.71  0.91  1.76 -0.19
  1.69 -0.72  0.62 -0.27 -0.5 ] 
new state: [ 0.87  1.2   3.32  1.64  1.15  1.81  0.03  1.26 -0.71  0.91  1.76 -0.19
  1.69 -0.72  0.61 -0.26 -0.51] 
new state: [ 0.87  1.19  3.32  1.64  1.15  1.81  0.03  1.26 -0.71  0.91  1.76 -0.19
  1.69 -0.72  0.6  -0.25 -0.52] 
new state: [ 0.87  1.18  3.32  1.64  1.15  1.81  0.03  1.26 -0.71  0.91  1.76 -0.19
  1.69 -0.71  0.59 -0.24 -0.53] 
new state: [ 0.88  1.17  3.32  1.64  1.15  1.81  0.03  1.26 -0.71  0.91  1.76 -0.19
  1.69 -0.71  0.58 -0.24 -0.54] 
new state: [ 0.89  1.16  3.32  1.64  1.15  1.81  0.03  1.26 -0.71  0.91  1.76 -0.19
  1.69 -0.71  0.58 -0.24 -0.54] 
new state: [ 0.9   1.15  3.32  1.64  1.15  1.81  0.03  1.26 -0.71  0.91  1.76 -0.19
  1.69 -0.71  0.57 -0.24 -0.55] 
new state: [ 0.91  1.14  3.32  1.64  1.15  1.81  0.03  1.26 -0.71  0.91  1.76 -0.19
  1.69 -0.71  0.56 -0.24 -0.55] 
new state: [ 0.93  1.13  3.32  1.64  1.15  1.81  0.03  1.26 -0.71  0.91  1.76 -0.19
  1.69 -0.71  0.56 -0.24 -0.56] 
new state: [ 0.94  1.11  3.32  1.64  1.15  1.81  0.03  1.26 -0.71  0.91  1.76 -0.19
  1.69 -0.7   0.55 -0.24 -0.57] 
new state: [ 0.95  1.1   3.32  1.64  1.15  1.81  0.03  1.26 -0.71  0.91  1.76 -0.19
  1.69 -0.7   0.55 -0.24 -0.57] 
new state: [ 0.96  1.08  3.31  1.64  1.15  1.81  0.03  1.26 -0.71  0.91  1.76 -0.19
  1.69 -0.7   0.55 -0.25 -0.58] 
new state: [ 0.98  1.07  3.31  1.64  1.15  1.81  0.03  1.26 -0.71  0.91  1.76 -0.19
  1.69 -0.7   0.54 -0.25 -0.58] 
new state: [ 0.99  1.06  3.31  1.64  1.15  1.81  0.03  1.26 -0.71  0.91  1.76 -0.19
  1.69 -0.7   0.54 -0.25 -0.59] 
new state: [ 1.    1.04  3.31  1.64  1.15  1.81  0.03  1.26 -0.71  0.91  1.76 -0.19
  1.69 -0.7   0.53 -0.25 -0.59] 
new state: [ 1.01  1.03  3.3   1.64  1.15  1.81  0.03  1.26 -0.71  0.91  1.76 -0.19
  1.69 -0.7   0.53 -0.25 -0.6 ] 
new state: [ 1.02  1.02  3.3   1.64  1.15  1.81  0.03  1.26 -0.71  0.91  1.76 -0.19
  1.69 -0.7   0.53 -0.26 -0.6 ] 
new state: [ 1.03  1.01  3.29  1.64  1.15  1.81  0.03  1.26 -0.71  0.91  1.76 -0.19
  1.69 -0.7   0.52 -0.26 -0.61] 
new state: [ 1.04  0.99  3.29  1.64  1.15  1.81  0.03  1.26 -0.71  0.91  1.76 -0.19
  1.69 -0.7   0.52 -0.26 -0.61] 
new state: [ 1.05  0.98  3.28  1.64  1.15  1.81  0.03  1.26 -0.71  0.91  1.76 -0.19
  1.69 -0.7   0.51 -0.26 -0.61] 
new state: [ 1.06  0.97  3.28  1.64  1.15  1.81  0.03  1.26 -0.71  0.91  1.76 -0.19
  1.69 -0.7   0.51 -0.27 -0.62] 
new state: [ 1.07  0.96  3.27  1.64  1.15  1.81  0.03  1.26 -0.71  0.91  1.76 -0.19
  1.69 -0.7   0.51 -0.27 -0.62] 
new state: [ 1.07  0.95  3.27  1.64  1.15  1.81  0.03  1.26 -0.71  0.91  1.76 -0.19
  1.69 -0.7   0.5  -0.27 -0.63] 
new state: [ 1.08  0.94  3.26  1.64  1.15  1.81  0.03  1.26 -0.71  0.91  1.76 -0.19
  1.69 -0.7   0.5  -0.27 -0.63] 
new state: [ 1.09  0.93  3.26  1.64  1.15  1.81  0.03  1.26 -0.71  0.91  1.76 -0.19
  1.69 -0.7   0.49 -0.27 -0.64] 
new state: [ 1.1   0.92  3.25  1.64  1.15  1.81  0.03  1.26 -0.71  0.91  1.76 -0.19
  1.69 -0.7   0.49 -0.28 -0.64] 
new state: [ 1.1   0.91  3.25  1.64  1.15  1.81  0.03  1.26 -0.71  0.91  1.76 -0.19
  1.69 -0.7   0.49 -0.28 -0.64] 
new state: [ 1.11  0.9   3.24  1.64  1.15  1.81  0.03  1.26 -0.71  0.91  1.76 -0.19
  1.69 -0.7   0.49 -0.28 -0.65] 
new state: [ 1.11  0.9   3.24  1.64  1.15  1.81  0.03  1.26 -0.71  0.91  1.76 -0.19
  1.69 -0.7   0.49 -0.29 -0.65] 
new state: [ 1.12  0.89  3.23  1.64  1.15  1.81  0.03  1.26 -0.71  0.91  1.76 -0.19
  1.69 -0.7   0.48 -0.29 -0.66] 
new state: [ 1.12  0.88  3.23  1.64  1.15  1.81  0.03  1.26 -0.71  0.91  1.76 -0.19
  1.69 -0.7   0.48 -0.29 -0.66] 
new state: [ 1.12  0.87  3.22  1.64  1.15  1.81  0.03  1.26 -0.71  0.91  1.76 -0.19
  1.69 -0.7   0.48 -0.3  -0.66] 
new state: [ 1.13  0.86  3.21  1.64  1.15  1.81  0.03  1.26 -0.71  0.91  1.76 -0.19
  1.69 -0.7   0.48 -0.3  -0.66] 
new state: [ 1.13  0.85  3.21  1.64  1.15  1.81  0.03  1.26 -0.71  0.91  1.76 -0.19
  1.69 -0.7   0.48 -0.31 -0.67] 
new state: [ 1.13  0.84  3.2   1.64  1.15  1.81  0.03  1.26 -0.71  0.91  1.76 -0.19
  1.69 -0.69  0.48 -0.31 -0.67] 
new state: [ 1.14  0.83  3.2   1.64  1.15  1.81  0.03  1.26 -0.71  0.91  1.76 -0.19
  1.69 -0.69  0.48 -0.31 -0.67] 
new state: [ 1.14  0.83  3.19  1.64  1.15  1.81  0.03  1.26 -0.71  0.91  1.76 -0.19
  1.69 -0.69  0.48 -0.32 -0.67] 
new state: [ 1.14  0.82  3.19  1.64  1.15  1.81  0.03  1.26 -0.71  0.91  1.76 -0.19
  1.69 -0.69  0.48 -0.32 -0.67] 
new state: [ 1.14  0.81  3.18  1.64  1.15  1.81  0.03  1.26 -0.71  0.91  1.76 -0.19
  1.69 -0.69  0.48 -0.33 -0.67] 
new state: [ 1.14  0.8   3.18  1.64  1.15  1.81  0.03  1.26 -0.71  0.91  1.76 -0.19
  1.69 -0.69  0.49 -0.34 -0.67] 
new state: [ 1.15  0.8   3.17  1.64  1.15  1.81  0.03  1.26 -0.71  0.91  1.76 -0.19
  1.69 -0.69  0.49 -0.34 -0.67] 
new state: [ 1.15  0.79  3.17  1.64  1.15  1.81  0.03  1.26 -0.71  0.91  1.76 -0.19
  1.69 -0.69  0.49 -0.35 -0.67] 
new state: [ 1.15  0.79  3.16  1.64  1.15  1.81  0.03  1.26 -0.71  0.91  1.76 -0.19
  1.69 -0.69  0.49 -0.35 -0.67] 
new state: [ 1.15  0.78  3.16  1.64  1.15  1.81  0.03  1.26 -0.71  0.91  1.76 -0.19
  1.69 -0.69  0.49 -0.36 -0.67] 
new state: [ 1.15  0.78  3.15  1.64  1.15  1.81  0.03  1.26 -0.71  0.91  1.76 -0.19
  1.69 -0.69  0.5  -0.36 -0.67] 
new state: [ 1.15  0.77  3.15  1.64  1.15  1.81  0.03  1.26 -0.71  0.91  1.76 -0.19
  1.69 -0.69  0.5  -0.37 -0.67] 
new state: [ 1.15  0.77  3.14  1.64  1.15  1.81  0.03  1.26 -0.71  0.91  1.76 -0.19
  1.69 -0.69  0.5  -0.37 -0.67] 
new state: [ 1.15  0.76  3.14  1.64  1.15  1.81  0.03  1.26 -0.71  0.91  1.76 -0.19
  1.69 -0.69  0.5  -0.38 -0.67] 
new state: [ 1.15  0.76  3.14  1.64  1.15  1.81  0.03  1.26 -0.71  0.91  1.76 -0.19
  1.69 -0.69  0.51 -0.39 -0.66] 
new state: [ 1.15  0.76  3.13  1.64  1.15  1.81  0.03  1.26 -0.71  0.91  1.76 -0.19
  1.69 -0.69  0.51 -0.39 -0.66] 
new state: [ 1.15  0.75  3.13  1.64  1.15  1.81  0.03  1.26 -0.71  0.91  1.76 -0.19
  1.69 -0.69  0.51 -0.4  -0.66] 
new state: [ 1.15  0.75  3.13  1.64  1.15  1.81  0.03  1.26 -0.71  0.91  1.76 -0.19
  1.69 -0.69  0.52 -0.4  -0.66] 
new state: [ 1.15  0.75  3.12  1.64  1.15  1.81  0.03  1.26 -0.71  0.91  1.76 -0.19
  1.69 -0.69  0.52 -0.41 -0.66] 
new state: [ 1.14  0.75  3.12  1.64  1.15  1.81  0.03  1.26 -0.71  0.91  1.76 -0.19
  1.69 -0.7   0.53 -0.41 -0.65] 
new state: [ 1.14  0.75  3.12  1.64  1.15  1.81  0.03  1.26 -0.71  0.91  1.76 -0.19
  1.69 -0.7   0.53 -0.42 -0.65] 
new state: [ 1.14  0.75  3.11  1.64  1.15  1.81  0.03  1.26 -0.71  0.91  1.76 -0.19
  1.69 -0.7   0.53 -0.43 -0.65] 
new state: [ 1.14  0.75  3.11  1.64  1.15  1.81  0.03  1.26 -0.71  0.91  1.76 -0.19
  1.69 -0.7   0.54 -0.43 -0.64] 
new state: [ 1.14  0.75  3.11  1.64  1.15  1.81  0.03  1.26 -0.71  0.91  1.76 -0.19
  1.69 -0.7   0.54 -0.44 -0.64] 
new state: [ 1.13  0.75  3.11  1.64  1.15  1.81  0.03  1.26 -0.71  0.91  1.76 -0.19
  1.69 -0.71  0.55 -0.44 -0.64] 
new state: [ 1.13  0.75  3.1   1.64  1.15  1.81  0.03  1.26 -0.71  0.91  1.76 -0.19
  1.69 -0.71  0.55 -0.45 -0.63] 
new state: [ 1.13  0.75  3.1   1.64  1.15  1.81  0.03  1.26 -0.71  0.91  1.76 -0.19
  1.69 -0.71  0.56 -0.45 -0.63] 
new state: [ 1.12  0.76  3.1   1.64  1.15  1.81  0.03  1.26 -0.71  0.91  1.76 -0.19
  1.69 -0.71  0.56 -0.46 -0.62] 
new state: [ 1.12  0.76  3.1   1.64  1.15  1.81  0.03  1.26 -0.71  0.91  1.76 -0.19
  1.69 -0.72  0.56 -0.46 -0.62] 
new state: [ 1.12  0.76  3.1   1.64  1.15  1.81  0.03  1.26 -0.71  0.91  1.76 -0.19
  1.69 -0.72  0.57 -0.47 -0.61] 
new state: [ 1.11  0.76  3.1   1.64  1.15  1.81  0.03  1.26 -0.71  0.91  1.76 -0.19
  1.69 -0.72  0.58 -0.47 -0.61] 
new state: [ 1.11  0.77  3.1   1.64  1.15  1.81  0.03  1.26 -0.71  0.91  1.76 -0.19
  1.69 -0.73  0.58 -0.48 -0.61] 
new state: [ 1.11  0.77  3.1   1.64  1.15  1.81  0.03  1.26 -0.71  0.91  1.76 -0.19
  1.69 -0.73  0.59 -0.48 -0.6 ] 
new state: [ 1.1   0.78  3.09  1.64  1.15  1.81  0.03  1.26 -0.71  0.91  1.76 -0.19
  1.69 -0.73  0.59 -0.49 -0.6 ] 
new state: [ 1.1   0.78  3.09  1.64  1.15  1.81  0.03  1.26 -0.71  0.91  1.76 -0.19
  1.69 -0.73  0.6  -0.49 -0.59] 
new state: [ 1.09  0.78  3.09  1.64  1.15  1.81  0.03  1.26 -0.71  0.91  1.76 -0.19
  1.69 -0.74  0.6  -0.5  -0.59] 
new state: [ 1.09  0.79  3.09  1.64  1.15  1.81  0.03  1.26 -0.71  0.91  1.76 -0.19
  1.69 -0.74  0.61 -0.5  -0.58] 
new state: [ 1.09  0.79  3.09  1.64  1.15  1.81  0.03  1.26 -0.71  0.91  1.76 -0.19
  1.69 -0.75  0.61 -0.51 -0.58] 
new state: [ 1.08  0.8   3.09  1.64  1.15  1.81  0.03  1.26 -0.71  0.91  1.76 -0.19
  1.69 -0.75  0.62 -0.51 -0.57] 
new state: [ 1.08  0.81  3.09  1.64  1.15  1.81  0.03  1.26 -0.71  0.91  1.76 -0.19
  1.69 -0.75  0.62 -0.51 -0.56] 
new state: [ 1.07  0.81  3.09  1.64  1.15  1.81  0.03  1.26 -0.71  0.91  1.76 -0.19
  1.69 -0.76  0.63 -0.52 -0.56] 
new state: [ 1.07  0.82  3.09  1.64  1.15  1.81  0.03  1.26 -0.71  0.91  1.76 -0.19
  1.69 -0.76  0.63 -0.52 -0.55] 
new state: [ 1.07  0.82  3.1   1.64  1.15  1.81  0.03  1.26 -0.71  0.91  1.76 -0.19
  1.69 -0.77  0.64 -0.53 -0.55] 
new state: [ 1.06  0.83  3.1   1.64  1.15  1.81  0.03  1.26 -0.71  0.91  1.76 -0.19
  1.69 -0.77  0.64 -0.53 -0.54] 
new state: [ 1.06  0.84  3.1   1.64  1.15  1.81  0.03  1.26 -0.71  0.91  1.76 -0.19
  1.69 -0.78  0.65 -0.53 -0.54] 
new state: [ 1.05  0.85  3.1   1.64  1.15  1.81  0.03  1.26 -0.71  0.91  1.76 -0.19
  1.69 -0.78  0.65 -0.53 -0.53] 
new state: [ 1.05  0.86  3.1   1.64  1.15  1.81  0.03  1.26 -0.71  0.91  1.76 -0.19
  1.69 -0.79  0.66 -0.54 -0.53] 
new state: [ 1.04  0.86  3.1   1.64  1.15  1.81  0.03  1.26 -0.71  0.91  1.76 -0.19
  1.69 -0.79  0.66 -0.54 -0.52] 
new state: [ 1.04  0.87  3.1   1.64  1.15  1.81  0.03  1.26 -0.71  0.91  1.76 -0.19
  1.69 -0.8   0.67 -0.54 -0.52] 
new state: [ 1.03  0.88  3.1   1.64  1.15  1.81  0.03  1.26 -0.71  0.91  1.76 -0.19
  1.69 -0.8   0.67 -0.55 -0.51] 
new state: [ 1.03  0.88  3.1   1.64  1.15  1.81  0.03  1.26 -0.71  0.91  1.76 -0.19
  1.69 -0.81  0.68 -0.55 -0.51] 
new state: [ 1.02  0.89  3.1   1.64  1.15  1.81  0.03  1.26 -0.71  0.91  1.76 -0.19
  1.69 -0.81  0.68 -0.55 -0.5 ] 
new state: [ 1.02  0.9   3.1   1.64  1.15  1.81  0.03  1.26 -0.71  0.91  1.76 -0.19
  1.69 -0.81  0.69 -0.55 -0.5 ] 
new state: [ 1.02  0.91  3.11  1.64  1.15  1.81  0.03  1.26 -0.71  0.91  1.76 -0.19
  1.69 -0.82  0.69 -0.56 -0.49] 
new state: [ 1.01  0.92  3.11  1.64  1.15  1.81  0.03  1.26 -0.71  0.91  1.76 -0.19
  1.69 -0.82  0.7  -0.56 -0.49] 
new state: [ 1.    0.92  3.11  1.64  1.15  1.81  0.03  1.26 -0.71  0.91  1.76 -0.19
  1.69 -0.82  0.7  -0.57 -0.48] 
new state: [ 0.99  0.93  3.11  1.64  1.15  1.81  0.03  1.26 -0.71  0.91  1.76 -0.19
  1.69 -0.82  0.71 -0.57 -0.48] 
new state: [ 0.99  0.95  3.11  1.64  1.15  1.81  0.03  1.26 -0.71  0.91  1.76 -0.19
  1.69 -0.83  0.71 -0.56 -0.47] 
new state: [ 0.98  0.96  3.11  1.64  1.15  1.81  0.03  1.26 -0.71  0.91  1.76 -0.19
  1.69 -0.83  0.71 -0.56 -0.47] 
new state: [ 0.97  0.97  3.11  1.64  1.15  1.81  0.03  1.26 -0.71  0.91  1.76 -0.19
  1.69 -0.83  0.71 -0.56 -0.47] 
new state: [ 0.96  0.98  3.12  1.64  1.15  1.81  0.03  1.26 -0.71  0.91  1.76 -0.19
  1.69 -0.83  0.72 -0.56 -0.47] 
new state: [ 0.95  0.99  3.12  1.64  1.15  1.81  0.03  1.26 -0.71  0.91  1.76 -0.19
  1.69 -0.83  0.72 -0.56 -0.46] 
new state: [ 0.94  1.    3.12  1.64  1.15  1.81  0.03  1.26 -0.71  0.91  1.76 -0.19
  1.69 -0.83  0.72 -0.56 -0.46] 
new state: [ 0.94  1.01  3.12  1.64  1.15  1.81  0.03  1.26 -0.71  0.91  1.76 -0.19
  1.69 -0.83  0.72 -0.56 -0.46] 
new state: [ 0.93  1.02  3.12  1.64  1.15  1.81  0.03  1.26 -0.71  0.91  1.76 -0.19
  1.69 -0.83  0.72 -0.56 -0.46] 
new state: [ 0.93  1.03  3.12  1.64  1.15  1.81  0.03  1.26 -0.71  0.91  1.76 -0.19
  1.69 -0.83  0.73 -0.56 -0.45] 
new state: [ 0.92  1.03  3.12  1.64  1.15  1.81  0.03  1.26 -0.71  0.91  1.76 -0.19
  1.69 -0.83  0.73 -0.56 -0.45] 
new state: [ 0.91  1.04  3.13  1.64  1.15  1.81  0.03  1.26 -0.71  0.91  1.76 -0.19
  1.69 -0.83  0.73 -0.56 -0.45] 
new state: [ 0.91  1.05  3.13  1.64  1.15  1.81  0.03  1.26 -0.71  0.91  1.76 -0.19
  1.69 -0.83  0.73 -0.56 -0.45] 
new state: [ 0.9   1.06  3.13  1.64  1.15  1.81  0.03  1.26 -0.71  0.91  1.76 -0.19
  1.69 -0.83  0.74 -0.56 -0.44] 
new state: [ 0.9   1.07  3.13  1.64  1.15  1.81  0.03  1.26 -0.71  0.91  1.76 -0.19
  1.69 -0.83  0.74 -0.56 -0.44] 
new state: [ 0.9   1.07  3.13  1.64  1.15  1.81  0.03  1.26 -0.71  0.91  1.76 -0.19
  1.69 -0.83  0.74 -0.56 -0.44] 
new state: [ 0.89  1.07  3.13  1.64  1.15  1.81  0.03  1.26 -0.71  0.91  1.76 -0.19
  1.69 -0.84  0.75 -0.56 -0.43] 
new state: [ 0.89  1.08  3.13  1.64  1.15  1.81  0.03  1.26 -0.71  0.91  1.76 -0.19
  1.69 -0.84  0.75 -0.56 -0.43] 
new state: [ 0.89  1.08  3.14  1.64  1.15  1.81  0.03  1.26 -0.71  0.91  1.76 -0.19
  1.69 -0.84  0.75 -0.56 -0.43] 
new state: [ 0.89  1.08  3.14  1.64  1.15  1.81  0.03  1.26 -0.71  0.91  1.76 -0.19
  1.69 -0.84  0.75 -0.56 -0.42] 
new state: [ 0.89  1.09  3.14  1.64  1.15  1.81  0.03  1.26 -0.71  0.91  1.76 -0.19
  1.69 -0.84  0.76 -0.56 -0.42] 
new state: [ 0.89  1.09  3.14  1.64  1.15  1.81  0.03  1.26 -0.71  0.91  1.76 -0.19
  1.69 -0.84  0.76 -0.56 -0.42] 
new state: [ 0.88  1.09  3.14  1.64  1.15  1.81  0.03  1.26 -0.71  0.91  1.76 -0.19
  1.69 -0.84  0.76 -0.56 -0.41] 
new state: [ 0.88  1.1   3.14  1.64  1.15  1.81  0.03  1.26 -0.71  0.91  1.76 -0.19
  1.69 -0.84  0.76 -0.56 -0.41] 
new state: [ 0.88  1.1   3.14  1.64  1.15  1.81  0.03  1.26 -0.71  0.91  1.76 -0.19
  1.69 -0.84  0.77 -0.56 -0.41] 
new state: [ 0.88  1.1   3.14  1.64  1.15  1.81  0.03  1.26 -0.71  0.91  1.76 -0.19
  1.69 -0.84  0.77 -0.55 -0.41] 
new state: [ 0.88  1.11  3.14  1.64  1.15  1.81  0.03  1.26 -0.71  0.91  1.76 -0.19
  1.69 -0.84  0.77 -0.55 -0.4 ] 
new state: [ 0.88  1.11  3.15  1.64  1.15  1.81  0.03  1.26 -0.71  0.91  1.76 -0.19
  1.69 -0.84  0.77 -0.55 -0.4 ] 
new state: [ 0.88  1.11  3.15  1.64  1.15  1.81  0.03  1.26 -0.71  0.91  1.76 -0.19
  1.69 -0.84  0.77 -0.55 -0.4 ] 
new state: [ 0.88  1.12  3.15  1.64  1.15  1.81  0.03  1.26 -0.71  0.91  1.76 -0.19
  1.69 -0.84  0.77 -0.55 -0.4 ] 
new state: [ 0.88  1.12  3.15  1.64  1.15  1.81  0.03  1.26 -0.71  0.91  1.76 -0.19
  1.69 -0.84  0.78 -0.55 -0.4 ] 
new state: [ 0.88  1.12  3.15  1.64  1.15  1.81  0.03  1.26 -0.71  0.91  1.76 -0.19
  1.69 -0.84  0.78 -0.55 -0.4 ] 
new state: [ 0.88  1.12  3.15  1.64  1.15  1.81  0.03  1.26 -0.71  0.91  1.76 -0.19
  1.69 -0.84  0.78 -0.55 -0.39] 
new state: [ 0.88  1.12  3.15  1.64  1.15  1.81  0.03  1.26 -0.71  0.91  1.76 -0.19
  1.69 -0.84  0.78 -0.55 -0.39] 
new state: [ 0.89  1.12  3.15  1.64  1.15  1.81  0.03  1.26 -0.71  0.91  1.76 -0.19
  1.69 -0.84  0.78 -0.55 -0.39] 
new state: [ 0.89  1.13  3.15  1.64  1.15  1.81  0.03  1.26 -0.71  0.91  1.76 -0.19
  1.69 -0.84  0.78 -0.54 -0.39] 
new state: [ 0.89  1.13  3.15  1.64  1.15  1.81  0.03  1.26 -0.71  0.91  1.76 -0.19
  1.69 -0.84  0.78 -0.54 -0.39] 
new state: [ 0.89  1.13  3.15  1.64  1.15  1.81  0.03  1.26 -0.71  0.91  1.76 -0.19
  1.69 -0.84  0.78 -0.54 -0.39] 
new state: [ 0.89  1.13  3.15  1.64  1.15  1.81  0.03  1.26 -0.71  0.91  1.76 -0.19
  1.69 -0.84  0.78 -0.54 -0.39] 
new state: [ 0.89  1.13  3.15  1.64  1.15  1.81  0.03  1.26 -0.71  0.91  1.76 -0.19
  1.69 -0.84  0.78 -0.54 -0.39] 
new state: [ 0.89  1.13  3.15  1.64  1.15  1.81  0.03  1.26 -0.71  0.91  1.76 -0.19
  1.69 -0.84  0.78 -0.54 -0.39] 
new state: [ 0.89  1.13  3.15  1.64  1.15  1.81  0.03  1.26 -0.71  0.91  1.76 -0.19
  1.69 -0.84  0.78 -0.53 -0.39] 
new state: [ 0.9   1.13  3.15  1.64  1.15  1.81  0.03  1.26 -0.71  0.91  1.76 -0.19
  1.69 -0.83  0.78 -0.53 -0.39] 
new state: [ 0.9   1.13  3.15  1.64  1.15  1.81  0.03  1.26 -0.71  0.91  1.76 -0.19
  1.69 -0.83  0.78 -0.53 -0.39] 
new state: [ 0.9   1.13  3.15  1.64  1.15  1.81  0.03  1.26 -0.71  0.91  1.76 -0.19
  1.69 -0.83  0.78 -0.53 -0.39] 
new state: [ 0.9   1.13  3.15  1.64  1.15  1.81  0.03  1.26 -0.71  0.91  1.76 -0.19
  1.69 -0.83  0.78 -0.53 -0.39] 
new state: [ 0.9   1.13  3.15  1.64  1.15  1.81  0.03  1.26 -0.71  0.91  1.76 -0.19
  1.69 -0.83  0.78 -0.52 -0.39] 
new state: [ 0.91  1.13  3.15  1.64  1.15  1.81  0.03  1.26 -0.71  0.91  1.76 -0.19
  1.69 -0.83  0.78 -0.52 -0.39] 
new state: [ 0.91  1.13  3.15  1.64  1.15  1.81  0.03  1.26 -0.71  0.91  1.76 -0.19
  1.69 -0.82  0.78 -0.52 -0.39] 
new state: [ 0.91  1.13  3.15  1.64  1.15  1.81  0.03  1.26 -0.71  0.91  1.76 -0.19
  1.69 -0.82  0.78 -0.52 -0.39] 
new state: [ 0.91  1.13  3.15  1.64  1.15  1.81  0.03  1.26 -0.71  0.91  1.76 -0.19
  1.69 -0.82  0.78 -0.52 -0.39] 
new state: [ 0.91  1.12  3.15  1.64  1.15  1.81  0.03  1.26 -0.71  0.91  1.76 -0.19
  1.69 -0.82  0.78 -0.51 -0.39] 
new state: [ 0.92  1.12  3.15  1.64  1.15  1.81  0.03  1.26 -0.71  0.91  1.76 -0.19
  1.69 -0.82  0.78 -0.51 -0.39] 
new state: [ 0.92  1.12  3.15  1.64  1.15  1.81  0.03  1.26 -0.71  0.91  1.76 -0.19
  1.69 -0.81  0.78 -0.51 -0.39] 
new state: [ 0.92  1.12  3.15  1.64  1.15  1.81  0.03  1.26 -0.71  0.91  1.76 -0.19
  1.69 -0.81  0.78 -0.51 -0.39] 
new state: [ 0.92  1.12  3.15  1.64  1.15  1.81  0.03  1.26 -0.71  0.91  1.76 -0.19
  1.69 -0.81  0.78 -0.51 -0.39] 
new state: [ 0.93  1.12  3.15  1.64  1.15  1.81  0.03  1.26 -0.71  0.91  1.76 -0.19
  1.69 -0.81  0.78 -0.5  -0.4 ] 
new state: [ 0.93  1.11  3.15  1.64  1.15  1.81  0.03  1.26 -0.71  0.91  1.76 -0.19
  1.69 -0.8   0.77 -0.5  -0.4 ] 
new state: [ 0.93  1.11  3.15  1.64  1.15  1.81  0.03  1.26 -0.71  0.91  1.76 -0.19
  1.69 -0.8   0.77 -0.5  -0.4 ] 
new state: [ 0.94  1.11  3.15  1.64  1.15  1.81  0.03  1.26 -0.71  0.91  1.76 -0.19
  1.69 -0.8   0.77 -0.5  -0.4 ] 
new state: [ 0.94  1.11  3.15  1.64  1.15  1.81  0.03  1.26 -0.71  0.91  1.76 -0.19
  1.69 -0.8   0.77 -0.49 -0.4 ] 
new state: [ 0.94  1.11  3.15  1.64  1.15  1.81  0.03  1.26 -0.71  0.91  1.76 -0.19
  1.69 -0.79  0.77 -0.49 -0.4 ] 
new state: [ 0.94  1.1   3.15  1.64  1.15  1.81  0.03  1.26 -0.71  0.91  1.76 -0.19
  1.69 -0.79  0.77 -0.49 -0.41] 
new state: [ 0.95  1.1   3.15  1.64  1.15  1.81  0.03  1.26 -0.71  0.91  1.76 -0.19
  1.69 -0.79  0.77 -0.49 -0.41] 
new state: [ 0.95  1.1   3.15  1.64  1.15  1.81  0.03  1.26 -0.71  0.91  1.76 -0.19
  1.69 -0.79  0.77 -0.49 -0.41] 
new state: [ 0.95  1.09  3.15  1.64  1.15  1.81  0.03  1.26 -0.71  0.91  1.76 -0.19
  1.69 -0.78  0.76 -0.49 -0.41] 
new state: [ 0.96  1.09  3.15  1.64  1.15  1.81  0.03  1.26 -0.71  0.91  1.76 -0.19
  1.69 -0.78  0.76 -0.48 -0.41] 
new state: [ 0.96  1.09  3.15  1.64  1.15  1.81  0.03  1.26 -0.71  0.91  1.76 -0.19
  1.69 -0.78  0.76 -0.48 -0.41] 
new state: [ 0.96  1.09  3.15  1.64  1.15  1.81  0.03  1.26 -0.71  0.91  1.76 -0.19
  1.69 -0.77  0.76 -0.48 -0.42] 
new state: [ 0.96  1.08  3.15  1.64  1.15  1.81  0.03  1.26 -0.71  0.91  1.76 -0.19
  1.69 -0.77  0.76 -0.48 -0.42] 
new state: [ 0.97  1.08  3.15  1.64  1.15  1.81  0.03  1.26 -0.71  0.91  1.76 -0.19
  1.69 -0.77  0.76 -0.48 -0.42] 
new state: [ 0.97  1.08  3.15  1.64  1.15  1.81  0.03  1.26 -0.71  0.91  1.76 -0.19
  1.69 -0.76  0.76 -0.48 -0.42] 
new state: [ 0.97  1.07  3.15  1.64  1.15  1.81  0.03  1.26 -0.71  0.91  1.76 -0.19
  1.69 -0.76  0.75 -0.47 -0.42] 
new state: [ 0.98  1.07  3.15  1.64  1.15  1.81  0.03  1.26 -0.71  0.91  1.76 -0.19
  1.69 -0.76  0.75 -0.47 -0.43] 
new state: [ 0.98  1.07  3.15  1.64  1.15  1.81  0.03  1.26 -0.71  0.91  1.76 -0.19
  1.69 -0.76  0.75 -0.47 -0.43] 
new state: [ 0.98  1.07  3.15  1.64  1.15  1.81  0.03  1.26 -0.71  0.91  1.76 -0.19
  1.69 -0.75  0.75 -0.47 -0.43] 
new state: [ 0.98  1.06  3.15  1.64  1.15  1.81  0.03  1.26 -0.71  0.91  1.76 -0.19
  1.69 -0.75  0.75 -0.47 -0.43] 
new state: [ 0.99  1.06  3.15  1.64  1.15  1.81  0.03  1.26 -0.71  0.91  1.76 -0.19
  1.69 -0.75  0.74 -0.47 -0.43] 
new state: [ 0.99  1.06  3.15  1.64  1.15  1.81  0.03  1.26 -0.71  0.91  1.76 -0.19
  1.69 -0.74  0.74 -0.46 -0.44] 
new state: [ 0.99  1.05  3.14  1.64  1.15  1.81  0.03  1.26 -0.71  0.91  1.76 -0.19
  1.69 -0.74  0.74 -0.46 -0.44] 
new state: [ 0.99  1.05  3.14  1.64  1.15  1.81  0.03  1.26 -0.71  0.91  1.76 -0.19
  1.69 -0.74  0.74 -0.46 -0.44] 
new state: [ 1.    1.05  3.14  1.64  1.15  1.81  0.03  1.26 -0.71  0.91  1.76 -0.19
  1.69 -0.74  0.74 -0.46 -0.44] 
move to way point [0.         1.         3.14159265]
new state: [ 0.95  1.05  3.14  1.64  1.15  1.81  0.03  1.26 -0.71  0.91  1.76 -0.19
  1.69 -0.74  0.73 -0.46 -0.44] 
new state: [ 0.93  1.05  3.14  1.64  1.15  1.81  0.03  1.26 -0.71  0.91  1.76 -0.19
  1.69 -0.75  0.73 -0.47 -0.45] 
new state: [ 0.91  1.05  3.14  1.64  1.15  1.81  0.03  1.26 -0.71  0.91  1.76 -0.19
  1.69 -0.76  0.73 -0.49 -0.45] 
new state: [ 0.89  1.05  3.14  1.64  1.15  1.81  0.03  1.26 -0.71  0.91  1.76 -0.19
  1.69 -0.78  0.73 -0.5  -0.45] 
new state: [ 0.87  1.05  3.14  1.64  1.15  1.81  0.03  1.26 -0.71  0.91  1.76 -0.19
  1.69 -0.79  0.73 -0.51 -0.45] 
new state: [ 0.85  1.05  3.14  1.64  1.15  1.81  0.03  1.26 -0.71  0.91  1.76 -0.19
  1.69 -0.81  0.73 -0.53 -0.45] 
new state: [ 0.83  1.05  3.14  1.64  1.15  1.81  0.03  1.26 -0.71  0.91  1.76 -0.19
  1.69 -0.82  0.73 -0.55 -0.45] 
new state: [ 0.81  1.04  3.14  1.64  1.15  1.81  0.03  1.26 -0.71  0.91  1.76 -0.19
  1.69 -0.84  0.73 -0.56 -0.45] 
new state: [ 0.8   1.05  3.14  1.64  1.15  1.81  0.03  1.26 -0.71  0.91  1.76 -0.19
  1.69 -0.85  0.73 -0.59 -0.46] 
new state: [ 0.76  1.04  3.14  1.64  1.15  1.81  0.03  1.26 -0.71  0.91  1.76 -0.19
  1.69 -0.87  0.73 -0.6  -0.46] 
new state: [ 0.72  1.04  3.14  1.64  1.15  1.81  0.03  1.26 -0.71  0.91  1.76 -0.19
  1.69 -0.87  0.73 -0.6  -0.46] 
new state: [ 0.68  1.03  3.14  1.64  1.15  1.81  0.03  1.26 -0.71  0.91  1.76 -0.19
  1.69 -0.88  0.73 -0.61 -0.45] 
new state: [ 0.65  1.02  3.14  1.64  1.15  1.81  0.03  1.26 -0.71  0.91  1.76 -0.19
  1.69 -0.89  0.73 -0.62 -0.45] 
new state: [ 0.61  1.02  3.14  1.64  1.15  1.81  0.03  1.26 -0.71  0.91  1.76 -0.19
  1.69 -0.9   0.73 -0.63 -0.45] 
new state: [ 0.57  1.02  3.14  1.64  1.15  1.81  0.03  1.26 -0.71  0.91  1.76 -0.19
  1.69 -0.91  0.73 -0.64 -0.45] 
new state: [ 0.53  1.01  3.14  1.64  1.15  1.81  0.03  1.26 -0.71  0.91  1.76 -0.19
  1.69 -0.91  0.73 -0.65 -0.45] 
new state: [ 0.54  1.06  3.14  1.64  1.15  1.81  0.03  1.26 -0.71  0.91  1.76 -0.41
  1.51 -0.86  0.78 -0.59 -0.4 ] 
new state: [ 0.48  1.05  3.14  1.64  1.15  1.81  0.03  1.26 -0.71  0.91  1.76 -0.41
  1.51 -0.86  0.78 -0.59 -0.4 ] 
new state: [ 0.46  1.05  3.14  1.64  1.15  1.81  0.03  1.26 -0.71  0.91  1.76 -0.41
  1.5  -0.86  0.78 -0.59 -0.4 ] 
new state: [ 0.43  1.05  3.14  1.64  1.15  1.81  0.03  1.26 -0.71  0.91  1.76 -0.41
  1.51 -0.85  0.78 -0.59 -0.4 ] 
new state: [ 0.39  1.05  3.14  1.64  1.15  1.81  0.03  1.26 -0.71  0.91  1.76 -0.4
  1.5  -0.84  0.77 -0.59 -0.4 ] 
new state: [ 0.36  1.05  3.14  1.64  1.15  1.81  0.03  1.26 -0.71  0.91  1.76 -0.39
  1.5  -0.84  0.77 -0.59 -0.4 ] 
new state: [ 0.32  1.05  3.14  1.64  1.15  1.81  0.03  1.26 -0.71  0.91  1.76 -0.38
  1.5  -0.83  0.77 -0.59 -0.4 ] 
new state: [ 0.28  1.05  3.14  1.64  1.15  1.81  0.03  1.26 -0.71  0.91  1.76 -0.37
  1.5  -0.82  0.77 -0.59 -0.4 ] 
new state: [ 0.25  1.04  3.14  1.64  1.15  1.81  0.03  1.26 -0.71  0.91  1.76 -0.35
  1.5  -0.81  0.77 -0.59 -0.4 ] 
new state: [ 0.21  1.04  3.14  1.64  1.15  1.81  0.03  1.26 -0.71  0.91  1.76 -0.34
  1.5  -0.8   0.77 -0.59 -0.4 ] 
new state: [ 0.18  1.04  3.14  1.64  1.15  1.81  0.03  1.26 -0.71  0.91  1.76 -0.34
  1.51 -0.79  0.77 -0.59 -0.4 ] 
new state: [ 0.15  1.04  3.14  1.64  1.15  1.81  0.03  1.26 -0.71  0.91  1.76 -0.33
  1.5  -0.78  0.77 -0.59 -0.4 ] 
new state: [ 0.13  1.04  3.14  1.64  1.15  1.81  0.03  1.26 -0.71  0.91  1.76 -0.32
  1.5  -0.78  0.77 -0.59 -0.4 ] 
new state: [ 0.11  1.04  3.14  1.64  1.15  1.81  0.03  1.26 -0.71  0.91  1.76 -0.32
  1.5  -0.77  0.77 -0.59 -0.4 ] 
new state: [ 0.1   1.04  3.14  1.64  1.15  1.81  0.03  1.26 -0.71  0.91  1.76 -0.32
  1.5  -0.77  0.77 -0.59 -0.4 ] 
new state: [ 0.09  1.04  3.14  1.64  1.15  1.81  0.03  1.26 -0.71  0.91  1.76 -0.33
  1.5  -0.77  0.76 -0.59 -0.4 ] 
new state: [ 0.08  1.04  3.14  1.64  1.15  1.81  0.03  1.26 -0.71  0.91  1.76 -0.33
  1.5  -0.77  0.76 -0.59 -0.4 ] 
new state: [ 0.06  1.03  3.14  1.64  1.15  1.81  0.03  1.26 -0.71  0.91  1.76 -0.33
  1.49 -0.77  0.76 -0.59 -0.4 ] 
new state: [ 0.05  1.03  3.14  1.64  1.15  1.81  0.03  1.26 -0.71  0.91  1.76 -0.33
  1.49 -0.78  0.76 -0.59 -0.4 ] 
new state: [ 0.04  1.03  3.14  1.64  1.15  1.81  0.03  1.26 -0.71  0.91  1.76 -0.33
  1.49 -0.78  0.76 -0.59 -0.4 ] 
new state: [ 0.03  1.03  3.14  1.64  1.15  1.81  0.03  1.26 -0.71  0.91  1.76 -0.33
  1.49 -0.78  0.76 -0.59 -0.4 ] 
move to way point [0.         1.         4.71238898]
new state: [ 0.03  1.04  3.2   1.64  1.15  1.81  0.03  1.26 -0.71  0.91  1.76 -0.33
  1.49 -0.78  0.75 -0.59 -0.4 ] 
new state: [ 0.02  1.05  3.26  1.64  1.15  1.81  0.03  1.26 -0.71  0.91  1.76 -0.33
  1.49 -0.77  0.73 -0.59 -0.4 ] 
new state: [ 0.01  1.06  3.32  1.64  1.15  1.81  0.03  1.26 -0.71  0.91  1.76 -0.33
  1.49 -0.76  0.71 -0.59 -0.4 ] 
new state: [-0.    1.08  3.38  1.64  1.15  1.81  0.03  1.26 -0.71  0.91  1.76 -0.33
  1.49 -0.75  0.69 -0.59 -0.4 ] 
new state: [-0.01  1.09  3.44  1.64  1.15  1.81  0.03  1.26 -0.71  0.91  1.76 -0.33
  1.49 -0.74  0.67 -0.59 -0.4 ] 
new state: [-0.03  1.11  3.5   1.64  1.15  1.81  0.03  1.26 -0.71  0.91  1.76 -0.33
  1.49 -0.72  0.65 -0.59 -0.4 ] 
new state: [-0.04  1.12  3.55  1.64  1.15  1.81  0.03  1.26 -0.71  0.91  1.76 -0.33
  1.49 -0.7   0.63 -0.59 -0.4 ] 
new state: [-0.05  1.13  3.6   1.64  1.15  1.81  0.03  1.26 -0.71  0.91  1.76 -0.33
  1.49 -0.69  0.61 -0.59 -0.4 ] 
new state: [-0.06  1.14  3.65  1.64  1.15  1.81  0.03  1.26 -0.71  0.91  1.76 -0.33
  1.49 -0.67  0.6  -0.59 -0.4 ] 
new state: [-0.07  1.14  3.71  1.64  1.15  1.81  0.03  1.26 -0.71  0.91  1.76 -0.33
  1.49 -0.66  0.59 -0.59 -0.4 ] 
new state: [-0.06  1.13  3.76  1.64  1.15  1.81  0.03  1.26 -0.71  0.91  1.76 -0.33
  1.49 -0.66  0.58 -0.59 -0.4 ] 
new state: [-0.06  1.13  3.81  1.64  1.15  1.81  0.03  1.26 -0.71  0.91  1.76 -0.33
  1.49 -0.66  0.58 -0.59 -0.4 ] 
new state: [-0.2   1.11  3.87  1.64  1.15  1.81  0.03  1.26 -0.71  0.91  1.76 -0.39
  1.49 -0.81  0.59 -0.23 -0.39] 
new state: [-0.17  1.1   3.92  1.64  1.15  1.81  0.03  1.26 -0.71  0.91  1.76 -0.39
  1.49 -0.82  0.59 -0.22 -0.39] 
new state: [-0.15  1.08  3.95  1.64  1.15  1.81  0.03  1.26 -0.71  0.91  1.76 -0.39
  1.49 -0.83  0.61 -0.23 -0.39] 
new state: [-0.13  1.07  3.98  1.64  1.15  1.81  0.03  1.26 -0.71  0.91  1.76 -0.39
  1.49 -0.83  0.62 -0.24 -0.39] 
new state: [-0.1   1.06  4.02  1.64  1.15  1.81  0.03  1.26 -0.71  0.91  1.76 -0.39
  1.49 -0.83  0.64 -0.26 -0.4 ] 
new state: [-0.09  1.05  4.05  1.64  1.15  1.81  0.03  1.26 -0.71  0.91  1.76 -0.39
  1.49 -0.83  0.65 -0.28 -0.4 ] 
[-0.08673896  1.04647946  4.05431238  1.63727621  1.15142146  1.80777573
  0.03054603  1.26419782 -0.7119107   0.90829792  1.75530338 -0.39064181
  1.49387274 -0.83363151  0.64809349 -0.27739599 -0.40107512  0.30690474
 -0.74674437]
new state: [-0.06  1.02  4.09  1.64  1.15  1.81  0.03  1.26 -0.71  0.91  1.76 -0.39
  1.49 -0.85  0.71 -0.4  -0.41  0.4  -0.75] 
new state: [-0.05  1.02  4.13  1.64  1.15  1.81  0.03  1.26 -0.71  0.91  1.76 -0.39
  1.49 -0.85  0.71 -0.41 -0.41  0.39 -0.75] 
new state: [-0.02  1.01  4.16  1.64  1.15  1.81  0.03  1.26 -0.71  0.91  1.76 -0.39
  1.49 -0.85  0.72 -0.42 -0.41  0.38 -0.76] 
new state: [ 0.02  1.    4.2   1.64  1.15  1.81  0.03  1.26 -0.71  0.91  1.76 -0.39
  1.49 -0.84  0.74 -0.44 -0.41  0.34 -0.77] 
new state: [ 0.08  1.    4.23  1.64  1.15  1.81  0.03  1.26 -0.71  0.91  1.76 -0.39
  1.49 -0.82  0.74 -0.47 -0.39  0.3  -0.79] 
new state: [ 0.12  0.99  4.27  1.64  1.15  1.81  0.03  1.26 -0.71  0.91  1.76 -0.39
  1.49 -0.82  0.74 -0.49 -0.37  0.27 -0.8 ] 
new state: [ 0.13  0.99  4.3   1.64  1.15  1.81  0.03  1.26 -0.71  0.91  1.76 -0.39
  1.49 -0.82  0.74 -0.5  -0.37  0.25 -0.8 ] 
new state: [ 0.12  1.    4.34  1.64  1.15  1.81  0.03  1.26 -0.71  0.91  1.76 -0.39
  1.49 -0.82  0.74 -0.5  -0.37  0.25 -0.81] 
new state: [ 0.1   1.    4.37  1.64  1.15  1.81  0.03  1.26 -0.71  0.91  1.76 -0.39
  1.49 -0.82  0.74 -0.49 -0.37  0.26 -0.8 ] 
new state: [ 0.08  1.    4.41  1.64  1.15  1.81  0.03  1.26 -0.71  0.91  1.76 -0.39
  1.49 -0.82  0.74 -0.48 -0.38  0.27 -0.8 ] 
new state: [ 0.05  1.    4.44  1.64  1.15  1.81  0.03  1.26 -0.71  0.91  1.76 -0.39
  1.49 -0.82  0.74 -0.47 -0.39  0.29 -0.79] 
new state: [ 0.02  1.    4.47  1.64  1.15  1.81  0.03  1.26 -0.71  0.91  1.76 -0.39
  1.49 -0.82  0.74 -0.46 -0.4   0.31 -0.79] 
new state: [-0.01  1.01  4.5   1.64  1.15  1.81  0.03  1.26 -0.71  0.91  1.76 -0.39
  1.49 -0.82  0.74 -0.45 -0.41  0.33 -0.78] 
new state: [-0.03  1.01  4.54  1.64  1.15  1.81  0.03  1.26 -0.71  0.91  1.76 -0.39
  1.49 -0.82  0.74 -0.44 -0.42  0.35 -0.77] 
new state: [-0.06  1.01  4.57  1.64  1.15  1.81  0.03  1.26 -0.71  0.91  1.76 -0.39
  1.49 -0.82  0.74 -0.42 -0.43  0.37 -0.77] 
new state: [-0.08  1.    4.6   1.64  1.15  1.81  0.03  1.26 -0.71  0.91  1.76 -0.39
  1.49 -0.82  0.74 -0.41 -0.44  0.39 -0.75] 
new state: [-0.11  1.    4.63  1.64  1.15  1.81  0.03  1.26 -0.71  0.91  1.76 -0.39
  1.49 -0.82  0.74 -0.4  -0.45  0.41 -0.74] 
new state: [-0.13  1.    4.65  1.64  1.15  1.81  0.03  1.26 -0.71  0.91  1.76 -0.39
  1.49 -0.82  0.74 -0.39 -0.46  0.43 -0.73] 
new state: [-0.16  0.99  4.68  1.64  1.15  1.81  0.03  1.26 -0.71  0.91  1.76 -0.39
  1.49 -0.82  0.74 -0.37 -0.47  0.45 -0.72] 
new state: [-0.18  0.99  4.71  1.64  1.15  1.81  0.03  1.26 -0.71  0.91  1.76 -0.39
  1.49 -0.82  0.74 -0.36 -0.48  0.48 -0.71] 
new state: [-0.2   0.99  4.73  1.64  1.15  1.81  0.03  1.26 -0.71  0.91  1.76 -0.39
  1.49 -0.82  0.74 -0.34 -0.48  0.5  -0.69] 
new state: [-0.22  0.98  4.76  1.64  1.15  1.81  0.03  1.26 -0.71  0.91  1.76 -0.39
  1.49 -0.82  0.74 -0.33 -0.49  0.51 -0.68] 
new state: [-0.24  0.98  4.78  1.64  1.15  1.81  0.03  1.26 -0.71  0.91  1.76 -0.39
  1.49 -0.82  0.74 -0.31 -0.5   0.53 -0.67] 
new state: [-0.25  0.97  4.8   1.64  1.15  1.81  0.03  1.26 -0.71  0.91  1.76 -0.39
  1.49 -0.82  0.74 -0.3  -0.51  0.55 -0.65] 
new state: [-0.27  0.97  4.82  1.64  1.15  1.81  0.03  1.26 -0.71  0.91  1.76 -0.39
  1.49 -0.82  0.74 -0.28 -0.51  0.57 -0.64] 
new state: [-0.28  0.96  4.84  1.64  1.15  1.81  0.03  1.26 -0.71  0.91  1.76 -0.39
  1.49 -0.82  0.74 -0.27 -0.52  0.59 -0.63] 
new state: [-0.29  0.96  4.86  1.64  1.15  1.81  0.03  1.26 -0.71  0.91  1.76 -0.39
  1.49 -0.82  0.74 -0.25 -0.53  0.61 -0.62] 
new state: [-0.3   0.95  4.88  1.64  1.15  1.81  0.03  1.26 -0.71  0.91  1.76 -0.39
  1.49 -0.82  0.74 -0.24 -0.53  0.62 -0.61] 
new state: [-0.28  0.96  4.89  1.64  1.15  1.81  0.03  1.26 -0.71  0.91  1.76 -0.39
  1.49 -0.82  0.74 -0.24 -0.53  0.63 -0.61] 
new state: [-0.26  0.97  4.91  1.64  1.15  1.81  0.03  1.26 -0.71  0.91  1.76 -0.39
  1.49 -0.82  0.74 -0.24 -0.53  0.63 -0.61] 
new state: [-0.28  0.83  4.92  1.64  1.15  1.81  0.03  1.51 -0.08  0.91  1.76 -0.39
  1.49 -0.86  0.63 -0.3  -0.67  0.57 -0.76] 
new state: [-0.25  0.86  4.94  1.64  1.15  1.81  0.03  1.51 -0.08  0.91  1.76 -0.39
  1.49 -0.86  0.63 -0.3  -0.66  0.56 -0.76] 
new state: [-0.21  0.87  4.95  1.64  1.15  1.81  0.03  1.51 -0.09  0.91  1.76 -0.39
  1.49 -0.87  0.63 -0.31 -0.65  0.55 -0.77] 
new state: [-0.17  0.89  4.96  1.64  1.15  1.81  0.03  1.51 -0.11  0.91  1.76 -0.39
  1.49 -0.87  0.63 -0.32 -0.64  0.53 -0.78] 
new state: [-0.12  0.91  4.97  1.64  1.15  1.81  0.03  1.52 -0.14  0.91  1.76 -0.39
  1.49 -0.87  0.63 -0.33 -0.62  0.52 -0.79] 
new state: [-0.07  0.93  4.98  1.64  1.15  1.81  0.03  1.51 -0.18  0.91  1.76 -0.39
  1.49 -0.87  0.63 -0.35 -0.6   0.49 -0.79] 
new state: [-0.04  0.95  4.99  1.64  1.15  1.81  0.03  1.52 -0.21  0.91  1.76 -0.39
  1.49 -0.87  0.63 -0.36 -0.58  0.48 -0.8 ] 
new state: [ 0.    0.97  4.99  1.64  1.15  1.81  0.03  1.52 -0.24  0.91  1.76 -0.39
  1.49 -0.87  0.63 -0.37 -0.56  0.46 -0.8 ] 
new state: [ 0.02  0.97  5.    1.64  1.15  1.81  0.03  1.52 -0.26  0.91  1.76 -0.39
  1.49 -0.87  0.63 -0.38 -0.54  0.45 -0.8 ] 
new state: [ 0.05  0.98  5.    1.64  1.15  1.81  0.03  1.52 -0.28  0.91  1.76 -0.39
  1.49 -0.87  0.63 -0.38 -0.52  0.44 -0.8 ] 
new state: [ 0.08  1.    5.01  1.64  1.15  1.81  0.03  1.52 -0.32  0.91  1.76 -0.39
  1.49 -0.87  0.63 -0.39 -0.51  0.42 -0.81] 
new state: [ 0.12  1.01  5.01  1.64  1.15  1.81  0.03  1.51 -0.34  0.91  1.76 -0.39
  1.49 -0.87  0.63 -0.4  -0.49  0.4  -0.81] 
new state: [ 0.14  1.02  5.01  1.64  1.15  1.81  0.03  1.51 -0.36  0.91  1.76 -0.39
  1.49 -0.87  0.63 -0.4  -0.47  0.39 -0.81] 
new state: [ 0.15  1.02  5.01  1.64  1.15  1.81  0.03  1.51 -0.38  0.91  1.76 -0.39
  1.49 -0.87  0.63 -0.4  -0.46  0.39 -0.81] 
new state: [ 0.15  1.02  5.01  1.64  1.15  1.81  0.03  1.51 -0.39  0.91  1.76 -0.39
  1.49 -0.87  0.63 -0.4  -0.45  0.38 -0.81] 
new state: [ 0.15  1.02  5.01  1.64  1.15  1.81  0.03  1.51 -0.4   0.91  1.76 -0.39
  1.49 -0.87  0.63 -0.4  -0.44  0.38 -0.81] 
new state: [ 0.16  1.02  5.01  1.64  1.15  1.81  0.03  1.51 -0.4   0.91  1.76 -0.39
  1.49 -0.87  0.63 -0.4  -0.44  0.38 -0.81] 
new state: [ 0.16  1.02  5.01  1.64  1.15  1.81  0.03  1.52 -0.41  0.91  1.76 -0.39
  1.49 -0.87  0.63 -0.4  -0.44  0.38 -0.8 ] 
new state: [ 0.16  1.02  5.01  1.64  1.15  1.81  0.03  1.52 -0.41  0.91  1.76 -0.39
  1.49 -0.87  0.63 -0.4  -0.43  0.38 -0.8 ] 
new state: [ 0.17  1.03  5.    1.64  1.15  1.81  0.03  1.52 -0.41  0.91  1.76 -0.39
  1.49 -0.87  0.63 -0.4  -0.43  0.38 -0.8 ] 
new state: [ 0.17  1.03  5.    1.64  1.15  1.81  0.03  1.52 -0.42  0.91  1.76 -0.39
  1.49 -0.87  0.63 -0.4  -0.42  0.38 -0.8 ] 
new state: [ 0.17  1.03  5.    1.64  1.15  1.81  0.03  1.52 -0.42  0.91  1.76 -0.39
  1.49 -0.87  0.63 -0.4  -0.42  0.37 -0.8 ] 
new state: [ 0.18  1.03  4.99  1.64  1.15  1.81  0.03  1.52 -0.43  0.91  1.76 -0.39
  1.49 -0.87  0.63 -0.4  -0.42  0.37 -0.8 ] 
new state: [ 0.18  1.03  4.98  1.64  1.15  1.81  0.03  1.51 -0.43  0.91  1.76 -0.39
  1.49 -0.87  0.63 -0.41 -0.41  0.37 -0.8 ] 
new state: [ 0.19  1.03  4.98  1.64  1.15  1.81  0.03  1.51 -0.44  0.91  1.76 -0.39
  1.49 -0.87  0.63 -0.41 -0.41  0.36 -0.8 ] 
new state: [ 0.19  1.03  4.97  1.64  1.15  1.81  0.03  1.51 -0.45  0.91  1.76 -0.39
  1.49 -0.87  0.63 -0.41 -0.4   0.36 -0.8 ] 
new state: [ 0.2   1.03  4.97  1.64  1.15  1.81  0.03  1.51 -0.45  0.91  1.76 -0.39
  1.49 -0.87  0.63 -0.41 -0.4   0.36 -0.8 ] 
new state: [ 0.21  1.03  4.96  1.64  1.15  1.81  0.03  1.5  -0.46  0.91  1.76 -0.39
  1.49 -0.87  0.63 -0.42 -0.39  0.35 -0.8 ] 
new state: [ 0.21  1.03  4.95  1.64  1.15  1.81  0.03  1.5  -0.47  0.91  1.76 -0.39
  1.49 -0.87  0.63 -0.42 -0.39  0.34 -0.8 ] 
new state: [ 0.22  1.04  4.94  1.64  1.15  1.81  0.03  1.5  -0.47  0.91  1.76 -0.39
  1.49 -0.87  0.63 -0.42 -0.38  0.34 -0.8 ] 
new state: [ 0.23  1.04  4.93  1.64  1.15  1.81  0.03  1.49 -0.48  0.91  1.76 -0.39
  1.49 -0.87  0.63 -0.42 -0.38  0.33 -0.8 ] 
new state: [ 0.23  1.04  4.93  1.64  1.15  1.81  0.03  1.49 -0.49  0.91  1.76 -0.39
  1.49 -0.87  0.63 -0.43 -0.37  0.32 -0.8 ] 
new state: [ 0.24  1.04  4.92  1.64  1.15  1.81  0.03  1.48 -0.5   0.91  1.76 -0.39
  1.49 -0.87  0.63 -0.43 -0.37  0.32 -0.8 ] 
new state: [ 0.25  1.04  4.91  1.64  1.15  1.81  0.03  1.48 -0.51  0.91  1.76 -0.39
  1.49 -0.87  0.63 -0.44 -0.36  0.31 -0.8 ] 
new state: [ 0.25  1.04  4.9   1.64  1.15  1.81  0.03  1.47 -0.52  0.91  1.76 -0.39
  1.49 -0.87  0.63 -0.44 -0.35  0.3  -0.8 ] 
new state: [ 0.26  1.04  4.89  1.64  1.15  1.81  0.03  1.47 -0.53  0.91  1.76 -0.39
  1.49 -0.87  0.63 -0.45 -0.35  0.29 -0.8 ] 
new state: [ 0.27  1.04  4.88  1.64  1.15  1.81  0.03  1.46 -0.54  0.91  1.76 -0.39
  1.49 -0.87  0.63 -0.45 -0.34  0.28 -0.8 ] 
new state: [ 0.27  1.04  4.87  1.64  1.15  1.81  0.03  1.45 -0.55  0.91  1.76 -0.39
  1.49 -0.87  0.63 -0.46 -0.33  0.27 -0.8 ] 
new state: [ 0.28  1.04  4.86  1.64  1.15  1.81  0.03  1.45 -0.56  0.91  1.76 -0.39
  1.49 -0.87  0.63 -0.46 -0.32  0.26 -0.8 ] 
new state: [ 0.29  1.04  4.85  1.64  1.15  1.81  0.03  1.44 -0.57  0.91  1.76 -0.39
  1.49 -0.87  0.63 -0.47 -0.32  0.25 -0.8 ] 
new state: [ 0.29  1.04  4.84  1.64  1.15  1.81  0.03  1.43 -0.58  0.91  1.76 -0.39
  1.49 -0.87  0.63 -0.47 -0.31  0.24 -0.8 ] 
new state: [ 0.3   1.04  4.83  1.64  1.15  1.81  0.03  1.42 -0.59  0.91  1.76 -0.39
  1.49 -0.87  0.63 -0.48 -0.3   0.23 -0.8 ] 
new state: [ 0.3   1.04  4.82  1.64  1.15  1.81  0.03  1.41 -0.6   0.91  1.76 -0.39
  1.49 -0.87  0.63 -0.48 -0.3   0.23 -0.8 ] 
new state: [ 0.3   1.04  4.81  1.64  1.15  1.81  0.03  1.41 -0.6   0.91  1.76 -0.39
  1.49 -0.87  0.63 -0.49 -0.29  0.22 -0.8 ] 
new state: [ 0.3   1.04  4.81  1.64  1.15  1.81  0.03  1.4  -0.61  0.91  1.76 -0.39
  1.49 -0.87  0.63 -0.49 -0.29  0.21 -0.8 ] 
new state: [ 0.3   1.04  4.8   1.64  1.15  1.81  0.03  1.39 -0.62  0.91  1.76 -0.39
  1.49 -0.87  0.63 -0.5  -0.28  0.2  -0.8 ] 
new state: [ 0.3   1.04  4.79  1.64  1.15  1.81  0.03  1.38 -0.63  0.91  1.76 -0.39
  1.49 -0.87  0.63 -0.51 -0.28  0.19 -0.8 ] 
new state: [ 0.3   1.04  4.78  1.64  1.15  1.81  0.03  1.37 -0.63  0.91  1.76 -0.39
  1.49 -0.87  0.63 -0.51 -0.27  0.18 -0.8 ] 
new state: [ 0.31  1.04  4.77  1.64  1.15  1.81  0.03  1.36 -0.64  0.91  1.76 -0.39
  1.49 -0.87  0.63 -0.52 -0.27  0.17 -0.79] 
new state: [ 0.31  1.04  4.76  1.64  1.15  1.81  0.03  1.35 -0.65  0.91  1.76 -0.39
  1.49 -0.87  0.63 -0.53 -0.26  0.16 -0.79] 
new state: [ 0.31  1.04  4.75  1.64  1.15  1.81  0.03  1.34 -0.66  0.91  1.76 -0.39
  1.49 -0.87  0.63 -0.54 -0.25  0.14 -0.79] 
new state: [ 0.31  1.03  4.75  1.64  1.15  1.81  0.03  1.33 -0.67  0.91  1.76 -0.39
  1.49 -0.87  0.63 -0.54 -0.25  0.13 -0.79] 
new state: [ 0.31  1.03  4.74  1.64  1.15  1.81  0.03  1.32 -0.68  0.91  1.76 -0.39
  1.49 -0.87  0.63 -0.55 -0.24  0.12 -0.79] 
new state: [ 0.31  1.03  4.73  1.64  1.15  1.81  0.03  1.31 -0.69  0.91  1.76 -0.39
  1.49 -0.87  0.63 -0.56 -0.24  0.11 -0.79] 
new state: [ 0.31  1.03  4.72  1.64  1.15  1.81  0.03  1.3  -0.69  0.91  1.76 -0.39
  1.49 -0.87  0.63 -0.57 -0.23  0.1  -0.79] 
new state: [ 0.31  1.03  4.72  1.64  1.15  1.81  0.03  1.29 -0.7   0.91  1.76 -0.39
  1.49 -0.87  0.63 -0.57 -0.22  0.08 -0.79] 
new state: [ 0.31  1.03  4.71  1.64  1.15  1.81  0.03  1.27 -0.71  0.91  1.76 -0.39
  1.49 -0.87  0.63 -0.58 -0.22  0.07 -0.79] 
new state: [ 0.28  1.03  4.7   1.64  1.15  1.81  0.03  1.27 -0.71  0.91  1.76 -0.39
  1.49 -0.87  0.63 -0.58 -0.22  0.07 -0.8 ] 
new state: [ 0.24  1.03  4.7   1.64  1.15  1.81  0.03  1.27 -0.71  0.91  1.76 -0.39
  1.49 -0.87  0.63 -0.58 -0.22  0.09 -0.8 ] 
new state: [ 0.18  1.02  4.69  1.64  1.15  1.81  0.03  1.3  -0.67  0.91  1.76 -0.39
  1.49 -0.87  0.63 -0.58 -0.25  0.09 -0.81] 
new state: [ 0.13  1.01  4.68  1.64  1.15  1.81  0.03  1.31 -0.64  0.91  1.76 -0.39
  1.49 -0.87  0.63 -0.58 -0.27  0.11 -0.81] 
new state: [ 0.09  1.    4.68  1.64  1.15  1.81  0.03  1.31 -0.61  0.91  1.76 -0.39
  1.49 -0.87  0.63 -0.58 -0.29  0.12 -0.81] 
new state: [ 0.04  1.    4.67  1.64  1.15  1.81  0.03  1.32 -0.58  0.91  1.76 -0.39
  1.49 -0.87  0.63 -0.58 -0.32  0.14 -0.81] 
new state: [-0.01  1.    4.67  1.64  1.15  1.81  0.03  1.35 -0.57  0.91  1.76 -0.39
  1.49 -0.87  0.63 -0.58 -0.34  0.15 -0.81] 
move to way point [0.         0.         4.71238898]
new state: [-0.04  0.94  4.67  1.64  1.15  1.81  0.03  1.36 -0.54  0.91  1.76 -0.39
  1.49 -0.87  0.63 -0.57 -0.36  0.17 -0.81] 
new state: [-0.07  0.92  4.67  1.64  1.15  1.81  0.03  1.37 -0.51  0.91  1.76 -0.39
  1.49 -0.87  0.63 -0.57 -0.4   0.19 -0.82] 
new state: [-0.1   0.9   4.68  1.64  1.15  1.81  0.03  1.36 -0.51  0.91  1.76 -0.39
  1.49 -0.87  0.63 -0.55 -0.42  0.22 -0.82] 
new state: [-0.14  0.88  4.68  1.64  1.15  1.81  0.03  1.36 -0.51  0.91  1.76 -0.39
  1.49 -0.87  0.63 -0.53 -0.44  0.25 -0.82] 
new state: [-0.16  0.86  4.68  1.64  1.15  1.81  0.03  1.36 -0.51  0.91  1.76 -0.39
  1.49 -0.87  0.63 -0.52 -0.47  0.27 -0.83] 
new state: [-0.19  0.83  4.68  1.64  1.15  1.81  0.03  1.36 -0.51  0.91  1.76 -0.39
  1.49 -0.87  0.63 -0.5  -0.49  0.29 -0.83] 
new state: [-0.2   0.81  4.68  1.64  1.15  1.81  0.03  1.36 -0.51  0.91  1.76 -0.39
  1.49 -0.87  0.63 -0.49 -0.51  0.31 -0.83] 
new state: [-0.21  0.79  4.68  1.64  1.15  1.81  0.03  1.36 -0.51  0.91  1.76 -0.39
  1.49 -0.87  0.63 -0.49 -0.54  0.32 -0.84] 
new state: [-0.2   0.77  4.69  1.64  1.15  1.81  0.03  1.36 -0.51  0.91  1.76 -0.39
  1.49 -0.87  0.63 -0.48 -0.56  0.33 -0.84] 
new state: [-0.2   0.72  4.69  1.64  1.15  1.81  0.03  1.36 -0.51  0.91  1.76 -0.39
  1.49 -0.87  0.63 -0.48 -0.57  0.34 -0.85] 
new state: [-0.2   0.69  4.69  1.64  1.15  1.81  0.03  1.36 -0.51  0.91  1.76 -0.39
  1.49 -0.87  0.63 -0.47 -0.57  0.34 -0.86] 
new state: [-0.19  0.65  4.69  1.64  1.15  1.81  0.03  1.36 -0.51  0.91  1.76 -0.39
  1.49 -0.87  0.63 -0.47 -0.58  0.35 -0.86] 
new state: [-0.19  0.61  4.69  1.64  1.15  1.81  0.03  1.36 -0.51  0.91  1.76 -0.39
  1.49 -0.87  0.63 -0.47 -0.59  0.35 -0.87] 
new state: [-0.18  0.57  4.7   1.64  1.15  1.81  0.03  1.36 -0.51  0.91  1.76 -0.39
  1.49 -0.87  0.63 -0.46 -0.6   0.35 -0.88] 
new state: [-0.17  0.53  4.7   1.64  1.15  1.81  0.03  1.36 -0.51  0.91  1.76 -0.39
  1.49 -0.87  0.63 -0.46 -0.6   0.36 -0.88] 
new state: [-0.16  0.5   4.7   1.64  1.15  1.81  0.03  1.36 -0.51  0.91  1.76 -0.39
  1.49 -0.87  0.63 -0.46 -0.62  0.36 -0.89] 
new state: [-0.14  0.45  4.7   1.64  1.15  1.81  0.03  1.36 -0.51  0.91  1.76 -0.39
  1.49 -0.87  0.63 -0.46 -0.63  0.36 -0.89] 
new state: [-0.13  0.41  4.7   1.64  1.15  1.81  0.03  1.36 -0.51  0.91  1.76 -0.39
  1.49 -0.87  0.63 -0.47 -0.64  0.36 -0.88] 
new state: [-0.12  0.35  4.7   1.64  1.15  1.81  0.03  1.36 -0.51  0.91  1.76 -0.39
  1.49 -0.87  0.63 -0.47 -0.63  0.36 -0.88] 
new state: [-0.11  0.3   4.71  1.64  1.15  1.81  0.03  1.36 -0.51  0.91  1.76 -0.39
  1.49 -0.87  0.63 -0.46 -0.62  0.36 -0.89] 
new state: [-0.1   0.26  4.71  1.64  1.15  1.81  0.03  1.36 -0.51  0.91  1.76 -0.39
  1.49 -0.87  0.63 -0.46 -0.62  0.36 -0.89] 
new state: [-0.09  0.22  4.71  1.64  1.15  1.81  0.03  1.36 -0.51  0.91  1.76 -0.39
  1.49 -0.87  0.63 -0.46 -0.61  0.37 -0.9 ] 
new state: [-0.08  0.17  4.71  1.64  1.15  1.81  0.03  1.36 -0.51  0.91  1.76 -0.39
  1.49 -0.87  0.63 -0.46 -0.61  0.37 -0.91] 
new state: [-0.07  0.13  4.71  1.64  1.15  1.81  0.03  1.36 -0.51  0.91  1.76 -0.39
  1.49 -0.87  0.63 -0.45 -0.61  0.37 -0.91] 
new state: [-0.07  0.09  4.71  1.64  1.15  1.81  0.03  1.36 -0.51  0.91  1.76 -0.39
  1.49 -0.87  0.63 -0.45 -0.61  0.37 -0.91] 
new state: [-0.06  0.05  4.71  1.64  1.15  1.81  0.03  1.36 -0.51  0.91  1.76 -0.39
  1.49 -0.87  0.63 -0.45 -0.61  0.37 -0.91] 
new state: [-0.05  0.01  4.71  1.64  1.15  1.81  0.03  1.36 -0.51  0.91  1.76 -0.39
  1.49 -0.87  0.63 -0.45 -0.61  0.38 -0.91] 
move to way point [0. 0. 0.]
new state: [-0.06  0.    4.77  1.64  1.15  1.81  0.03  1.36 -0.51  0.91  1.76 -0.39
  1.49 -0.87  0.63 -0.44 -0.61  0.38 -0.91] 
new state: [-0.07 -0.02  4.83  1.64  1.15  1.81  0.03  1.36 -0.51  0.91  1.76 -0.39
  1.49 -0.87  0.63 -0.43 -0.61  0.39 -0.88] 
new state: [-0.09 -0.04  4.89  1.64  1.15  1.81  0.03  1.36 -0.51  0.91  1.76 -0.39
  1.49 -0.87  0.63 -0.43 -0.61  0.41 -0.86] 
new state: [-0.1  -0.07  4.95  1.64  1.15  1.81  0.03  1.36 -0.51  0.91  1.76 -0.39
  1.49 -0.87  0.63 -0.43 -0.61  0.42 -0.83] 
new state: [-0.11 -0.1   5.01  1.64  1.15  1.81  0.03  1.36 -0.51  0.91  1.76 -0.39
  1.49 -0.87  0.63 -0.42 -0.61  0.43 -0.79] 
new state: [-0.11 -0.12  5.06  1.64  1.15  1.81  0.03  1.36 -0.51  0.91  1.76 -0.39
  1.49 -0.87  0.63 -0.42 -0.62  0.44 -0.75] 
new state: [-0.11 -0.14  5.12  1.64  1.15  1.81  0.03  1.36 -0.51  0.91  1.76 -0.39
  1.49 -0.87  0.63 -0.42 -0.62  0.44 -0.72] 
new state: [-0.1  -0.15  5.17  1.64  1.15  1.81  0.03  1.36 -0.51  0.91  1.76 -0.39
  1.49 -0.87  0.63 -0.42 -0.62  0.45 -0.7 ] 
new state: [-0.1  -0.15  5.23  1.64  1.15  1.81  0.03  1.36 -0.51  0.91  1.76 -0.39
  1.49 -0.87  0.63 -0.42 -0.62  0.45 -0.69] 
new state: [-0.09 -0.15  5.29  1.64  1.15  1.81  0.03  1.36 -0.51  0.91  1.76 -0.39
  1.49 -0.87  0.63 -0.42 -0.62  0.45 -0.68] 
new state: [-0.09 -0.14  5.34  1.64  1.15  1.81  0.03  1.36 -0.51  0.91  1.76 -0.39
  1.49 -0.87  0.63 -0.42 -0.62  0.44 -0.68] 
new state: [-0.07 -0.13  5.4   1.64  1.15  1.81  0.03  1.36 -0.51  0.91  1.76 -0.39
  1.49 -0.87  0.63 -0.42 -0.62  0.44 -0.68] 
new state: [-0.07 -0.12  5.46  1.64  1.15  1.81  0.03  1.36 -0.51  0.91  1.76 -0.39
  1.49 -0.87  0.63 -0.42 -0.62  0.43 -0.68] 
new state: [-0.06 -0.11  5.51  1.64  1.15  1.81  0.03  1.36 -0.51  0.91  1.76 -0.39
  1.49 -0.87  0.63 -0.42 -0.62  0.43 -0.69] 
new state: [-0.05 -0.1   5.57  1.64  1.15  1.81  0.03  1.36 -0.51  0.91  1.76 -0.39
  1.49 -0.87  0.63 -0.42 -0.62  0.43 -0.69] 
new state: [-0.05 -0.09  5.63  1.64  1.15  1.81  0.03  1.36 -0.51  0.91  1.76 -0.39
  1.49 -0.87  0.63 -0.42 -0.62  0.43 -0.7 ] 
new state: [-0.04 -0.07  5.68  1.64  1.15  1.81  0.03  1.36 -0.51  0.91  1.76 -0.39
  1.49 -0.87  0.63 -0.42 -0.62  0.42 -0.71] 
new state: [-0.03 -0.06  5.74  1.64  1.15  1.81  0.03  1.36 -0.51  0.91  1.76 -0.39
  1.49 -0.87  0.63 -0.42 -0.62  0.42 -0.71] 
new state: [-0.02 -0.05  5.79  1.64  1.15  1.81  0.03  1.36 -0.51  0.91  1.76 -0.39
  1.49 -0.87  0.63 -0.42 -0.62  0.42 -0.71] 
new state: [-0.02 -0.04  5.85  1.64  1.15  1.81  0.03  1.36 -0.51  0.91  1.76 -0.39
  1.49 -0.87  0.63 -0.42 -0.62  0.42 -0.72] 
new state: [-0.02 -0.03  5.9   1.64  1.15  1.81  0.03  1.36 -0.51  0.91  1.76 -0.39
  1.49 -0.87  0.63 -0.42 -0.62  0.41 -0.72] 
new state: [-0.01 -0.02  5.95  1.64  1.15  1.81  0.03  1.36 -0.51  0.91  1.76 -0.39
  1.49 -0.87  0.63 -0.42 -0.62  0.41 -0.73] 
new state: [-0.   -0.01  6.    1.64  1.15  1.81  0.03  1.36 -0.51  0.91  1.76 -0.39
  1.49 -0.87  0.63 -0.42 -0.62  0.41 -0.73] 
new state: [ 0.   -0.    6.05  1.64  1.15  1.81  0.03  1.36 -0.51  0.91  1.76 -0.39
  1.49 -0.87  0.63 -0.42 -0.62  0.4  -0.74] 
new state: [ 0.01 -0.1   6.1   1.64  1.15  1.78  0.48  1.36 -0.58  0.91  1.76 -0.39
  1.49 -0.86  0.58 -0.42 -0.71  0.41 -0.84] 
new state: [ 0.01 -0.07  6.14  1.64  1.15  1.79  0.48  1.36 -0.58  0.91  1.76 -0.39
  1.49 -0.86  0.58 -0.42 -0.71  0.41 -0.84] 
new state: [ 0.01 -0.05  6.19  1.64  1.15  1.79  0.46  1.36 -0.58  0.91  1.76 -0.39
  1.49 -0.86  0.58 -0.42 -0.71  0.41 -0.84] 
move to way point [1. 0. 0.]
new state: [ 0.05  0.07  6.28  1.64  1.15  1.85  0.36  1.36 -0.58  0.91  1.76 -0.39
  1.49 -0.86  0.58 -0.42 -0.71  0.41 -0.84] 
new state: [ 0.1   0.14  6.28  1.64  1.15  1.9   0.26  1.36 -0.58  0.91  1.76 -0.39
  1.49 -0.86  0.58 -0.42 -0.71  0.41 -0.84] 
new state: [ 0.09  0.26  6.28  1.93  1.15  1.88  0.18  1.32 -0.67  0.91  1.76 -0.39
  1.49 -0.89  0.58 -0.46 -0.7   0.36 -0.82] 
new state: [ 0.07  0.26  6.28  1.88  1.15  1.82  0.19  1.26 -0.67  1.33  1.72 -0.39
  1.49 -0.91  0.58 -0.52 -0.69  0.3  -0.81] 
new state: [ 0.08  0.32  6.28  1.89  1.15  1.86  0.09  1.25 -0.66  1.32  1.75 -0.39
  1.49 -0.91  0.58 -0.51 -0.7   0.3  -0.82] 
new state: [ 0.09  0.34  6.28  1.92  1.12  1.85  0.1   1.23 -0.67  1.35  1.75 -0.39
  1.49 -0.91  0.58 -0.51 -0.7   0.3  -0.82] 
new state: [ 0.11  0.39  6.28  1.94  1.12  1.86  0.01  1.21 -0.66  1.36  1.76 -0.39
  1.49 -0.91  0.58 -0.51 -0.7   0.3  -0.82] 
new state: [ 0.13  0.4   6.28  1.96  1.12  1.87 -0.02  1.2  -0.66  1.38  1.76 -0.39
  1.49 -0.91  0.58 -0.51 -0.7   0.3  -0.83] 
new state: [ 0.17  0.39  6.28  1.96  1.12  1.88 -0.05  1.19 -0.66  1.4   1.78 -0.39
  1.49 -0.91  0.58 -0.51 -0.7   0.3  -0.83] 
new state: [ 0.19  0.39  6.28  1.99  1.12  1.88 -0.07  1.18 -0.66  1.4   1.78 -0.39
  1.49 -0.91  0.58 -0.51 -0.7   0.3  -0.83] 
new state: [ 0.23  0.37  6.28  1.98  1.12  1.88 -0.09  1.18 -0.67  1.41  1.79 -0.39
  1.49 -0.91  0.58 -0.51 -0.7   0.3  -0.83] 
new state: [ 0.28  0.35  6.28  1.98  1.12  1.88 -0.09  1.18 -0.68  1.41  1.79 -0.39
  1.49 -0.91  0.58 -0.51 -0.7   0.3  -0.83] 
new state: [ 0.32  0.33  6.28  1.98  1.12  1.88 -0.09  1.19 -0.68  1.41  1.79 -0.39
  1.49 -0.91  0.58 -0.51 -0.7   0.3  -0.83] 
new state: [ 0.35  0.31  6.28  2.01  1.13  1.88 -0.09  1.19 -0.68  1.41  1.79 -0.39
  1.49 -0.91  0.58 -0.51 -0.7   0.3  -0.83] 
new state: [ 0.39  0.29  6.28  2.    1.13  1.88 -0.09  1.21 -0.7   1.41  1.79 -0.39
  1.49 -0.91  0.58 -0.51 -0.7   0.3  -0.83] 
new state: [ 0.42  0.28  6.28  2.    1.13  1.9  -0.09  1.2  -0.7   1.41  1.79 -0.39
  1.49 -0.91  0.58 -0.51 -0.7   0.3  -0.83] 
new state: [ 0.46  0.26  6.28  2.    1.13  1.9  -0.09  1.22 -0.7   1.41  1.79 -0.39
  1.49 -0.91  0.58 -0.51 -0.7   0.3  -0.83] 
new state: [ 0.54  0.19  6.28  1.95  1.17  1.9  -0.08  1.24 -0.7   1.41  1.79 -0.39
  1.49 -0.91  0.58 -0.51 -0.7   0.3  -0.83] 
new state: [ 0.58  0.17  6.28  1.91  1.17  1.91 -0.07  1.27 -0.71  1.41  1.79 -0.39
  1.49 -0.91  0.58 -0.51 -0.7   0.3  -0.83] 
new state: [ 0.64  0.14  6.28  1.89  1.17  1.91 -0.06  1.28 -0.71  1.41  1.79 -0.39
  1.49 -0.91  0.58 -0.51 -0.7   0.3  -0.83] 
new state: [ 0.67  0.11  6.28  1.88  1.18  1.91 -0.06  1.29 -0.71  1.41  1.79 -0.39
  1.49 -0.91  0.58 -0.51 -0.7   0.3  -0.83] 
new state: [ 0.72  0.08  6.28  1.86  1.18  1.92 -0.05  1.31 -0.71  1.41  1.79 -0.39
  1.49 -0.91  0.58 -0.51 -0.7   0.3  -0.83] 
new state: [ 0.76  0.06  6.28  1.84  1.18  1.92 -0.04  1.33 -0.71  1.41  1.79 -0.39
  1.49 -0.91  0.58 -0.51 -0.7   0.3  -0.83] 
new state: [ 0.8   0.05  6.28  1.83  1.19  1.92 -0.04  1.36 -0.73  1.41  1.79 -0.39
  1.49 -0.91  0.58 -0.51 -0.7   0.3  -0.83] 
new state: [ 0.83  0.03  6.28  1.82  1.19  1.93 -0.03  1.35 -0.73  1.41  1.79 -0.39
  1.49 -0.91  0.58 -0.51 -0.7   0.3  -0.83] 
new state: [ 0.87  0.01  6.28  1.82  1.19  1.93 -0.02  1.35 -0.73  1.41  1.79 -0.39
  1.49 -0.91  0.58 -0.51 -0.7   0.3  -0.83] 
new state: [ 0.91 -0.01  6.28  1.82  1.19  1.93 -0.02  1.35 -0.73  1.41  1.79 -0.39
  1.49 -0.91  0.58 -0.51 -0.7   0.3  -0.83] 
new state: [ 0.95 -0.02  6.28  1.82  1.19  1.93 -0.02  1.35 -0.73  1.41  1.79 -0.39
  1.49 -0.91  0.58 -0.51 -0.7   0.3  -0.83] 
new state: [ 0.99 -0.04  6.28  1.82  1.19  1.93 -0.02  1.35 -0.73  1.41  1.79 -0.39
  1.49 -0.91  0.58 -0.51 -0.7   0.3  -0.83] 
move to way point [1.         0.         1.57079633]
new state: [ 0.99 -0.05  6.34  1.82  1.19  1.92 -0.01  1.35 -0.73  1.41  1.79 -0.39
  1.49 -0.91  0.58 -0.51 -0.7   0.3  -0.83] 
new state: [ 1.   -0.06  6.4   1.82  1.19  1.91  0.01  1.35 -0.73  1.41  1.79 -0.39
  1.49 -0.91  0.58 -0.51 -0.7   0.3  -0.83] 
new state: [ 1.02 -0.08  6.46  1.82  1.19  1.9   0.03  1.35 -0.73  1.41  1.79 -0.39
  1.49 -0.91  0.58 -0.51 -0.7   0.3  -0.83] 
new state: [ 1.03 -0.1   6.52  1.82  1.19  1.88  0.06  1.35 -0.73  1.41  1.79 -0.39
  1.49 -0.91  0.58 -0.51 -0.7   0.3  -0.83] 
new state: [ 1.05 -0.12  6.58  1.82  1.19  1.86  0.09  1.35 -0.73  1.41  1.79 -0.39
  1.49 -0.91  0.58 -0.51 -0.7   0.3  -0.83] 
new state: [ 1.07 -0.13  6.63  1.82  1.19  1.83  0.11  1.35 -0.73  1.41  1.79 -0.39
  1.49 -0.91  0.58 -0.51 -0.7   0.3  -0.83] 
new state: [ 1.09 -0.15  6.69  1.82  1.19  1.81  0.14  1.35 -0.73  1.41  1.79 -0.39
  1.49 -0.91  0.58 -0.51 -0.7   0.3  -0.83] 
new state: [ 1.11 -0.16  6.74  1.82  1.19  1.78  0.16  1.35 -0.73  1.41  1.79 -0.39
  1.49 -0.91  0.58 -0.51 -0.7   0.3  -0.83] 
new state: [ 1.12 -0.17  6.8   1.82  1.19  1.76  0.18  1.35 -0.73  1.41  1.79 -0.39
  1.49 -0.91  0.58 -0.51 -0.7   0.3  -0.83] 
new state: [ 1.13 -0.17  6.85  1.82  1.19  1.74  0.19  1.35 -0.73  1.41  1.79 -0.39
  1.49 -0.91  0.58 -0.51 -0.7   0.3  -0.83] 
new state: [ 1.13 -0.17  6.91  1.82  1.19  1.73  0.19  1.35 -0.73  1.41  1.79 -0.39
  1.49 -0.91  0.58 -0.51 -0.7   0.3  -0.83] 
new state: [ 1.13 -0.16  6.97  1.82  1.19  1.73  0.2   1.35 -0.73  1.41  1.79 -0.39
  1.49 -0.91  0.58 -0.51 -0.7   0.3  -0.83] 
new state: [ 1.12 -0.15  7.03  1.82  1.19  1.73  0.2   1.35 -0.73  1.41  1.79 -0.39
  1.49 -0.91  0.58 -0.51 -0.7   0.3  -0.83] 
new state: [ 1.11 -0.13  7.08  1.82  1.19  1.73  0.19  1.35 -0.73  1.41  1.79 -0.39
  1.49 -0.91  0.58 -0.51 -0.7   0.3  -0.83] 
new state: [ 1.11 -0.13  7.14  1.82  1.19  1.73  0.19  1.35 -0.73  1.41  1.79 -0.39
  1.49 -0.91  0.58 -0.51 -0.7   0.3  -0.83] 
new state: [ 1.1  -0.12  7.2   1.82  1.19  1.73  0.19  1.35 -0.73  1.41  1.79 -0.39
  1.49 -0.91  0.58 -0.51 -0.7   0.3  -0.83] 
new state: [ 1.09 -0.11  7.25  1.82  1.19  1.73  0.19  1.35 -0.73  1.41  1.79 -0.39
  1.49 -0.91  0.58 -0.51 -0.7   0.3  -0.83] 
new state: [ 1.08 -0.1   7.31  1.82  1.19  1.74  0.19  1.35 -0.73  1.41  1.79 -0.39
  1.49 -0.91  0.58 -0.51 -0.7   0.3  -0.83] 
new state: [ 1.07 -0.09  7.36  1.82  1.19  1.74  0.19  1.35 -0.73  1.41  1.79 -0.39
  1.49 -0.91  0.58 -0.51 -0.7   0.3  -0.83] 
new state: [ 1.25 -0.08  7.42  1.45  1.2   1.92  0.18  1.36 -0.73  1.41  1.79 -0.39
  1.49 -0.91  0.58 -0.51 -0.7   0.3  -0.83] 
new state: [ 1.41 -0.01  7.46  1.61  1.26  2.1   0.23  1.4  -0.71  0.83  1.59 -0.39
  1.49 -0.91  0.58 -0.51 -0.7   0.3  -0.83] 
new state: [ 1.36 -0.02  7.47  1.61  1.26  2.1   0.23  1.4  -0.71  0.83  1.59 -0.39
  1.49 -0.91  0.58 -0.51 -0.7   0.3  -0.83] 
new state: [ 1.35 -0.02  7.49  1.62  1.27  2.1   0.23  1.4  -0.71  0.82  1.6  -0.39
  1.49 -0.91  0.58 -0.51 -0.7   0.3  -0.83] 
new state: [ 1.3  -0.02  7.51  1.63  1.25  2.1   0.23  1.4  -0.71  0.84  1.61 -0.39
  1.49 -0.91  0.58 -0.51 -0.7   0.3  -0.83] 
new state: [ 1.25 -0.02  7.53  1.65  1.24  2.1   0.23  1.4  -0.71  0.86  1.62 -0.39
  1.49 -0.91  0.58 -0.51 -0.7   0.3  -0.83] 
new state: [ 1.21 -0.03  7.54  1.64  1.24  2.1   0.23  1.4  -0.71  0.9   1.63 -0.39
  1.49 -0.91  0.58 -0.51 -0.7   0.3  -0.83] 
new state: [ 1.12 -0.04  7.58  1.64  1.24  2.1   0.23  1.4  -0.71  0.98  1.65 -0.39
  1.49 -0.91  0.58 -0.51 -0.7   0.3  -0.83] 
new state: [ 1.08 -0.04  7.6   1.63  1.24  2.1   0.23  1.4  -0.71  1.02  1.66 -0.39
  1.49 -0.91  0.58 -0.51 -0.7   0.3  -0.83] 
new state: [ 0.84 -0.    7.63  1.69  1.1   2.05  0.2   1.36 -0.74  1.02  1.66 -0.01
  1.72 -0.93  0.57 -0.55 -0.73  0.26 -0.85] 
new state: [ 0.84  0.01  7.65  1.7   1.08  2.05  0.2   1.36 -0.74  1.06  1.67 -0.02
  1.72 -0.93  0.57 -0.55 -0.73  0.26 -0.85] 
new state: [ 0.81  0.01  7.67  1.7   1.06  2.05  0.2   1.36 -0.74  1.08  1.67 -0.03
  1.73 -0.93  0.57 -0.55 -0.73  0.27 -0.85] 
new state: [ 0.81  0.02  7.68  1.71  1.05  2.05  0.2   1.36 -0.74  1.1   1.67 -0.04
  1.73 -0.93  0.57 -0.55 -0.73  0.27 -0.85] 
new state: [ 0.82  0.02  7.7   1.71  1.05  2.05  0.2   1.36 -0.74  1.11  1.68 -0.05
  1.72 -0.93  0.57 -0.55 -0.73  0.27 -0.85] 
new state: [ 0.83  0.02  7.72  1.71  1.05  2.05  0.2   1.36 -0.74  1.11  1.68 -0.07
  1.71 -0.93  0.57 -0.55 -0.73  0.27 -0.85] 
new state: [ 0.85  0.02  7.73  1.71  1.06  2.05  0.2   1.36 -0.74  1.11  1.69 -0.08
  1.7  -0.93  0.57 -0.55 -0.73  0.27 -0.85] 
new state: [ 0.86  0.02  7.75  1.71  1.07  2.05  0.2   1.36 -0.74  1.1   1.69 -0.09
  1.69 -0.93  0.57 -0.55 -0.73  0.27 -0.85] 
new state: [ 0.88  0.02  7.77  1.71  1.07  2.05  0.2   1.36 -0.74  1.1   1.7  -0.1
  1.68 -0.93  0.57 -0.55 -0.73  0.27 -0.85] 
new state: [ 0.88 -0.    7.78  1.71  1.07  2.05  0.2   1.36 -0.74  1.1   1.72 -0.1
  1.68 -0.93  0.57 -0.55 -0.73  0.27 -0.85] 
new state: [ 0.87  0.01  7.8   1.71  1.07  2.05  0.2   1.36 -0.74  1.11  1.72 -0.1
  1.68 -0.93  0.57 -0.55 -0.73  0.27 -0.85] 
new state: [ 0.88  0.01  7.81  1.71  1.07  2.05  0.2   1.36 -0.74  1.11  1.71 -0.1
  1.67 -0.93  0.57 -0.55 -0.73  0.27 -0.85] 
new state: [ 0.89  0.01  7.82  1.71  1.08  2.05  0.2   1.36 -0.74  1.1   1.71 -0.1
  1.67 -0.93  0.57 -0.55 -0.73  0.27 -0.85] 
new state: [ 0.9   0.02  7.84  1.71  1.08  2.05  0.2   1.36 -0.74  1.1   1.71 -0.11
  1.66 -0.93  0.57 -0.55 -0.73  0.27 -0.85] 
new state: [ 0.91  0.02  7.85  1.71  1.09  2.05  0.2   1.36 -0.74  1.09  1.71 -0.12
  1.65 -0.93  0.57 -0.55 -0.73  0.27 -0.85] 
new state: [ 0.93  0.02  7.86  1.71  1.1   2.05  0.2   1.36 -0.74  1.09  1.71 -0.12
  1.64 -0.93  0.57 -0.55 -0.73  0.27 -0.85] 
new state: [ 0.94  0.02  7.88  1.71  1.11  2.05  0.2   1.36 -0.74  1.08  1.71 -0.13
  1.63 -0.93  0.57 -0.55 -0.73  0.27 -0.85] 
new state: [ 0.95  0.02  7.89  1.71  1.12  2.05  0.2   1.36 -0.74  1.07  1.71 -0.13
  1.62 -0.93  0.57 -0.55 -0.73  0.27 -0.85] 
new state: [ 0.96  0.02  7.9   1.71  1.13  2.05  0.2   1.36 -0.74  1.07  1.71 -0.14
  1.61 -0.93  0.57 -0.55 -0.73  0.27 -0.85] 
new state: [ 0.98  0.02  7.91  1.71  1.14  2.05  0.2   1.36 -0.74  1.06  1.71 -0.14
  1.6  -0.93  0.57 -0.55 -0.73  0.27 -0.85] 
new state: [ 0.99  0.02  7.92  1.71  1.15  2.05  0.2   1.36 -0.74  1.05  1.71 -0.15
  1.59 -0.93  0.57 -0.55 -0.73  0.27 -0.85] 
new state: [ 1.    0.02  7.93  1.71  1.15  2.05  0.2   1.36 -0.74  1.05  1.72 -0.15
  1.58 -0.93  0.57 -0.55 -0.73  0.27 -0.85] 
new state: [ 1.01  0.02  7.94  1.71  1.16  2.05  0.2   1.36 -0.74  1.04  1.72 -0.16
  1.56 -0.93  0.57 -0.55 -0.73  0.27 -0.85] 
new state: [ 1.02  0.02  7.94  1.71  1.17  2.05  0.2   1.36 -0.74  1.04  1.72 -0.16
  1.55 -0.93  0.57 -0.55 -0.73  0.27 -0.85] 
new state: [ 1.02  0.02  7.95  1.71  1.18  2.05  0.2   1.36 -0.74  1.03  1.72 -0.17
  1.55 -0.93  0.57 -0.55 -0.73  0.27 -0.85] 
new state: [ 1.03  0.02  7.96  1.71  1.18  2.05  0.2   1.36 -0.74  1.03  1.72 -0.17
  1.54 -0.93  0.57 -0.55 -0.73  0.27 -0.85] 
new state: [ 1.04  0.02  7.97  1.71  1.19  2.05  0.2   1.36 -0.74  1.02  1.72 -0.17
  1.53 -0.93  0.57 -0.55 -0.73  0.27 -0.85] 
new state: [ 1.04  0.02  7.97  1.71  1.19  2.05  0.2   1.36 -0.74  1.02  1.72 -0.18
  1.52 -0.93  0.57 -0.55 -0.73  0.27 -0.85] 
new state: [ 1.05  0.02  7.98  1.7   1.2   2.05  0.2   1.36 -0.74  1.01  1.72 -0.18
  1.51 -0.93  0.57 -0.55 -0.73  0.27 -0.85] 
new state: [ 1.05  0.02  7.98  1.7   1.2   2.05  0.2   1.36 -0.74  1.01  1.72 -0.18
  1.5  -0.93  0.57 -0.55 -0.73  0.27 -0.85] 
new state: [ 1.06  0.02  7.99  1.7   1.21  2.05  0.2   1.36 -0.74  1.    1.72 -0.19
  1.5  -0.93  0.57 -0.55 -0.73  0.27 -0.85] 
new state: [ 1.06  0.02  7.99  1.7   1.21  2.05  0.2   1.36 -0.74  1.    1.72 -0.19
  1.49 -0.93  0.57 -0.55 -0.73  0.27 -0.85] 
new state: [ 1.06  0.02  7.99  1.7   1.22  2.05  0.2   1.36 -0.74  1.    1.72 -0.19
  1.49 -0.93  0.57 -0.55 -0.73  0.27 -0.85] 
new state: [ 1.07  0.02  8.    1.7   1.22  2.05  0.2   1.36 -0.74  0.99  1.72 -0.19
  1.48 -0.93  0.57 -0.55 -0.73  0.27 -0.85] 
new state: [ 1.07  0.02  8.    1.7   1.22  2.05  0.2   1.36 -0.74  0.99  1.72 -0.2
  1.48 -0.93  0.57 -0.55 -0.73  0.27 -0.85] 
new state: [ 1.07  0.02  8.    1.7   1.22  2.05  0.2   1.36 -0.74  0.99  1.72 -0.2
  1.47 -0.93  0.57 -0.55 -0.73  0.27 -0.85] 
new state: [ 1.07  0.02  8.    1.69  1.22  2.05  0.2   1.36 -0.74  0.98  1.72 -0.2
  1.47 -0.93  0.57 -0.55 -0.73  0.27 -0.85] 
new state: [ 1.07  0.02  8.    1.69  1.23  2.05  0.2   1.36 -0.74  0.98  1.72 -0.2
  1.47 -0.93  0.57 -0.55 -0.73  0.27 -0.85] 
new state: [ 1.07  0.02  8.    1.69  1.23  2.05  0.2   1.36 -0.74  0.98  1.72 -0.2
  1.46 -0.93  0.57 -0.55 -0.73  0.27 -0.85] 
new state: [ 1.07  0.02  8.    1.69  1.23  2.05  0.2   1.36 -0.74  0.98  1.72 -0.21
  1.46 -0.93  0.57 -0.55 -0.73  0.27 -0.85] 
new state: [ 1.07  0.02  8.    1.69  1.23  2.05  0.2   1.36 -0.74  0.98  1.72 -0.21
  1.46 -0.93  0.57 -0.55 -0.73  0.27 -0.85] 
new state: [ 1.07  0.02  8.    1.69  1.23  2.05  0.2   1.36 -0.74  0.97  1.72 -0.21
  1.46 -0.93  0.57 -0.55 -0.73  0.27 -0.85] 
new state: [ 1.06  0.02  8.    1.69  1.23  2.05  0.2   1.36 -0.74  0.97  1.72 -0.21
  1.46 -0.93  0.57 -0.55 -0.73  0.27 -0.85] 
new state: [ 1.06  0.02  8.    1.69  1.23  2.05  0.2   1.36 -0.74  0.97  1.72 -0.21
  1.46 -0.93  0.57 -0.55 -0.73  0.27 -0.85] 
new state: [ 1.06  0.02  8.    1.69  1.23  2.05  0.2   1.36 -0.74  0.97  1.72 -0.21
  1.46 -0.93  0.57 -0.55 -0.73  0.27 -0.85] 
new state: [ 1.06  0.02  8.    1.68  1.22  2.05  0.2   1.36 -0.74  0.97  1.72 -0.21
  1.46 -0.93  0.57 -0.55 -0.73  0.27 -0.85] 
new state: [ 1.05  0.02  8.    1.68  1.22  2.05  0.2   1.36 -0.74  0.97  1.72 -0.21
  1.46 -0.93  0.57 -0.55 -0.73  0.27 -0.85] 
new state: [ 1.05  0.02  7.99  1.68  1.22  2.05  0.2   1.36 -0.74  0.97  1.72 -0.21
  1.46 -0.93  0.57 -0.55 -0.73  0.27 -0.85] 
new state: [ 1.04  0.01  7.99  1.68  1.22  2.05  0.2   1.36 -0.74  0.97  1.72 -0.21
  1.46 -0.93  0.57 -0.55 -0.73  0.27 -0.85] 
new state: [ 1.04  0.01  7.99  1.68  1.22  2.05  0.2   1.36 -0.74  0.97  1.72 -0.21
  1.46 -0.93  0.57 -0.55 -0.73  0.27 -0.85] 
new state: [ 1.04  0.01  7.98  1.68  1.21  2.05  0.2   1.36 -0.74  0.97  1.71 -0.22
  1.47 -0.93  0.57 -0.55 -0.73  0.27 -0.85] 
new state: [ 1.03  0.01  7.98  1.68  1.21  2.05  0.2   1.36 -0.74  0.97  1.71 -0.22
  1.47 -0.93  0.57 -0.55 -0.73  0.27 -0.85] 
new state: [ 1.03  0.01  7.98  1.68  1.21  2.05  0.2   1.36 -0.74  0.97  1.71 -0.22
  1.47 -0.93  0.57 -0.55 -0.73  0.27 -0.85] 
new state: [ 1.02  0.01  7.97  1.68  1.2   2.05  0.2   1.36 -0.74  0.97  1.71 -0.22
  1.47 -0.93  0.57 -0.55 -0.73  0.27 -0.85] 
new state: [ 1.02  0.01  7.97  1.68  1.2   2.05  0.2   1.36 -0.74  0.97  1.71 -0.22
  1.48 -0.93  0.57 -0.55 -0.73  0.27 -0.85] 
new state: [ 1.01  0.01  7.96  1.68  1.2   2.05  0.2   1.36 -0.74  0.97  1.71 -0.22
  1.48 -0.93  0.57 -0.55 -0.73  0.27 -0.85] 
new state: [ 1.01  0.01  7.96  1.67  1.19  2.05  0.2   1.36 -0.74  0.98  1.71 -0.21
  1.48 -0.93  0.57 -0.55 -0.73  0.27 -0.85] 
new state: [ 1.    0.    7.96  1.67  1.19  2.05  0.2   1.36 -0.74  0.98  1.71 -0.21
  1.49 -0.93  0.57 -0.55 -0.73  0.27 -0.85] 
new state: [ 0.99  0.    7.95  1.67  1.19  2.05  0.2   1.36 -0.74  0.98  1.71 -0.21
  1.49 -0.93  0.57 -0.55 -0.73  0.27 -0.85] 
new state: [ 0.99  0.    7.95  1.67  1.18  2.05  0.2   1.36 -0.74  0.98  1.71 -0.21
  1.5  -0.93  0.57 -0.55 -0.73  0.27 -0.85] 
new state: [ 0.98  0.    7.94  1.67  1.18  2.05  0.2   1.36 -0.74  0.98  1.7  -0.21
  1.5  -0.93  0.57 -0.55 -0.73  0.27 -0.85] 
new state: [ 0.98  0.    7.94  1.67  1.17  2.05  0.2   1.36 -0.74  0.98  1.7  -0.21
  1.5  -0.93  0.57 -0.55 -0.73  0.27 -0.85] 
new state: [ 0.97 -0.    7.93  1.67  1.17  2.05  0.2   1.36 -0.74  0.99  1.7  -0.21
  1.51 -0.93  0.57 -0.55 -0.73  0.27 -0.85] 
new state: [ 0.97 -0.    7.93  1.67  1.17  2.05  0.2   1.36 -0.74  0.99  1.7  -0.21
  1.51 -0.93  0.57 -0.55 -0.73  0.27 -0.85] 
new state: [ 0.96 -0.    7.92  1.67  1.16  2.05  0.2   1.36 -0.74  0.99  1.7  -0.21
  1.52 -0.93  0.57 -0.55 -0.73  0.27 -0.85] 
new state: [ 0.96 -0.    7.92  1.67  1.16  2.05  0.2   1.36 -0.74  0.99  1.7  -0.21
  1.52 -0.93  0.57 -0.55 -0.73  0.27 -0.85] 
new state: [ 0.95 -0.    7.91  1.67  1.15  2.05  0.2   1.36 -0.74  0.99  1.7  -0.2
  1.53 -0.93  0.57 -0.55 -0.73  0.27 -0.85] 
new state: [ 0.95 -0.01  7.91  1.67  1.15  2.05  0.2   1.36 -0.74  1.    1.7  -0.2
  1.53 -0.93  0.57 -0.55 -0.73  0.27 -0.85] 
new state: [ 0.94 -0.01  7.9   1.67  1.15  2.05  0.2   1.36 -0.74  1.    1.7  -0.2
  1.53 -0.93  0.57 -0.55 -0.73  0.27 -0.85] 
new state: [ 0.94 -0.01  7.9   1.67  1.14  2.05  0.2   1.36 -0.74  1.    1.69 -0.2
  1.54 -0.93  0.57 -0.55 -0.73  0.27 -0.85] 
new state: [ 0.93 -0.01  7.9   1.67  1.14  2.05  0.2   1.36 -0.74  1.    1.69 -0.2
  1.54 -0.93  0.57 -0.55 -0.73  0.27 -0.85] 
new state: [ 0.93 -0.01  7.89  1.67  1.13  2.05  0.2   1.36 -0.74  1.01  1.69 -0.19
  1.55 -0.93  0.57 -0.55 -0.73  0.27 -0.85] 
new state: [ 0.92 -0.01  7.89  1.67  1.13  2.05  0.2   1.36 -0.74  1.01  1.69 -0.19
  1.55 -0.93  0.57 -0.55 -0.73  0.27 -0.85] 
new state: [ 0.92 -0.01  7.88  1.67  1.12  2.05  0.2   1.36 -0.74  1.01  1.69 -0.19
  1.56 -0.93  0.57 -0.55 -0.73  0.27 -0.85] 
new state: [ 0.91 -0.01  7.88  1.67  1.12  2.05  0.2   1.36 -0.74  1.02  1.69 -0.19
  1.56 -0.93  0.57 -0.55 -0.73  0.27 -0.85] 
new state: [ 0.91 -0.01  7.87  1.67  1.12  2.05  0.2   1.36 -0.74  1.02  1.69 -0.19
  1.56 -0.93  0.57 -0.55 -0.73  0.27 -0.85] 
new state: [ 0.91 -0.01  7.87  1.67  1.11  2.05  0.2   1.36 -0.74  1.02  1.69 -0.18
  1.57 -0.93  0.57 -0.55 -0.73  0.27 -0.85] 
new state: [ 0.9  -0.01  7.87  1.67  1.11  2.05  0.2   1.36 -0.74  1.02  1.69 -0.18
  1.57 -0.93  0.57 -0.55 -0.73  0.27 -0.85] 
new state: [ 0.9  -0.01  7.86  1.67  1.11  2.05  0.2   1.36 -0.74  1.03  1.69 -0.18
  1.58 -0.93  0.57 -0.55 -0.73  0.27 -0.85] 
new state: [ 0.9  -0.01  7.86  1.68  1.1   2.05  0.2   1.36 -0.74  1.03  1.68 -0.17
  1.58 -0.93  0.57 -0.55 -0.73  0.27 -0.85] 
new state: [ 0.89 -0.01  7.86  1.68  1.1   2.05  0.2   1.36 -0.74  1.03  1.68 -0.17
  1.58 -0.93  0.57 -0.55 -0.73  0.27 -0.85] 
new state: [ 0.89 -0.01  7.85  1.68  1.1   2.05  0.2   1.36 -0.74  1.04  1.68 -0.17
  1.59 -0.93  0.57 -0.55 -0.73  0.27 -0.85] 
new state: [ 0.89 -0.01  7.85  1.68  1.09  2.05  0.2   1.36 -0.74  1.04  1.68 -0.17
  1.59 -0.93  0.57 -0.55 -0.73  0.27 -0.85] 
new state: [ 0.89 -0.01  7.85  1.68  1.09  2.05  0.2   1.36 -0.74  1.04  1.68 -0.16
  1.59 -0.93  0.57 -0.55 -0.73  0.27 -0.85] 
new state: [ 0.89 -0.01  7.84  1.68  1.09  2.05  0.2   1.36 -0.74  1.05  1.68 -0.16
  1.6  -0.93  0.57 -0.55 -0.73  0.27 -0.85] 
new state: [ 0.89 -0.01  7.84  1.68  1.08  2.05  0.2   1.36 -0.74  1.05  1.68 -0.16
  1.6  -0.93  0.57 -0.55 -0.73  0.27 -0.85] 
new state: [ 0.88 -0.01  7.84  1.68  1.08  2.05  0.2   1.36 -0.74  1.05  1.68 -0.15
  1.6  -0.93  0.57 -0.55 -0.73  0.27 -0.85] 
new state: [ 0.88 -0.01  7.84  1.68  1.08  2.05  0.2   1.36 -0.74  1.06  1.68 -0.15
  1.61 -0.93  0.57 -0.55 -0.73  0.27 -0.85] 
new state: [ 0.88 -0.01  7.83  1.69  1.08  2.05  0.2   1.36 -0.74  1.06  1.68 -0.15
  1.61 -0.93  0.57 -0.55 -0.73  0.27 -0.85] 
new state: [ 0.88 -0.01  7.83  1.69  1.07  2.05  0.2   1.36 -0.74  1.06  1.68 -0.15
  1.61 -0.93  0.57 -0.55 -0.73  0.27 -0.85] 
new state: [ 0.88 -0.01  7.83  1.69  1.07  2.05  0.2   1.36 -0.74  1.07  1.68 -0.14
  1.61 -0.93  0.57 -0.55 -0.73  0.27 -0.85] 
new state: [ 0.88 -0.01  7.83  1.69  1.07  2.05  0.2   1.36 -0.74  1.07  1.67 -0.14
  1.62 -0.93  0.57 -0.55 -0.73  0.27 -0.85] 
new state: [ 0.88 -0.02  7.82  1.69  1.07  2.05  0.2   1.36 -0.74  1.07  1.67 -0.14
  1.62 -0.93  0.57 -0.55 -0.73  0.27 -0.85] 
new state: [ 0.88 -0.01  7.82  1.7   1.07  2.05  0.2   1.36 -0.74  1.08  1.67 -0.13
  1.62 -0.93  0.57 -0.55 -0.73  0.27 -0.85] 
new state: [ 0.88 -0.02  7.82  1.7   1.06  2.05  0.2   1.36 -0.74  1.08  1.67 -0.13
  1.62 -0.93  0.57 -0.55 -0.73  0.27 -0.85] 
new state: [ 0.88 -0.02  7.82  1.7   1.06  2.05  0.2   1.36 -0.74  1.08  1.67 -0.13
  1.62 -0.93  0.57 -0.55 -0.73  0.27 -0.85] 
new state: [ 0.89 -0.02  7.82  1.7   1.06  2.05  0.2   1.36 -0.74  1.09  1.67 -0.12
  1.62 -0.93  0.57 -0.55 -0.73  0.27 -0.85] 
new state: [ 0.89 -0.02  7.82  1.7   1.06  2.05  0.2   1.36 -0.74  1.09  1.67 -0.12
  1.63 -0.93  0.57 -0.55 -0.73  0.27 -0.85] 
new state: [ 0.89 -0.02  7.82  1.71  1.06  2.05  0.2   1.36 -0.74  1.09  1.67 -0.12
  1.63 -0.93  0.57 -0.55 -0.73  0.27 -0.85] 
new state: [ 0.89 -0.01  7.82  1.71  1.06  2.05  0.2   1.36 -0.74  1.09  1.67 -0.11
  1.63 -0.93  0.57 -0.55 -0.73  0.27 -0.85] 
new state: [ 0.89 -0.02  7.82  1.71  1.06  2.05  0.2   1.36 -0.74  1.1   1.67 -0.11
  1.63 -0.93  0.57 -0.55 -0.73  0.27 -0.85] 
new state: [ 0.89 -0.02  7.82  1.71  1.06  2.05  0.2   1.36 -0.74  1.1   1.67 -0.11
  1.63 -0.93  0.57 -0.55 -0.73  0.27 -0.85] 
new state: [ 0.9  -0.02  7.81  1.72  1.06  2.05  0.2   1.36 -0.74  1.1   1.67 -0.11
  1.63 -0.93  0.57 -0.55 -0.73  0.27 -0.85] 
new state: [ 0.9  -0.02  7.81  1.72  1.06  2.05  0.2   1.36 -0.74  1.11  1.67 -0.1
  1.63 -0.93  0.57 -0.55 -0.73  0.27 -0.85] 
new state: [ 0.9  -0.01  7.81  1.72  1.05  2.05  0.2   1.36 -0.74  1.11  1.67 -0.1
  1.63 -0.93  0.57 -0.55 -0.73  0.27 -0.85] 
new state: [ 0.9  -0.01  7.81  1.72  1.05  2.05  0.2   1.36 -0.74  1.11  1.67 -0.1
  1.63 -0.93  0.57 -0.55 -0.73  0.27 -0.85] 
new state: [ 0.91 -0.01  7.81  1.73  1.05  2.05  0.2   1.36 -0.74  1.12  1.67 -0.09
  1.63 -0.93  0.57 -0.55 -0.73  0.27 -0.85] 
new state: [ 0.91 -0.01  7.81  1.73  1.05  2.05  0.2   1.36 -0.74  1.12  1.67 -0.09
  1.63 -0.93  0.57 -0.55 -0.73  0.27 -0.85] 
new state: [ 0.91 -0.01  7.81  1.73  1.05  2.05  0.2   1.36 -0.74  1.12  1.67 -0.09
  1.63 -0.93  0.57 -0.55 -0.73  0.27 -0.85] 
new state: [ 0.92 -0.01  7.81  1.74  1.05  2.05  0.2   1.36 -0.74  1.12  1.67 -0.08
  1.63 -0.93  0.57 -0.55 -0.73  0.27 -0.85] 
new state: [ 0.92 -0.01  7.82  1.74  1.05  2.05  0.2   1.36 -0.74  1.13  1.67 -0.08
  1.63 -0.93  0.57 -0.55 -0.73  0.27 -0.85] 
new state: [ 0.92 -0.01  7.82  1.74  1.05  2.05  0.2   1.36 -0.74  1.13  1.67 -0.08
  1.63 -0.93  0.57 -0.55 -0.73  0.27 -0.85] 
new state: [ 0.93 -0.01  7.82  1.75  1.05  2.05  0.2   1.36 -0.74  1.13  1.67 -0.08
  1.63 -0.93  0.57 -0.55 -0.73  0.27 -0.85] 
new state: [ 0.93 -0.01  7.82  1.75  1.06  2.05  0.2   1.36 -0.74  1.14  1.67 -0.07
  1.63 -0.93  0.57 -0.55 -0.73  0.27 -0.85] 
new state: [ 0.94 -0.01  7.82  1.75  1.06  2.05  0.2   1.36 -0.74  1.14  1.67 -0.07
  1.63 -0.93  0.57 -0.55 -0.73  0.27 -0.85] 
new state: [ 0.94 -0.01  7.82  1.75  1.06  2.05  0.2   1.36 -0.74  1.14  1.67 -0.07
  1.63 -0.93  0.57 -0.55 -0.73  0.27 -0.85] 
new state: [ 0.94 -0.01  7.82  1.76  1.06  2.05  0.2   1.36 -0.74  1.14  1.67 -0.07
  1.63 -0.93  0.57 -0.55 -0.73  0.27 -0.85] 
new state: [ 0.95 -0.01  7.82  1.76  1.06  2.05  0.2   1.36 -0.74  1.15  1.67 -0.06
  1.63 -0.93  0.57 -0.55 -0.73  0.27 -0.85] 
new state: [ 0.95 -0.01  7.82  1.76  1.06  2.05  0.2   1.36 -0.74  1.15  1.67 -0.06
  1.63 -0.93  0.57 -0.55 -0.73  0.27 -0.85] 
new state: [ 0.96 -0.01  7.82  1.77  1.06  2.05  0.2   1.36 -0.74  1.15  1.67 -0.06
  1.63 -0.93  0.57 -0.55 -0.73  0.27 -0.85] 
new state: [ 0.96 -0.01  7.82  1.77  1.06  2.05  0.2   1.36 -0.74  1.15  1.67 -0.06
  1.63 -0.93  0.57 -0.55 -0.73  0.27 -0.85] 
new state: [ 0.96 -0.01  7.82  1.77  1.06  2.05  0.2   1.36 -0.74  1.16  1.67 -0.05
  1.63 -0.93  0.57 -0.55 -0.73  0.27 -0.85] 
move to way point [1.         1.         1.57079633]
new state: [ 0.96  0.02  7.83  1.77  1.07  2.05  0.2   1.36 -0.74  1.16  1.68 -0.05
  1.63 -0.93  0.57 -0.55 -0.73  0.27 -0.85] 
new state: [ 0.96  0.04  7.83  1.78  1.08  2.05  0.2   1.36 -0.74  1.16  1.69 -0.05
  1.64 -0.93  0.57 -0.55 -0.73  0.27 -0.85] 
new state: [ 0.96  0.06  7.83  1.78  1.09  2.05  0.2   1.36 -0.74  1.16  1.7  -0.05
  1.65 -0.93  0.57 -0.55 -0.73  0.27 -0.85] 
new state: [ 0.96  0.07  7.83  1.78  1.1   2.05  0.2   1.36 -0.74  1.16  1.71 -0.05
  1.66 -0.93  0.57 -0.55 -0.73  0.27 -0.85] 
new state: [ 0.96  0.09  7.83  1.78  1.11  2.05  0.2   1.36 -0.74  1.16  1.72 -0.05
  1.67 -0.93  0.57 -0.55 -0.73  0.27 -0.85] 
new state: [ 0.97  0.1   7.83  1.78  1.13  2.05  0.2   1.36 -0.74  1.16  1.74 -0.05
  1.68 -0.93  0.57 -0.55 -0.73  0.27 -0.85] 
new state: [ 0.97  0.12  7.83  1.78  1.14  2.05  0.2   1.36 -0.74  1.16  1.75 -0.05
  1.69 -0.93  0.57 -0.55 -0.73  0.27 -0.85] 
new state: [ 0.97  0.13  7.83  1.78  1.16  2.05  0.2   1.36 -0.74  1.16  1.76 -0.05
  1.7  -0.93  0.57 -0.55 -0.73  0.27 -0.85] 
new state: [ 0.98  0.13  7.84  1.79  1.17  2.05  0.2   1.36 -0.74  1.16  1.78 -0.07
  1.74 -0.93  0.57 -0.55 -0.73  0.27 -0.85] 
new state: [ 0.98  0.17  7.84  1.79  1.17  2.05  0.2   1.36 -0.74  1.16  1.79 -0.07
  1.75 -0.93  0.57 -0.55 -0.73  0.27 -0.85] 
new state: [ 0.98  0.2   7.84  1.79  1.18  2.05  0.2   1.36 -0.74  1.16  1.79 -0.07
  1.74 -0.93  0.57 -0.55 -0.73  0.27 -0.85] 
new state: [ 0.98  0.24  7.84  1.79  1.18  2.05  0.2   1.36 -0.74  1.16  1.79 -0.07
  1.75 -0.93  0.57 -0.55 -0.73  0.27 -0.85] 
new state: [ 0.98  0.3   7.84  1.79  1.17  2.05  0.2   1.36 -0.74  1.16  1.78 -0.07
  1.73 -0.93  0.57 -0.55 -0.73  0.27 -0.85] 
new state: [ 0.99  0.33  7.84  1.81  1.17  2.05  0.2   1.36 -0.74  1.16  1.77 -0.09
  1.74 -0.93  0.57 -0.55 -0.73  0.27 -0.85] 
new state: [ 0.99  0.38  7.84  1.81  1.17  2.05  0.2   1.36 -0.74  1.16  1.77 -0.1
  1.73 -0.93  0.57 -0.55 -0.73  0.27 -0.85] 
new state: [ 0.99  0.44  7.84  1.8   1.16  2.05  0.2   1.36 -0.74  1.16  1.77 -0.09
  1.72 -0.93  0.57 -0.55 -0.73  0.27 -0.85] 
new state: [ 0.99  0.49  7.84  1.8   1.16  2.05  0.2   1.36 -0.74  1.15  1.76 -0.09
  1.7  -0.93  0.57 -0.55 -0.73  0.27 -0.85] 
new state: [ 0.99  0.54  7.84  1.8   1.17  2.05  0.2   1.36 -0.74  1.15  1.76 -0.08
  1.69 -0.93  0.57 -0.55 -0.73  0.27 -0.85] 
new state: [ 0.99  0.58  7.84  1.8   1.17  2.05  0.2   1.36 -0.74  1.15  1.76 -0.08
  1.67 -0.93  0.57 -0.55 -0.73  0.27 -0.85] 
new state: [ 0.99  0.62  7.84  1.8   1.17  2.05  0.2   1.36 -0.74  1.14  1.76 -0.07
  1.67 -0.93  0.57 -0.55 -0.73  0.27 -0.85] 
new state: [ 1.    0.66  7.85  1.8   1.17  2.05  0.2   1.36 -0.74  1.14  1.76 -0.07
  1.66 -0.93  0.57 -0.55 -0.73  0.27 -0.85] 
new state: [ 1.    0.7   7.85  1.8   1.17  2.05  0.2   1.36 -0.74  1.14  1.76 -0.07
  1.65 -0.93  0.57 -0.55 -0.73  0.27 -0.85] 
new state: [ 1.    0.73  7.85  1.8   1.17  2.05  0.2   1.36 -0.74  1.14  1.76 -0.07
  1.65 -0.93  0.57 -0.55 -0.73  0.27 -0.85] 
new state: [ 1.    0.76  7.85  1.8   1.17  2.05  0.2   1.36 -0.74  1.13  1.76 -0.07
  1.64 -0.93  0.57 -0.55 -0.73  0.27 -0.85] 
new state: [ 1.    0.79  7.85  1.8   1.17  2.05  0.2   1.36 -0.74  1.13  1.76 -0.07
  1.64 -0.93  0.57 -0.55 -0.73  0.27 -0.85] 
new state: [ 1.    0.82  7.85  1.8   1.17  2.05  0.2   1.36 -0.74  1.13  1.76 -0.07
  1.64 -0.93  0.57 -0.55 -0.73  0.27 -0.85] 
new state: [ 1.    0.84  7.85  1.8   1.17  2.05  0.2   1.36 -0.74  1.13  1.77 -0.07
  1.64 -0.93  0.57 -0.55 -0.73  0.27 -0.85] 
new state: [ 1.    0.87  7.85  1.8   1.17  2.05  0.2   1.36 -0.74  1.13  1.77 -0.07
  1.64 -0.93  0.57 -0.55 -0.73  0.27 -0.85] 
new state: [ 1.    0.89  7.85  1.8   1.17  2.05  0.2   1.36 -0.74  1.13  1.77 -0.07
  1.64 -0.93  0.57 -0.55 -0.73  0.27 -0.85] 
new state: [ 1.    0.92  7.85  1.8   1.17  2.05  0.2   1.36 -0.74  1.13  1.77 -0.07
  1.64 -0.93  0.57 -0.55 -0.73  0.27 -0.85] 
new state: [ 1.    0.95  7.85  1.8   1.17  2.05  0.2   1.36 -0.74  1.13  1.77 -0.07
  1.64 -0.93  0.57 -0.55 -0.73  0.27 -0.85] 
new state: [ 1.    0.97  7.85  1.8   1.17  2.05  0.2   1.36 -0.74  1.13  1.77 -0.07
  1.64 -0.93  0.57 -0.55 -0.73  0.27 -0.85] 
move to way point [1.         1.         3.14159265]
new state: [ 1.01  0.97  7.91  1.8   1.17  2.05  0.2   1.36 -0.74  1.12  1.77 -0.07
  1.64 -0.93  0.57 -0.55 -0.73  0.27 -0.85] 
new state: [ 1.03  0.98  7.97  1.8   1.17  2.05  0.2   1.36 -0.74  1.11  1.77 -0.07
  1.64 -0.93  0.57 -0.55 -0.73  0.27 -0.85] 
new state: [ 1.04  0.98  8.03  1.8   1.17  2.05  0.2   1.36 -0.74  1.09  1.76 -0.07
  1.64 -0.93  0.57 -0.55 -0.73  0.27 -0.85] 
new state: [ 1.05  0.99  8.09  1.8   1.17  2.05  0.2   1.36 -0.74  1.07  1.75 -0.07
  1.64 -0.93  0.57 -0.55 -0.73  0.27 -0.85] 
new state: [ 1.07  1.    8.15  1.8   1.17  2.05  0.2   1.36 -0.74  1.05  1.75 -0.07
  1.64 -0.93  0.57 -0.55 -0.73  0.27 -0.85] 
new state: [ 1.08  1.01  8.21  1.8   1.17  2.05  0.2   1.36 -0.74  1.03  1.74 -0.07
  1.64 -0.93  0.57 -0.55 -0.73  0.27 -0.85] 
new state: [ 1.1   1.02  8.26  1.8   1.17  2.05  0.2   1.36 -0.74  1.01  1.72 -0.07
  1.64 -0.93  0.57 -0.55 -0.73  0.27 -0.85] 
new state: [ 1.11  1.03  8.31  1.8   1.17  2.05  0.2   1.36 -0.74  0.99  1.71 -0.07
  1.64 -0.93  0.57 -0.55 -0.73  0.27 -0.85] 
new state: [ 1.11  1.03  8.36  1.8   1.17  2.05  0.2   1.36 -0.74  0.98  1.71 -0.07
  1.64 -0.93  0.57 -0.55 -0.73  0.27 -0.85] 
new state: [ 1.11  1.03  8.42  1.8   1.17  2.05  0.2   1.36 -0.74  0.98  1.7  -0.07
  1.64 -0.93  0.57 -0.55 -0.73  0.27 -0.85] 
new state: [ 1.1   1.03  8.47  1.8   1.17  2.05  0.2   1.36 -0.74  0.98  1.7  -0.07
  1.64 -0.93  0.57 -0.55 -0.73  0.27 -0.85] 
new state: [ 1.09  1.03  8.53  1.8   1.17  2.05  0.2   1.36 -0.74  0.98  1.7  -0.07
  1.64 -0.93  0.57 -0.55 -0.73  0.27 -0.85] 
new state: [ 1.09  1.03  8.58  1.8   1.17  2.05  0.2   1.36 -0.74  0.99  1.7  -0.07
  1.64 -0.93  0.57 -0.55 -0.73  0.27 -0.85] 
new state: [ 1.08  1.02  8.63  1.8   1.17  2.05  0.2   1.36 -0.74  0.99  1.7  -0.07
  1.64 -0.93  0.57 -0.55 -0.73  0.27 -0.85] 
new state: [ 1.07  1.02  8.69  1.8   1.17  2.05  0.2   1.36 -0.74  0.99  1.71 -0.07
  1.64 -0.93  0.57 -0.55 -0.73  0.27 -0.85] 
new state: [ 1.05  1.02  8.74  1.8   1.17  2.05  0.2   1.36 -0.74  1.    1.71 -0.07
  1.64 -0.93  0.57 -0.55 -0.73  0.27 -0.85] 
new state: [ 0.96  1.01  8.9   1.73  1.17  2.02  0.2   1.33 -0.74  0.92  1.71 -0.14
  1.64 -0.55  0.56 -0.56 -0.73  0.25 -0.85] 
new state: [ 0.97  1.01  8.96  1.73  1.17  2.02  0.2   1.33 -0.74  0.92  1.71 -0.14
  1.64 -0.55  0.56 -0.56 -0.73  0.25 -0.85] 
new state: [ 0.96  1.    9.01  1.73  1.17  2.02  0.2   1.33 -0.74  0.92  1.71 -0.14
  1.64 -0.55  0.57 -0.56 -0.73  0.25 -0.85] 
new state: [ 0.96  0.99  9.06  1.73  1.17  2.02  0.2   1.33 -0.74  0.92  1.71 -0.14
  1.64 -0.55  0.58 -0.56 -0.73  0.25 -0.85] 
new state: [ 0.96  0.98  9.11  1.73  1.17  2.02  0.2   1.33 -0.74  0.92  1.71 -0.14
  1.64 -0.55  0.6  -0.56 -0.73  0.25 -0.85] 
new state: [ 0.96  0.96  9.16  1.73  1.17  2.02  0.2   1.33 -0.74  0.92  1.71 -0.14
  1.64 -0.55  0.61 -0.56 -0.73  0.25 -0.85] 
new state: [ 0.96  0.95  9.2   1.73  1.17  2.02  0.2   1.33 -0.74  0.92  1.71 -0.14
  1.64 -0.55  0.63 -0.56 -0.73  0.25 -0.85] 
new state: [ 0.96  0.94  9.25  1.73  1.17  2.02  0.2   1.33 -0.74  0.92  1.71 -0.14
  1.64 -0.55  0.65 -0.56 -0.73  0.25 -0.85] 
new state: [ 0.96  0.93  9.29  1.73  1.17  2.02  0.2   1.33 -0.74  0.92  1.71 -0.14
  1.64 -0.55  0.66 -0.56 -0.73  0.25 -0.85] 
new state: [ 0.93  0.86  9.34  1.71  1.13  2.01  0.19  1.33 -0.74  0.89  1.66 -0.17
  1.61 -0.59  0.63 -0.39 -0.49  0.25 -0.85] 
new state: [ 0.94  0.85  9.38  1.71  1.13  2.01  0.19  1.33 -0.74  0.89  1.67 -0.17
  1.61 -0.6   0.66 -0.39 -0.49  0.25 -0.85] 
new state: [ 0.94  0.83  9.42  1.71  1.14  2.01  0.19  1.33 -0.74  0.89  1.67 -0.17
  1.61 -0.6   0.68 -0.4  -0.49  0.25 -0.85] 
new state: [ 0.95  0.82  9.46  1.71  1.14  2.01  0.19  1.33 -0.74  0.89  1.67 -0.17
  1.61 -0.59  0.69 -0.41 -0.48  0.25 -0.85] 
new state: [ 0.93  0.84  9.49  1.72  1.12  2.02  0.19  1.33 -0.75  0.88  1.68 -0.08
  1.5  -0.62  0.75 -0.45 -0.43  0.25 -0.85] 
new state: [ 0.93  0.82  9.53  1.72  1.12  2.02  0.19  1.33 -0.75  0.88  1.68 -0.07
  1.49 -0.62  0.77 -0.46 -0.42  0.25 -0.85] 
new state: [ 0.93  0.82  9.56  1.72  1.12  2.02  0.19  1.33 -0.75  0.88  1.68 -0.06
  1.48 -0.61  0.78 -0.47 -0.41  0.25 -0.85] 
new state: [ 0.94  0.81  9.59  1.72  1.12  2.02  0.19  1.33 -0.75  0.88  1.68 -0.05
  1.48 -0.61  0.79 -0.48 -0.4   0.25 -0.85] 
new state: [ 0.94  0.78  9.62  1.72  1.12  2.02  0.19  1.33 -0.75  0.88  1.68 -0.04
  1.48 -0.61  0.82 -0.51 -0.38  0.25 -0.85] 
new state: [ 0.97  0.78  9.65  1.74  1.13  2.02  0.19  1.33 -0.75  0.9   1.69  0.01
  1.49 -0.57  0.84 -0.5  -0.36  0.09 -0.9 ] 
new state: [ 0.97  0.77  9.68  1.74  1.13  2.02  0.19  1.33 -0.75  0.9   1.69  0.02
  1.49 -0.57  0.85 -0.51 -0.35  0.09 -0.9 ] 
new state: [ 0.98  0.78  9.7   1.74  1.13  2.02  0.19  1.33 -0.75  0.9   1.69  0.02
  1.49 -0.57  0.86 -0.52 -0.34  0.09 -0.9 ] 
new state: [ 0.98  0.78  9.73  1.74  1.13  2.02  0.19  1.33 -0.75  0.9   1.69  0.02
  1.49 -0.57  0.87 -0.53 -0.33  0.08 -0.91] 
new state: [ 1.    0.77  9.75  1.74  1.13  2.02  0.19  1.33 -0.75  0.9   1.69  0.02
  1.49 -0.56  0.89 -0.54 -0.32  0.07 -0.91] 
new state: [ 1.    0.77  9.77  1.74  1.13  2.02  0.19  1.33 -0.75  0.9   1.69  0.02
  1.49 -0.55  0.9  -0.55 -0.31  0.07 -0.91] 
new state: [ 0.99  0.78  9.79  1.74  1.13  2.02  0.19  1.33 -0.75  0.9   1.69  0.02
  1.49 -0.55  0.9  -0.55 -0.31  0.07 -0.91] 
new state: [ 0.98  0.8   9.8   1.74  1.13  2.02  0.19  1.33 -0.75  0.9   1.69  0.02
  1.49 -0.56  0.9  -0.54 -0.31  0.08 -0.9 ] 
new state: [ 0.98  0.82  9.82  1.74  1.13  2.02  0.19  1.33 -0.75  0.9   1.69  0.02
  1.49 -0.56  0.9  -0.54 -0.31  0.09 -0.9 ] 
new state: [ 0.97  0.83  9.83  1.74  1.13  2.02  0.19  1.33 -0.75  0.9   1.69  0.02
  1.49 -0.57  0.89 -0.53 -0.31  0.1  -0.9 ] 
new state: [ 0.96  0.85  9.84  1.74  1.13  2.02  0.19  1.33 -0.75  0.9   1.69  0.02
  1.49 -0.57  0.89 -0.53 -0.31  0.11 -0.89] 
new state: [ 0.95  0.86  9.85  1.74  1.13  2.02  0.19  1.33 -0.75  0.9   1.69  0.02
  1.49 -0.58  0.89 -0.52 -0.31  0.13 -0.89] 
new state: [ 0.95  0.88  9.86  1.74  1.13  2.02  0.19  1.33 -0.75  0.9   1.69  0.02
  1.49 -0.59  0.89 -0.52 -0.32  0.14 -0.89] 
new state: [ 0.94  0.89  9.87  1.74  1.13  2.02  0.19  1.33 -0.75  0.9   1.69  0.02
  1.49 -0.59  0.89 -0.51 -0.32  0.15 -0.88] 
new state: [ 0.94  0.9   9.88  1.74  1.13  2.02  0.19  1.33 -0.75  0.9   1.69  0.02
  1.49 -0.6   0.89 -0.51 -0.32  0.16 -0.87] 
new state: [ 0.93  0.91  9.88  1.74  1.13  2.02  0.19  1.33 -0.75  0.9   1.69  0.02
  1.49 -0.6   0.89 -0.5  -0.32  0.16 -0.87] 
new state: [ 0.93  0.92  9.88  1.74  1.13  2.02  0.19  1.33 -0.75  0.9   1.69  0.02
  1.49 -0.61  0.89 -0.5  -0.31  0.17 -0.86] 
new state: [ 0.93  0.92  9.89  1.74  1.13  2.02  0.19  1.33 -0.75  0.9   1.69  0.02
  1.49 -0.61  0.89 -0.5  -0.31  0.18 -0.86] 
new state: [ 0.93  0.93  9.89  1.74  1.13  2.02  0.19  1.33 -0.75  0.9   1.69  0.02
  1.49 -0.61  0.89 -0.5  -0.31  0.18 -0.85] 
new state: [ 0.93  0.94  9.89  1.74  1.13  2.02  0.19  1.33 -0.75  0.9   1.69  0.02
  1.49 -0.61  0.89 -0.49 -0.31  0.19 -0.85] 
new state: [ 0.93  0.94  9.88  1.74  1.13  2.02  0.19  1.33 -0.75  0.9   1.69  0.02
  1.49 -0.61  0.9  -0.49 -0.3   0.19 -0.84] 
new state: [ 0.94  0.94  9.88  1.74  1.13  2.02  0.19  1.33 -0.75  0.9   1.69  0.02
  1.49 -0.61  0.9  -0.49 -0.3   0.19 -0.84] 
new state: [ 0.94  0.94  9.88  1.74  1.13  2.02  0.19  1.33 -0.75  0.9   1.69  0.02
  1.49 -0.61  0.91 -0.49 -0.29  0.19 -0.83] 
new state: [ 0.94  0.94  9.87  1.74  1.13  2.02  0.19  1.33 -0.75  0.9   1.69  0.02
  1.49 -0.61  0.91 -0.49 -0.29  0.19 -0.83] 
new state: [ 0.95  0.94  9.87  1.74  1.13  2.02  0.19  1.33 -0.75  0.9   1.69  0.02
  1.49 -0.6   0.92 -0.49 -0.28  0.18 -0.83] 
new state: [ 0.95  0.94  9.86  1.74  1.13  2.02  0.19  1.33 -0.75  0.9   1.69  0.02
  1.49 -0.6   0.93 -0.49 -0.27  0.18 -0.82] 
new state: [ 0.96  0.94  9.85  1.74  1.13  2.02  0.19  1.33 -0.75  0.9   1.69  0.02
  1.49 -0.6   0.94 -0.5  -0.27  0.18 -0.82] 
new state: [ 0.97  0.94  9.84  1.74  1.13  2.02  0.19  1.33 -0.75  0.9   1.69  0.02
  1.49 -0.59  0.94 -0.5  -0.26  0.17 -0.81] 
new state: [ 0.97  0.94  9.83  1.74  1.13  2.02  0.19  1.33 -0.75  0.9   1.69  0.02
  1.49 -0.59  0.95 -0.5  -0.25  0.16 -0.81] 
new state: [ 0.98  0.93  9.82  1.74  1.13  2.02  0.19  1.33 -0.75  0.9   1.69  0.02
  1.49 -0.58  0.96 -0.5  -0.24  0.16 -0.81] 
new state: [ 0.99  0.93  9.81  1.74  1.13  2.02  0.19  1.33 -0.75  0.9   1.69  0.02
  1.49 -0.57  0.97 -0.51 -0.23  0.15 -0.8 ] 
new state: [ 1.    0.92  9.8   1.74  1.13  2.02  0.19  1.33 -0.75  0.9   1.69  0.02
  1.49 -0.56  0.98 -0.51 -0.22  0.14 -0.8 ] 
new state: [ 1.    0.92  9.79  1.74  1.13  2.02  0.19  1.33 -0.75  0.9   1.69  0.02
  1.49 -0.56  1.   -0.51 -0.21  0.13 -0.79] 
new state: [ 1.01  0.91  9.78  1.74  1.13  2.02  0.19  1.33 -0.75  0.9   1.69  0.02
  1.49 -0.55  1.01 -0.52 -0.2   0.12 -0.79] 
new state: [ 1.02  0.9   9.76  1.74  1.13  2.02  0.19  1.33 -0.75  0.9   1.69  0.02
  1.49 -0.54  1.02 -0.52 -0.19  0.11 -0.79] 
new state: [ 1.03  0.9   9.75  1.74  1.13  2.02  0.19  1.33 -0.75  0.9   1.69  0.02
  1.49 -0.53  1.03 -0.53 -0.18  0.1  -0.78] 
new state: [ 1.04  0.89  9.74  1.74  1.13  2.02  0.19  1.33 -0.75  0.9   1.69  0.02
  1.49 -0.52  1.04 -0.53 -0.16  0.09 -0.78] 
new state: [ 1.04  0.88  9.72  1.74  1.13  2.02  0.19  1.33 -0.75  0.9   1.69  0.02
  1.49 -0.51  1.06 -0.54 -0.15  0.07 -0.77] 
new state: [ 1.05  0.88  9.71  1.74  1.13  2.02  0.19  1.33 -0.75  0.9   1.69  0.02
  1.49 -0.5   1.07 -0.54 -0.14  0.06 -0.76] 
new state: [ 1.06  0.87  9.7   1.74  1.13  2.02  0.19  1.33 -0.75  0.9   1.69  0.02
  1.49 -0.49  1.08 -0.55 -0.12  0.05 -0.76] 
new state: [ 1.07  0.86  9.68  1.74  1.13  2.02  0.19  1.33 -0.75  0.9   1.69  0.02
  1.49 -0.48  1.09 -0.55 -0.11  0.03 -0.75] 
new state: [ 1.07  0.85  9.67  1.74  1.13  2.02  0.19  1.33 -0.75  0.9   1.69  0.02
  1.49 -0.47  1.11 -0.56 -0.09  0.02 -0.75] 
new state: [ 1.08  0.85  9.65  1.74  1.13  2.02  0.19  1.33 -0.75  0.9   1.69  0.02
  1.49 -0.46  1.12 -0.56 -0.08  0.   -0.74] 
new state: [ 1.09  0.84  9.64  1.74  1.13  2.02  0.19  1.33 -0.75  0.9   1.69  0.02
  1.49 -0.44  1.13 -0.57 -0.06 -0.01 -0.73] 
new state: [ 1.09  0.83  9.62  1.74  1.13  2.02  0.19  1.33 -0.75  0.9   1.69  0.02
  1.49 -0.43  1.15 -0.58 -0.05 -0.03 -0.72] 
new state: [ 1.1   0.82  9.61  1.74  1.13  2.02  0.19  1.33 -0.75  0.9   1.69  0.02
  1.49 -0.42  1.16 -0.58 -0.03 -0.04 -0.72] 
new state: [ 1.1   0.82  9.6   1.74  1.13  2.02  0.19  1.33 -0.75  0.9   1.69  0.02
  1.49 -0.41  1.18 -0.59 -0.02 -0.06 -0.71] 
new state: [ 1.11  0.81  9.58  1.74  1.13  2.02  0.19  1.33 -0.75  0.9   1.69  0.02
  1.49 -0.4   1.19 -0.59 -0.   -0.07 -0.7 ] 
new state: [ 1.11  0.8   9.57  1.74  1.13  2.02  0.19  1.33 -0.75  0.9   1.69  0.02
  1.49 -0.39  1.2  -0.6   0.01 -0.09 -0.69] 
new state: [ 1.12  0.79  9.55  1.74  1.13  2.02  0.19  1.33 -0.75  0.9   1.69  0.02
  1.49 -0.38  1.22 -0.6   0.03 -0.1  -0.68] 
new state: [ 1.12  0.82  9.54  1.74  1.13  2.02  0.19  1.33 -0.75  0.9   1.69  0.02
  1.49 -0.38  1.22 -0.6   0.04 -0.11 -0.68] 
new state: [ 1.1   0.85  9.53  1.74  1.13  2.02  0.19  1.33 -0.75  0.9   1.69  0.02
  1.49 -0.39  1.22 -0.6   0.04 -0.09 -0.68] 
new state: [ 1.08  0.94  9.51  1.74  1.13  2.02  0.19  1.33 -0.75  0.9   1.69  0.02
  1.49 -0.41  1.19 -0.56 -0.02 -0.1  -0.67] 
new state: [ 1.08  1.    9.5   1.74  1.13  2.02  0.19  1.33 -0.75  0.9   1.69  0.02
  1.49 -0.43  1.17 -0.53 -0.04 -0.1  -0.66] 
new state: [ 1.04  1.09  9.49  1.74  1.13  2.02  0.19  1.33 -0.75  0.9   1.69  0.02
  1.49 -0.45  1.13 -0.48 -0.08 -0.1  -0.66] 
new state: [ 1.01  1.17  9.48  1.74  1.13  2.02  0.19  1.33 -0.75  0.9   1.69  0.02
  1.49 -0.47  1.09 -0.43 -0.12 -0.1  -0.66] 
new state: [ 0.98  1.24  9.46  1.74  1.13  2.02  0.19  1.33 -0.75  0.9   1.69  0.02
  1.49 -0.48  1.06 -0.38 -0.14 -0.1  -0.66] 
new state: [ 0.98  1.28  9.45  1.74  1.13  2.02  0.19  1.33 -0.75  0.9   1.69  0.02
  1.49 -0.48  1.02 -0.38 -0.14 -0.1  -0.66] 
new state: [ 0.98  1.32  9.44  1.74  1.13  2.02  0.19  1.33 -0.75  0.9   1.69  0.02
  1.49 -0.48  0.98 -0.38 -0.13 -0.1  -0.66] 
new state: [ 0.97  1.35  9.43  1.74  1.13  2.02  0.19  1.33 -0.75  0.9   1.69  0.02
  1.49 -0.47  0.95 -0.38 -0.13 -0.1  -0.66] 
new state: [ 0.96  1.39  9.42  1.74  1.13  2.02  0.19  1.33 -0.75  0.9   1.69  0.02
  1.49 -0.46  0.91 -0.38 -0.13 -0.1  -0.66] 
new state: [ 0.95  1.42  9.41  1.74  1.13  2.02  0.19  1.33 -0.75  0.9   1.69  0.02
  1.49 -0.45  0.88 -0.38 -0.13 -0.1  -0.66] 
new state: [ 0.95  1.43  9.4   1.74  1.13  2.02  0.19  1.33 -0.75  0.9   1.69  0.02
  1.49 -0.44  0.86 -0.38 -0.13 -0.1  -0.66] 
new state: [ 0.95  1.44  9.39  1.74  1.13  2.02  0.19  1.33 -0.75  0.9   1.69  0.02
  1.49 -0.44  0.85 -0.38 -0.13 -0.1  -0.66] 
new state: [ 0.94  1.44  9.38  1.74  1.13  2.02  0.19  1.33 -0.75  0.9   1.69  0.02
  1.49 -0.44  0.84 -0.38 -0.13 -0.1  -0.66] 
new state: [ 0.95  1.43  9.37  1.74  1.13  2.02  0.19  1.33 -0.75  0.9   1.69  0.02
  1.49 -0.44  0.84 -0.38 -0.13 -0.1  -0.66] 
new state: [ 0.95  1.43  9.37  1.74  1.13  2.02  0.19  1.33 -0.75  0.9   1.69  0.02
  1.49 -0.44  0.84 -0.38 -0.13 -0.1  -0.66] 
new state: [ 0.95  1.42  9.36  1.74  1.13  2.02  0.19  1.33 -0.75  0.9   1.69  0.02
  1.49 -0.44  0.84 -0.38 -0.13 -0.1  -0.66] 
new state: [ 0.95  1.42  9.35  1.74  1.13  2.02  0.19  1.33 -0.75  0.9   1.69  0.02
  1.49 -0.44  0.84 -0.38 -0.13 -0.1  -0.66] 
new state: [ 0.95  1.41  9.35  1.74  1.13  2.02  0.19  1.33 -0.75  0.9   1.69  0.02
  1.49 -0.44  0.84 -0.38 -0.13 -0.1  -0.66] 
new state: [ 0.96  1.4   9.34  1.74  1.13  2.02  0.19  1.33 -0.75  0.9   1.69  0.02
  1.49 -0.44  0.84 -0.38 -0.13 -0.1  -0.66] 
new state: [ 0.96  1.39  9.34  1.74  1.13  2.02  0.19  1.33 -0.75  0.9   1.69  0.02
  1.49 -0.44  0.84 -0.38 -0.13 -0.1  -0.66] 
new state: [ 0.96  1.38  9.33  1.74  1.13  2.02  0.19  1.33 -0.75  0.9   1.69  0.02
  1.49 -0.44  0.84 -0.38 -0.13 -0.1  -0.66] 
new state: [ 0.96  1.37  9.33  1.74  1.13  2.02  0.19  1.33 -0.75  0.9   1.69  0.02
  1.49 -0.44  0.84 -0.38 -0.13 -0.1  -0.66] 
new state: [ 0.97  1.36  9.32  1.74  1.13  2.02  0.19  1.33 -0.75  0.9   1.69  0.02
  1.49 -0.44  0.83 -0.38 -0.13 -0.1  -0.66] 
new state: [ 0.97  1.35  9.32  1.74  1.13  2.02  0.19  1.33 -0.75  0.9   1.69  0.02
  1.49 -0.44  0.83 -0.38 -0.13 -0.1  -0.66] 
new state: [ 0.97  1.34  9.31  1.74  1.13  2.02  0.19  1.33 -0.75  0.9   1.69  0.02
  1.49 -0.44  0.83 -0.38 -0.13 -0.1  -0.66] 
new state: [ 0.97  1.33  9.31  1.74  1.13  2.02  0.19  1.33 -0.75  0.9   1.69  0.02
  1.49 -0.44  0.82 -0.38 -0.13 -0.1  -0.66] 
new state: [ 0.97  1.32  9.31  1.74  1.13  2.02  0.19  1.33 -0.75  0.9   1.69  0.02
  1.49 -0.44  0.82 -0.38 -0.13 -0.1  -0.66] 
new state: [ 0.98  1.31  9.31  1.74  1.13  2.02  0.19  1.33 -0.75  0.9   1.69  0.02
  1.49 -0.44  0.81 -0.38 -0.13 -0.1  -0.66] 
new state: [ 0.98  1.3   9.31  1.74  1.13  2.02  0.19  1.33 -0.75  0.9   1.69  0.02
  1.49 -0.44  0.81 -0.38 -0.13 -0.1  -0.66] 
new state: [ 0.98  1.29  9.3   1.74  1.13  2.02  0.19  1.33 -0.75  0.9   1.69  0.02
  1.49 -0.44  0.8  -0.38 -0.13 -0.1  -0.66] 
new state: [ 0.98  1.28  9.3   1.74  1.13  2.02  0.19  1.33 -0.75  0.9   1.69  0.02
  1.49 -0.44  0.8  -0.38 -0.13 -0.1  -0.66] 
new state: [ 0.98  1.27  9.3   1.74  1.13  2.02  0.19  1.33 -0.75  0.9   1.69  0.02
  1.49 -0.44  0.79 -0.38 -0.13 -0.1  -0.66] 
new state: [ 0.99  1.26  9.3   1.74  1.13  2.02  0.19  1.33 -0.75  0.9   1.69  0.02
  1.49 -0.44  0.79 -0.38 -0.13 -0.1  -0.66] 
new state: [ 0.99  1.25  9.3   1.74  1.13  2.02  0.19  1.33 -0.75  0.9   1.69  0.02
  1.49 -0.44  0.78 -0.38 -0.13 -0.1  -0.66] 
new state: [ 0.99  1.24  9.3   1.74  1.13  2.02  0.19  1.33 -0.75  0.9   1.69  0.02
  1.49 -0.44  0.78 -0.38 -0.13 -0.1  -0.66] 
new state: [ 0.99  1.23  9.3   1.74  1.13  2.02  0.19  1.33 -0.75  0.9   1.69  0.02
  1.49 -0.44  0.77 -0.38 -0.13 -0.1  -0.66] 
new state: [ 0.99  1.22  9.3   1.74  1.13  2.02  0.19  1.33 -0.75  0.9   1.69  0.02
  1.49 -0.43  0.76 -0.38 -0.13 -0.1  -0.66] 
new state: [ 0.99  1.21  9.31  1.74  1.13  2.02  0.19  1.33 -0.75  0.9   1.69  0.02
  1.49 -0.43  0.75 -0.38 -0.13 -0.1  -0.66] 
new state: [ 0.99  1.2   9.31  1.74  1.13  2.02  0.19  1.33 -0.75  0.9   1.69  0.02
  1.49 -0.43  0.74 -0.38 -0.13 -0.1  -0.66] 
new state: [ 0.99  1.19  9.31  1.74  1.13  2.02  0.19  1.33 -0.75  0.9   1.69  0.02
  1.49 -0.43  0.73 -0.38 -0.13 -0.1  -0.66] 
new state: [ 0.99  1.18  9.31  1.74  1.13  2.02  0.19  1.33 -0.75  0.9   1.69  0.02
  1.49 -0.43  0.72 -0.38 -0.13 -0.1  -0.66] 
new state: [ 0.99  1.17  9.31  1.74  1.13  2.02  0.19  1.33 -0.75  0.9   1.69  0.02
  1.49 -0.43  0.71 -0.38 -0.13 -0.1  -0.66] 
new state: [ 0.99  1.17  9.32  1.74  1.13  2.02  0.19  1.33 -0.75  0.9   1.69  0.02
  1.49 -0.43  0.7  -0.38 -0.13 -0.1  -0.66] 
new state: [ 0.99  1.16  9.32  1.74  1.13  2.02  0.19  1.33 -0.75  0.9   1.69  0.02
  1.49 -0.42  0.69 -0.38 -0.13 -0.1  -0.66] 
new state: [ 0.99  1.15  9.32  1.74  1.13  2.02  0.19  1.33 -0.75  0.9   1.69  0.02
  1.49 -0.42  0.68 -0.38 -0.13 -0.1  -0.66] 
new state: [ 0.99  1.14  9.32  1.74  1.13  2.02  0.19  1.33 -0.75  0.9   1.69  0.02
  1.49 -0.42  0.67 -0.38 -0.13 -0.1  -0.66] 
new state: [ 0.99  1.13  9.33  1.74  1.13  2.02  0.19  1.33 -0.75  0.9   1.69  0.02
  1.49 -0.42  0.66 -0.38 -0.13 -0.1  -0.66] 
new state: [ 1.    1.12  9.33  1.74  1.13  2.02  0.19  1.33 -0.75  0.9   1.69  0.02
  1.49 -0.42  0.65 -0.38 -0.13 -0.1  -0.66] 
new state: [ 1.    1.12  9.33  1.74  1.13  2.02  0.19  1.33 -0.75  0.9   1.69  0.02
  1.49 -0.42  0.63 -0.38 -0.13 -0.1  -0.66] 
new state: [ 1.    1.11  9.34  1.74  1.13  2.02  0.19  1.33 -0.75  0.9   1.69  0.02
  1.49 -0.42  0.62 -0.38 -0.13 -0.1  -0.66] 
new state: [ 1.    1.1   9.34  1.74  1.13  2.02  0.19  1.33 -0.75  0.9   1.69  0.02
  1.49 -0.42  0.61 -0.38 -0.13 -0.1  -0.66] 
new state: [ 1.    1.1   9.34  1.74  1.13  2.02  0.19  1.33 -0.75  0.9   1.69  0.02
  1.49 -0.41  0.59 -0.38 -0.13 -0.1  -0.66] 
new state: [ 1.    1.09  9.35  1.74  1.13  2.02  0.19  1.33 -0.75  0.9   1.69  0.02
  1.49 -0.41  0.58 -0.38 -0.13 -0.1  -0.66] 
new state: [ 1.    1.08  9.35  1.74  1.13  2.02  0.19  1.33 -0.75  0.9   1.69  0.02
  1.49 -0.41  0.57 -0.38 -0.13 -0.1  -0.66] 
new state: [ 1.    1.08  9.36  1.74  1.13  2.02  0.19  1.33 -0.75  0.9   1.69  0.02
  1.49 -0.41  0.56 -0.38 -0.13 -0.1  -0.66] 
new state: [ 1.    1.07  9.36  1.74  1.13  2.02  0.19  1.33 -0.75  0.9   1.69  0.02
  1.49 -0.41  0.55 -0.38 -0.13 -0.1  -0.66] 
new state: [ 1.    1.06  9.36  1.74  1.13  2.02  0.19  1.33 -0.75  0.9   1.69  0.02
  1.49 -0.41  0.53 -0.38 -0.13 -0.1  -0.66] 
new state: [ 1.    1.05  9.37  1.74  1.13  2.02  0.19  1.33 -0.75  0.9   1.69  0.02
  1.49 -0.4   0.52 -0.38 -0.13 -0.1  -0.66] 
new state: [ 1.    1.05  9.37  1.74  1.13  2.02  0.19  1.33 -0.75  0.9   1.69  0.02
  1.49 -0.4   0.51 -0.38 -0.13 -0.1  -0.66] 
new state: [ 1.    1.04  9.37  1.74  1.13  2.02  0.19  1.33 -0.75  0.9   1.69  0.02
  1.49 -0.4   0.5  -0.38 -0.13 -0.1  -0.66] 
new state: [ 1.    1.03  9.38  1.74  1.13  2.02  0.19  1.33 -0.75  0.9   1.69  0.02
  1.49 -0.4   0.48 -0.38 -0.13 -0.1  -0.66] 
new state: [ 1.    1.03  9.38  1.74  1.13  2.02  0.19  1.33 -0.75  0.9   1.69  0.02
  1.49 -0.4   0.47 -0.38 -0.13 -0.1  -0.66] 
new state: [ 1.    1.02  9.39  1.74  1.13  2.02  0.19  1.33 -0.75  0.9   1.69  0.02
  1.49 -0.39  0.46 -0.38 -0.13 -0.1  -0.66] 
move to way point [0.         1.         3.14159265]
new state: [ 0.95  1.03  9.39  1.74  1.13  2.02  0.19  1.33 -0.75  0.9   1.69  0.02
  1.49 -0.4   0.45 -0.38 -0.13 -0.1  -0.66] 
new state: [ 0.92  1.03  9.39  1.74  1.13  2.02  0.19  1.33 -0.75  0.9   1.69  0.02
  1.49 -0.42  0.45 -0.38 -0.13 -0.1  -0.66] 
new state: [ 0.89  1.04  9.39  1.74  1.13  2.02  0.19  1.33 -0.75  0.9   1.69  0.02
  1.49 -0.43  0.44 -0.38 -0.13 -0.1  -0.66] 
new state: [ 0.87  1.04  9.39  1.74  1.13  2.02  0.19  1.33 -0.75  0.9   1.69  0.02
  1.49 -0.45  0.44 -0.38 -0.13 -0.1  -0.66] 
new state: [ 0.84  1.04  9.39  1.74  1.13  2.02  0.19  1.33 -0.75  0.9   1.69  0.02
  1.49 -0.47  0.43 -0.38 -0.13 -0.1  -0.66] 
new state: [ 0.82  1.04  9.4   1.74  1.13  2.02  0.19  1.33 -0.75  0.9   1.69  0.02
  1.49 -0.49  0.43 -0.38 -0.13 -0.1  -0.66] 
new state: [ 0.79  1.04  9.4   1.74  1.13  2.02  0.19  1.33 -0.75  0.9   1.69  0.02
  1.49 -0.51  0.43 -0.38 -0.13 -0.1  -0.66] 
new state: [ 0.76  1.04  9.4   1.74  1.13  2.02  0.19  1.33 -0.75  0.9   1.69  0.02
  1.49 -0.54  0.42 -0.38 -0.13 -0.1  -0.66] 
new state: [ 0.73  1.04  9.4   1.74  1.13  2.02  0.19  1.33 -0.75  0.9   1.69  0.02
  1.49 -0.55  0.43 -0.38 -0.13 -0.1  -0.66] 
new state: [ 0.7   1.03  9.4   1.74  1.13  2.02  0.19  1.33 -0.75  0.9   1.69  0.02
  1.49 -0.57  0.43 -0.38 -0.13 -0.1  -0.66] 
new state: [ 0.66  1.03  9.4   1.74  1.13  2.02  0.19  1.33 -0.75  0.9   1.69  0.02
  1.49 -0.58  0.43 -0.38 -0.13 -0.1  -0.66] 
new state: [ 0.62  1.03  9.41  1.74  1.13  2.02  0.19  1.33 -0.75  0.9   1.69  0.02
  1.49 -0.6   0.43 -0.38 -0.13 -0.1  -0.66] 
new state: [ 0.58  1.03  9.41  1.74  1.13  2.02  0.19  1.33 -0.75  0.9   1.69  0.02
  1.49 -0.61  0.43 -0.38 -0.13 -0.1  -0.66] 
new state: [ 0.55  1.02  9.41  1.74  1.13  2.02  0.19  1.33 -0.75  0.9   1.69  0.02
  1.49 -0.63  0.43 -0.38 -0.13 -0.1  -0.66] 
new state: [ 0.51  1.02  9.41  1.74  1.13  2.02  0.19  1.33 -0.75  0.9   1.69  0.02
  1.49 -0.64  0.42 -0.38 -0.13 -0.1  -0.66] 
new state: [ 0.47  1.02  9.41  1.74  1.13  2.02  0.19  1.33 -0.75  0.9   1.69  0.02
  1.49 -0.65  0.43 -0.38 -0.13 -0.1  -0.66] 
new state: [ 0.43  1.02  9.41  1.74  1.13  2.02  0.19  1.33 -0.75  0.9   1.69  0.02
  1.49 -0.66  0.43 -0.38 -0.13 -0.1  -0.66] 
new state: [ 0.39  1.01  9.42  1.74  1.13  2.02  0.19  1.33 -0.75  0.9   1.69  0.02
  1.49 -0.67  0.43 -0.38 -0.13 -0.1  -0.66] 
new state: [ 0.35  1.01  9.42  1.74  1.13  2.02  0.19  1.33 -0.75  0.9   1.69  0.02
  1.49 -0.68  0.43 -0.38 -0.13 -0.1  -0.66] 
new state: [ 0.41  1.09  9.42  1.74  1.13  2.02  0.19  1.33 -0.75  0.9   1.69 -0.25
  1.3  -0.58  0.5  -0.35 -0.11 -0.08 -0.64] 
new state: [ 0.36  1.08  9.42  1.74  1.13  2.02  0.19  1.33 -0.75  0.9   1.69 -0.25
  1.3  -0.58  0.5  -0.35 -0.11 -0.08 -0.64] 
new state: [ 0.35  1.08  9.42  1.74  1.13  2.02  0.19  1.33 -0.75  0.9   1.69 -0.25
  1.3  -0.58  0.5  -0.35 -0.11 -0.08 -0.64] 
new state: [ 0.32  1.07  9.42  1.74  1.13  2.02  0.19  1.33 -0.75  0.9   1.69 -0.24
  1.3  -0.58  0.5  -0.35 -0.11 -0.08 -0.64] 
new state: [ 0.3   1.07  9.42  1.74  1.13  2.02  0.19  1.33 -0.75  0.9   1.69 -0.23
  1.29 -0.57  0.5  -0.35 -0.11 -0.08 -0.64] 
new state: [ 0.27  1.06  9.42  1.74  1.13  2.02  0.19  1.33 -0.75  0.9   1.69 -0.23
  1.29 -0.57  0.5  -0.35 -0.11 -0.08 -0.64] 
new state: [ 0.25  1.06  9.42  1.74  1.13  2.02  0.19  1.33 -0.75  0.9   1.69 -0.22
  1.29 -0.56  0.5  -0.35 -0.11 -0.08 -0.64] 
new state: [ 0.22  1.06  9.42  1.74  1.13  2.02  0.19  1.33 -0.75  0.9   1.69 -0.21
  1.3  -0.56  0.5  -0.35 -0.11 -0.08 -0.64] 
new state: [ 0.19  1.05  9.42  1.74  1.13  2.02  0.19  1.33 -0.75  0.9   1.69 -0.2
  1.29 -0.55  0.5  -0.35 -0.11 -0.08 -0.64] 
new state: [ 0.16  1.05  9.42  1.74  1.13  2.02  0.19  1.33 -0.75  0.9   1.69 -0.19
  1.29 -0.54  0.5  -0.35 -0.11 -0.08 -0.64] 
new state: [ 0.13  1.05  9.42  1.74  1.13  2.02  0.19  1.33 -0.75  0.9   1.69 -0.18
  1.29 -0.53  0.5  -0.35 -0.11 -0.08 -0.64] 
new state: [ 0.11  1.05  9.42  1.74  1.13  2.02  0.19  1.33 -0.75  0.9   1.69 -0.18
  1.29 -0.52  0.5  -0.35 -0.11 -0.08 -0.64] 
new state: [ 0.1   1.05  9.42  1.74  1.13  2.02  0.19  1.33 -0.75  0.9   1.69 -0.18
  1.29 -0.52  0.5  -0.35 -0.11 -0.08 -0.64] 
new state: [ 0.09  1.04  9.42  1.74  1.13  2.02  0.19  1.33 -0.75  0.9   1.69 -0.18
  1.29 -0.52  0.5  -0.35 -0.11 -0.08 -0.64] 
new state: [ 0.08  1.04  9.42  1.74  1.13  2.02  0.19  1.33 -0.75  0.9   1.69 -0.18
  1.29 -0.52  0.5  -0.35 -0.11 -0.08 -0.64] 
new state: [ 0.07  1.04  9.42  1.74  1.13  2.02  0.19  1.33 -0.75  0.9   1.69 -0.18
  1.29 -0.52  0.5  -0.35 -0.11 -0.08 -0.64] 
new state: [ 0.06  1.04  9.42  1.74  1.13  2.02  0.19  1.33 -0.75  0.9   1.69 -0.18
  1.29 -0.52  0.49 -0.35 -0.11 -0.08 -0.64] 
new state: [ 0.05  1.04  9.42  1.74  1.13  2.02  0.19  1.33 -0.75  0.9   1.69 -0.18
  1.29 -0.52  0.49 -0.35 -0.11 -0.08 -0.64] 
new state: [ 0.04  1.03  9.42  1.74  1.13  2.02  0.19  1.33 -0.75  0.9   1.69 -0.18
  1.29 -0.52  0.49 -0.35 -0.11 -0.08 -0.64] 
new state: [ 0.03  1.03  9.42  1.74  1.13  2.02  0.19  1.33 -0.75  0.9   1.69 -0.18
  1.29 -0.53  0.49 -0.35 -0.11 -0.08 -0.64] 
move to way point [0.         1.         4.71238898]
new state: [ 0.03  1.04  9.48  1.74  1.13  2.02  0.19  1.33 -0.75  0.9   1.69 -0.18
  1.29 -0.52  0.48 -0.35 -0.11 -0.08 -0.64] 
new state: [ 0.02  1.05  9.54  1.74  1.13  2.02  0.19  1.33 -0.75  0.9   1.69 -0.18
  1.29 -0.52  0.47 -0.35 -0.11 -0.08 -0.64] 
new state: [ 0.01  1.06  9.6   1.74  1.13  2.02  0.19  1.33 -0.75  0.9   1.69 -0.18
  1.29 -0.5   0.46 -0.35 -0.11 -0.08 -0.64] 
new state: [-0.01  1.06  9.66  1.74  1.13  2.02  0.19  1.33 -0.75  0.9   1.69 -0.18
  1.29 -0.49  0.44 -0.35 -0.11 -0.08 -0.64] 
new state: [-0.02  1.07  9.72  1.74  1.13  2.02  0.19  1.33 -0.75  0.9   1.69 -0.18
  1.29 -0.47  0.43 -0.35 -0.11 -0.08 -0.64] 
new state: [-0.04  1.08  9.78  1.74  1.13  2.02  0.19  1.33 -0.75  0.9   1.69 -0.18
  1.29 -0.45  0.42 -0.35 -0.11 -0.08 -0.64] 
new state: [-0.05  1.09  9.83  1.74  1.13  2.02  0.19  1.33 -0.75  0.9   1.69 -0.18
  1.29 -0.43  0.4  -0.35 -0.11 -0.08 -0.64] 
new state: [-0.06  1.09  9.88  1.74  1.13  2.02  0.19  1.33 -0.75  0.9   1.69 -0.18
  1.29 -0.42  0.39 -0.35 -0.11 -0.08 -0.64] 
new state: [-0.07  1.1   9.93  1.74  1.13  2.02  0.19  1.33 -0.75  0.9   1.69 -0.18
  1.29 -0.41  0.39 -0.35 -0.11 -0.08 -0.64] 
new state: [-0.07  1.09  9.99  1.74  1.13  2.02  0.19  1.33 -0.75  0.9   1.69 -0.18
  1.29 -0.4   0.38 -0.35 -0.11 -0.08 -0.64] 
new state: [-0.07  1.09 10.04  1.74  1.13  2.02  0.19  1.33 -0.75  0.9   1.69 -0.18
  1.29 -0.4   0.38 -0.35 -0.11 -0.08 -0.64] 
new state: [-0.06  1.08 10.1   1.74  1.13  2.02  0.19  1.33 -0.75  0.9   1.69 -0.18
  1.29 -0.4   0.38 -0.35 -0.11 -0.08 -0.64] 
new state: [-0.05  1.08 10.15  1.74  1.13  2.02  0.19  1.33 -0.75  0.9   1.69 -0.18
  1.29 -0.41  0.38 -0.35 -0.11 -0.08 -0.64] 
new state: [-0.04  1.07 10.21  1.74  1.13  2.02  0.19  1.33 -0.75  0.9   1.69 -0.18
  1.29 -0.42  0.39 -0.35 -0.11 -0.08 -0.64] 
new state: [-0.03  1.06 10.26  1.74  1.13  2.02  0.19  1.33 -0.75  0.9   1.69 -0.18
  1.29 -0.43  0.39 -0.35 -0.11 -0.08 -0.64] 
new state: [-0.19  1.17 10.31  1.74  1.13  2.02  0.19  1.33 -0.75  0.9   1.69 -0.31
  1.37 -0.6   0.51  0.1  -0.41 -0.07 -0.65] 
new state: [-0.15  1.15 10.36  1.74  1.13  2.02  0.19  1.33 -0.75  0.9   1.69 -0.31
  1.37 -0.61  0.51  0.1  -0.42 -0.07 -0.65] 
new state: [-0.14  1.15 10.38  1.74  1.13  2.02  0.19  1.33 -0.75  0.9   1.69 -0.31
  1.37 -0.61  0.51  0.1  -0.43 -0.07 -0.65] 
new state: [-0.12  1.14 10.41  1.74  1.13  2.02  0.19  1.33 -0.75  0.9   1.69 -0.31
  1.37 -0.62  0.52  0.09 -0.44 -0.07 -0.65] 
new state: [-0.09  1.14 10.44  1.74  1.13  2.02  0.19  1.33 -0.75  0.9   1.69 -0.31
  1.37 -0.62  0.53  0.06 -0.45 -0.07 -0.65] 
new state: [-0.06  1.13 10.47  1.74  1.13  2.02  0.19  1.33 -0.75  0.9   1.69 -0.31
  1.37 -0.62  0.54  0.04 -0.46 -0.07 -0.65] 
new state: [-0.18  1.14 10.5   1.74  1.13  2.02  0.19  1.33 -0.75  0.9   1.69 -0.42
  1.39 -0.78  0.58 -0.16 -0.44  0.52 -0.74] 
new state: [-0.13  1.13 10.52  1.74  1.13  2.02  0.19  1.33 -0.75  0.9   1.69 -0.42
  1.39 -0.78  0.59 -0.19 -0.45  0.53 -0.74] 
new state: [-0.1   1.12 10.55  1.74  1.13  2.02  0.19  1.33 -0.75  0.9   1.69 -0.42
  1.39 -0.77  0.61 -0.22 -0.46  0.53 -0.75] 
new state: [-0.05  1.11 10.58  1.74  1.13  2.02  0.19  1.33 -0.75  0.9   1.69 -0.42
  1.39 -0.76  0.63 -0.25 -0.45  0.5  -0.77] 
new state: [-1.000e-02  1.100e+00  1.061e+01  1.740e+00  1.130e+00  2.020e+00
  1.900e-01  1.330e+00 -7.500e-01  9.000e-01  1.690e+00 -4.200e-01
  1.390e+00 -7.500e-01  6.500e-01 -2.800e-01 -4.500e-01  4.800e-01
 -7.900e-01] 
new state: [-0.    1.09 10.64  1.74  1.13  2.02  0.19  1.33 -0.75  0.9   1.69 -0.42
  1.39 -0.74  0.66 -0.3  -0.45  0.47 -0.8 ] 
new state: [-1.000e-02  1.090e+00  1.067e+01  1.740e+00  1.130e+00  2.020e+00
  1.900e-01  1.330e+00 -7.500e-01  9.000e-01  1.690e+00 -4.200e-01
  1.390e+00 -7.300e-01  6.600e-01 -3.000e-01 -4.600e-01  4.700e-01
 -8.100e-01] 
new state: [-0.02  1.09 10.69  1.74  1.13  2.02  0.19  1.33 -0.75  0.9   1.69 -0.42
  1.39 -0.73  0.66 -0.3  -0.46  0.48 -0.8 ] 
new state: [-0.04  1.09 10.72  1.74  1.13  2.02  0.19  1.33 -0.75  0.9   1.69 -0.42
  1.39 -0.73  0.65 -0.29 -0.47  0.5  -0.8 ] 
new state: [-0.06  1.09 10.75  1.74  1.13  2.02  0.19  1.33 -0.75  0.9   1.69 -0.42
  1.39 -0.73  0.64 -0.28 -0.47  0.52 -0.79] 
new state: [-0.04  1.09 10.78  1.74  1.13  2.02  0.19  1.33 -0.75  0.9   1.69 -0.42
  1.39 -0.74  0.64 -0.28 -0.47  0.51 -0.81] 
new state: [-0.04  1.08 10.8   1.74  1.13  2.02  0.19  1.33 -0.75  0.9   1.69 -0.42
  1.39 -0.74  0.64 -0.28 -0.47  0.51 -0.81] 
new state: [-0.04  1.08 10.83  1.74  1.13  2.02  0.19  1.33 -0.75  0.9   1.69 -0.42
  1.39 -0.74  0.64 -0.28 -0.48  0.52 -0.8 ] 
new state: [-0.05  1.08 10.85  1.74  1.13  2.02  0.19  1.33 -0.75  0.9   1.69 -0.42
  1.39 -0.74  0.63 -0.27 -0.48  0.53 -0.8 ] 
new state: [-0.06  1.07 10.88  1.74  1.13  2.02  0.19  1.33 -0.75  0.9   1.69 -0.42
  1.39 -0.74  0.62 -0.26 -0.48  0.55 -0.79] 
new state: [-0.08  1.07 10.9   1.74  1.13  2.02  0.19  1.33 -0.75  0.9   1.69 -0.42
  1.39 -0.75  0.61 -0.25 -0.49  0.56 -0.78] 
new state: [-0.09  1.07 10.93  1.74  1.13  2.02  0.19  1.33 -0.75  0.9   1.69 -0.42
  1.39 -0.75  0.6  -0.24 -0.49  0.58 -0.78] 
new state: [-0.08  1.07 10.95  1.74  1.13  2.02  0.19  1.33 -0.75  0.9   1.69 -0.42
  1.39 -0.75  0.6  -0.24 -0.5   0.58 -0.78] 
new state: [-0.08  1.06 10.97  1.74  1.13  2.02  0.19  1.33 -0.75  0.9   1.69 -0.42
  1.39 -0.75  0.6  -0.24 -0.5   0.58 -0.78] 
new state: [-0.07  1.06 10.99  1.74  1.13  2.02  0.19  1.33 -0.75  0.9   1.69 -0.42
  1.39 -0.75  0.6  -0.24 -0.5   0.58 -0.78] 
new state: [-0.11  0.98 11.01  1.72  1.11  2.02  0.19  1.61 -0.36  0.88  1.67 -0.46
  1.33 -0.8   0.53 -0.29 -0.58  0.53 -0.85] 
new state: [-0.09  0.99 11.03  1.72  1.11  2.02  0.19  1.61 -0.36  0.88  1.67 -0.46
  1.33 -0.8   0.53 -0.29 -0.58  0.53 -0.86] 
new state: [-0.08  0.98 11.05  1.72  1.11  2.02  0.19  1.61 -0.36  0.88  1.67 -0.46
  1.33 -0.8   0.53 -0.29 -0.58  0.53 -0.86] 
new state: [-0.07  0.98 11.07  1.72  1.11  2.02  0.19  1.61 -0.36  0.88  1.67 -0.46
  1.33 -0.8   0.53 -0.29 -0.57  0.52 -0.86] 
new state: [-0.05  0.98 11.08  1.72  1.11  2.02  0.19  1.61 -0.37  0.88  1.67 -0.46
  1.33 -0.8   0.53 -0.3  -0.57  0.52 -0.86] 
new state: [-0.05  0.98 11.1   1.72  1.11  2.02  0.19  1.61 -0.38  0.88  1.67 -0.46
  1.33 -0.8   0.53 -0.3  -0.57  0.52 -0.87] 
new state: [-0.03  0.99 11.11  1.72  1.11  2.02  0.19  1.61 -0.39  0.88  1.67 -0.46
  1.33 -0.8   0.53 -0.3  -0.56  0.51 -0.87] 
new state: [-0.    0.99 11.13  1.72  1.11  2.02  0.19  1.61 -0.4   0.88  1.67 -0.46
  1.33 -0.8   0.53 -0.31 -0.55  0.5  -0.87] 
new state: [ 0.    0.99 11.14  1.72  1.11  2.02  0.19  1.61 -0.42  0.88  1.67 -0.46
  1.33 -0.8   0.53 -0.31 -0.55  0.5  -0.87] 
new state: [ 0.02  0.99 11.15  1.72  1.11  2.02  0.19  1.61 -0.42  0.88  1.67 -0.46
  1.33 -0.8   0.53 -0.31 -0.55  0.49 -0.88] 
new state: [ 1.000e-02  9.900e-01  1.117e+01  1.720e+00  1.110e+00  2.020e+00
  1.900e-01  1.610e+00 -4.300e-01  8.800e-01  1.670e+00 -4.600e-01
  1.330e+00 -8.000e-01  5.300e-01 -3.100e-01 -5.500e-01  4.900e-01
 -8.800e-01] 
new state: [ 1.000e-02  9.800e-01  1.118e+01  1.720e+00  1.110e+00  2.020e+00
  1.900e-01  1.620e+00 -4.300e-01  8.800e-01  1.670e+00 -4.600e-01
  1.330e+00 -8.000e-01  5.300e-01 -3.000e-01 -5.500e-01  5.000e-01
 -8.800e-01] 
new state: [ 0.    0.98 11.19  1.72  1.11  2.02  0.19  1.62 -0.42  0.88  1.67 -0.46
  1.33 -0.8   0.53 -0.3  -0.55  0.5  -0.88] 
new state: [-0.    0.97 11.19  1.72  1.11  2.02  0.19  1.62 -0.42  0.88  1.67 -0.46
  1.33 -0.8   0.53 -0.29 -0.55  0.51 -0.88] 
new state: [-1.00e-02  9.70e-01  1.12e+01  1.72e+00  1.11e+00  2.02e+00  1.90e-01
  1.63e+00 -4.10e-01  8.80e-01  1.67e+00 -4.60e-01  1.33e+00 -8.00e-01
  5.30e-01 -2.90e-01 -5.60e-01  5.20e-01 -8.80e-01] 
new state: [-0.02  0.96 11.21  1.72  1.11  2.02  0.19  1.63 -0.41  0.88  1.67 -0.46
  1.33 -0.8   0.53 -0.28 -0.57  0.52 -0.88] 
new state: [-0.02  0.96 11.22  1.72  1.11  2.02  0.19  1.63 -0.4   0.88  1.67 -0.46
  1.33 -0.8   0.53 -0.28 -0.57  0.53 -0.88] 
new state: [-0.03  0.96 11.22  1.72  1.11  2.02  0.19  1.64 -0.4   0.88  1.67 -0.46
  1.33 -0.8   0.53 -0.28 -0.58  0.53 -0.88] 
new state: [-0.03  0.95 11.23  1.72  1.11  2.02  0.19  1.64 -0.39  0.88  1.67 -0.46
  1.33 -0.8   0.53 -0.27 -0.58  0.54 -0.88] 
new state: [-0.04  0.95 11.23  1.72  1.11  2.02  0.19  1.64 -0.39  0.88  1.67 -0.46
  1.33 -0.8   0.53 -0.27 -0.59  0.55 -0.88] 
new state: [-0.04  0.95 11.23  1.72  1.11  2.02  0.19  1.65 -0.38  0.88  1.67 -0.46
  1.33 -0.8   0.53 -0.26 -0.59  0.55 -0.88] 
new state: [-0.04  0.95 11.23  1.72  1.11  2.02  0.19  1.65 -0.38  0.88  1.67 -0.46
  1.33 -0.8   0.53 -0.26 -0.59  0.56 -0.88] 
new state: [-0.04  0.94 11.24  1.72  1.11  2.02  0.19  1.65 -0.37  0.88  1.67 -0.46
  1.33 -0.8   0.53 -0.26 -0.6   0.56 -0.88] 
new state: [-0.04  0.94 11.24  1.72  1.11  2.02  0.19  1.65 -0.37  0.88  1.67 -0.46
  1.33 -0.8   0.53 -0.26 -0.6   0.56 -0.88] 
new state: [-0.04  0.94 11.24  1.72  1.11  2.02  0.19  1.66 -0.37  0.88  1.67 -0.46
  1.33 -0.8   0.53 -0.25 -0.6   0.57 -0.89] 
new state: [-0.04  0.94 11.24  1.72  1.11  2.02  0.19  1.66 -0.37  0.88  1.67 -0.46
  1.33 -0.8   0.53 -0.25 -0.6   0.57 -0.89] 
new state: [-0.03  0.94 11.24  1.72  1.11  2.02  0.19  1.66 -0.37  0.88  1.67 -0.46
  1.33 -0.8   0.53 -0.25 -0.61  0.57 -0.89] 
new state: [-0.03  0.94 11.23  1.72  1.11  2.02  0.19  1.66 -0.37  0.88  1.67 -0.46
  1.33 -0.8   0.53 -0.25 -0.61  0.57 -0.89] 
new state: [-0.03  0.94 11.23  1.72  1.11  2.02  0.19  1.66 -0.37  0.88  1.67 -0.46
  1.33 -0.8   0.53 -0.24 -0.61  0.57 -0.89] 
new state: [-0.02  0.94 11.23  1.72  1.11  2.02  0.19  1.66 -0.37  0.88  1.67 -0.46
  1.33 -0.8   0.53 -0.24 -0.61  0.58 -0.89] 
new state: [-0.02  0.94 11.23  1.72  1.11  2.02  0.19  1.67 -0.38  0.88  1.67 -0.46
  1.33 -0.8   0.53 -0.24 -0.61  0.58 -0.89] 
new state: [-1.000e-02  9.400e-01  1.122e+01  1.720e+00  1.110e+00  2.020e+00
  1.900e-01  1.670e+00 -3.800e-01  8.800e-01  1.670e+00 -4.600e-01
  1.330e+00 -8.000e-01  5.300e-01 -2.400e-01 -6.100e-01  5.800e-01
 -8.900e-01] 
new state: [-1.000e-02  9.500e-01  1.122e+01  1.720e+00  1.110e+00  2.020e+00
  1.900e-01  1.670e+00 -3.800e-01  8.800e-01  1.670e+00 -4.600e-01
  1.330e+00 -8.000e-01  5.300e-01 -2.400e-01 -6.000e-01  5.800e-01
 -8.900e-01] 
new state: [ 0.    0.95 11.21  1.72  1.11  2.02  0.19  1.67 -0.39  0.88  1.67 -0.46
  1.33 -0.8   0.53 -0.24 -0.6   0.58 -0.89] 
new state: [ 1.000e-02  9.500e-01  1.121e+01  1.720e+00  1.110e+00  2.020e+00
  1.900e-01  1.670e+00 -3.900e-01  8.800e-01  1.670e+00 -4.600e-01
  1.330e+00 -8.000e-01  5.300e-01 -2.400e-01 -6.000e-01  5.800e-01
 -8.900e-01] 
new state: [ 1.00e-02  9.50e-01  1.12e+01  1.72e+00  1.11e+00  2.02e+00  1.90e-01
  1.67e+00 -4.00e-01  8.80e-01  1.67e+00 -4.60e-01  1.33e+00 -8.00e-01
  5.30e-01 -2.40e-01 -6.00e-01  5.70e-01 -8.90e-01] 
new state: [ 0.02  0.95 11.2   1.72  1.11  2.02  0.19  1.67 -0.4   0.88  1.67 -0.46
  1.33 -0.8   0.53 -0.24 -0.6   0.57 -0.89] 
new state: [ 0.03  0.95 11.19  1.72  1.11  2.02  0.19  1.67 -0.41  0.88  1.67 -0.46
  1.33 -0.8   0.53 -0.24 -0.59  0.57 -0.89] 
new state: [ 0.04  0.96 11.19  1.72  1.11  2.02  0.19  1.67 -0.41  0.88  1.67 -0.46
  1.33 -0.8   0.53 -0.24 -0.59  0.57 -0.9 ] 
new state: [ 0.05  0.96 11.18  1.72  1.11  2.02  0.19  1.67 -0.42  0.88  1.67 -0.46
  1.33 -0.8   0.53 -0.24 -0.59  0.57 -0.9 ] 
new state: [ 0.05  0.96 11.17  1.72  1.11  2.02  0.19  1.67 -0.43  0.88  1.67 -0.46
  1.33 -0.8   0.53 -0.24 -0.58  0.56 -0.9 ] 
new state: [ 0.06  0.97 11.17  1.72  1.11  2.02  0.19  1.67 -0.44  0.88  1.67 -0.46
  1.33 -0.8   0.53 -0.24 -0.58  0.56 -0.9 ] 
new state: [ 0.07  0.97 11.16  1.72  1.11  2.02  0.19  1.67 -0.45  0.88  1.67 -0.46
  1.33 -0.8   0.53 -0.24 -0.57  0.56 -0.9 ] 
new state: [ 0.08  0.97 11.15  1.72  1.11  2.02  0.19  1.67 -0.45  0.88  1.67 -0.46
  1.33 -0.8   0.53 -0.25 -0.57  0.55 -0.9 ] 
new state: [ 0.09  0.97 11.14  1.72  1.11  2.02  0.19  1.67 -0.46  0.88  1.67 -0.46
  1.33 -0.8   0.53 -0.25 -0.56  0.55 -0.9 ] 
new state: [ 0.1   0.98 11.14  1.72  1.11  2.02  0.19  1.67 -0.47  0.88  1.67 -0.46
  1.33 -0.8   0.53 -0.25 -0.56  0.54 -0.9 ] 
new state: [ 0.11  0.98 11.13  1.72  1.11  2.02  0.19  1.67 -0.48  0.88  1.67 -0.46
  1.33 -0.8   0.53 -0.25 -0.55  0.54 -0.9 ] 
new state: [ 0.11  0.98 11.12  1.72  1.11  2.02  0.19  1.67 -0.49  0.88  1.67 -0.46
  1.33 -0.8   0.53 -0.25 -0.55  0.54 -0.9 ] 
new state: [ 0.12  0.98 11.11  1.72  1.11  2.02  0.19  1.67 -0.5   0.88  1.67 -0.46
  1.33 -0.8   0.53 -0.26 -0.54  0.53 -0.9 ] 
new state: [ 0.13  0.99 11.11  1.72  1.11  2.02  0.19  1.66 -0.5   0.88  1.67 -0.46
  1.33 -0.8   0.53 -0.26 -0.54  0.53 -0.9 ] 
new state: [ 0.14  0.99 11.1   1.72  1.11  2.02  0.19  1.66 -0.51  0.88  1.67 -0.46
  1.33 -0.8   0.53 -0.26 -0.53  0.52 -0.9 ] 
new state: [ 0.15  0.99 11.09  1.72  1.11  2.02  0.19  1.66 -0.52  0.88  1.67 -0.46
  1.33 -0.8   0.53 -0.26 -0.53  0.52 -0.9 ] 
new state: [ 0.15  0.99 11.08  1.72  1.11  2.02  0.19  1.66 -0.53  0.88  1.67 -0.46
  1.33 -0.8   0.53 -0.27 -0.52  0.51 -0.9 ] 
new state: [ 0.16  1.   11.08  1.72  1.11  2.02  0.19  1.65 -0.54  0.88  1.67 -0.46
  1.33 -0.8   0.53 -0.27 -0.52  0.5  -0.9 ] 
new state: [ 0.17  1.   11.07  1.72  1.11  2.02  0.19  1.65 -0.55  0.88  1.67 -0.46
  1.33 -0.8   0.53 -0.27 -0.51  0.5  -0.9 ] 
new state: [ 0.18  1.   11.06  1.72  1.11  2.02  0.19  1.65 -0.56  0.88  1.67 -0.46
  1.33 -0.8   0.53 -0.28 -0.5   0.49 -0.91] 
new state: [ 0.18  1.   11.06  1.72  1.11  2.02  0.19  1.64 -0.57  0.88  1.67 -0.46
  1.33 -0.8   0.53 -0.28 -0.5   0.48 -0.91] 
new state: [ 0.19  1.   11.05  1.72  1.11  2.02  0.19  1.64 -0.58  0.88  1.67 -0.46
  1.33 -0.8   0.53 -0.28 -0.49  0.48 -0.91] 
new state: [ 0.2   1.   11.04  1.72  1.11  2.02  0.19  1.63 -0.59  0.88  1.67 -0.46
  1.33 -0.8   0.53 -0.29 -0.49  0.47 -0.91] 
new state: [ 0.2   1.01 11.03  1.72  1.11  2.02  0.19  1.63 -0.59  0.88  1.67 -0.46
  1.33 -0.8   0.53 -0.29 -0.48  0.46 -0.91] 
new state: [ 0.21  1.01 11.03  1.72  1.11  2.02  0.19  1.63 -0.6   0.88  1.67 -0.46
  1.33 -0.8   0.53 -0.29 -0.48  0.46 -0.91] 
new state: [ 0.21  1.01 11.02  1.72  1.11  2.02  0.19  1.62 -0.61  0.88  1.67 -0.46
  1.33 -0.8   0.53 -0.3  -0.47  0.45 -0.91] 
new state: [ 0.22  1.01 11.02  1.72  1.11  2.02  0.19  1.61 -0.62  0.88  1.67 -0.46
  1.33 -0.8   0.53 -0.3  -0.47  0.44 -0.91] 
new state: [ 0.22  1.01 11.01  1.72  1.11  2.02  0.19  1.61 -0.63  0.88  1.67 -0.46
  1.33 -0.8   0.53 -0.31 -0.47  0.44 -0.91] 
new state: [ 0.22  1.01 11.    1.72  1.11  2.02  0.19  1.6  -0.63  0.88  1.67 -0.46
  1.33 -0.8   0.53 -0.31 -0.46  0.43 -0.91] 
new state: [ 0.23  1.01 11.    1.72  1.11  2.02  0.19  1.6  -0.64  0.88  1.67 -0.46
  1.33 -0.8   0.53 -0.32 -0.46  0.42 -0.91] 
new state: [ 0.23  1.01 10.99  1.72  1.11  2.02  0.19  1.59 -0.65  0.88  1.67 -0.46
  1.33 -0.8   0.53 -0.32 -0.45  0.42 -0.91] 
new state: [ 0.23  1.01 10.99  1.72  1.11  2.02  0.19  1.59 -0.65  0.88  1.67 -0.46
  1.33 -0.8   0.53 -0.32 -0.45  0.41 -0.91] 
new state: [ 0.23  1.01 10.98  1.72  1.11  2.02  0.19  1.58 -0.66  0.88  1.67 -0.46
  1.33 -0.8   0.53 -0.33 -0.45  0.4  -0.91] 
new state: [ 0.23  1.01 10.98  1.72  1.11  2.02  0.19  1.58 -0.66  0.88  1.67 -0.46
  1.33 -0.8   0.53 -0.33 -0.44  0.4  -0.91] 
new state: [ 0.23  1.01 10.97  1.72  1.11  2.02  0.19  1.57 -0.67  0.88  1.67 -0.46
  1.33 -0.8   0.53 -0.34 -0.44  0.39 -0.91] 
new state: [ 0.23  1.01 10.97  1.72  1.11  2.02  0.19  1.56 -0.68  0.88  1.67 -0.46
  1.33 -0.8   0.53 -0.34 -0.44  0.38 -0.91] 
new state: [ 0.23  1.01 10.97  1.72  1.11  2.02  0.19  1.56 -0.68  0.88  1.67 -0.46
  1.33 -0.8   0.53 -0.35 -0.43  0.37 -0.91] 
new state: [ 0.23  1.01 10.96  1.72  1.11  2.02  0.19  1.55 -0.69  0.88  1.67 -0.46
  1.33 -0.8   0.53 -0.35 -0.43  0.37 -0.91] 
new state: [ 0.23  1.01 10.96  1.72  1.11  2.02  0.19  1.54 -0.69  0.88  1.67 -0.46
  1.33 -0.8   0.53 -0.36 -0.43  0.36 -0.91] 
new state: [ 0.23  1.01 10.95  1.72  1.11  2.02  0.19  1.54 -0.7   0.88  1.67 -0.46
  1.33 -0.8   0.53 -0.37 -0.43  0.35 -0.91] 
new state: [ 0.23  1.01 10.95  1.72  1.11  2.02  0.19  1.53 -0.7   0.88  1.67 -0.46
  1.33 -0.8   0.53 -0.37 -0.43  0.34 -0.91] 
new state: [ 0.22  1.01 10.95  1.72  1.11  2.02  0.19  1.53 -0.7   0.88  1.67 -0.46
  1.33 -0.8   0.53 -0.38 -0.42  0.34 -0.91] 
new state: [ 0.21  1.01 10.95  1.72  1.11  2.02  0.19  1.52 -0.7   0.88  1.67 -0.46
  1.33 -0.8   0.53 -0.38 -0.43  0.34 -0.91] 
new state: [ 0.21  1.01 10.94  1.72  1.11  2.02  0.19  1.52 -0.7   0.88  1.67 -0.46
  1.33 -0.8   0.53 -0.39 -0.43  0.33 -0.91] 
new state: [ 0.2   1.01 10.94  1.72  1.11  2.02  0.19  1.51 -0.71  0.88  1.67 -0.46
  1.33 -0.8   0.53 -0.39 -0.43  0.33 -0.92] 
new state: [ 0.19  1.01 10.94  1.72  1.11  2.02  0.19  1.51 -0.71  0.88  1.67 -0.46
  1.33 -0.8   0.53 -0.4  -0.43  0.32 -0.92] 
new state: [ 0.18  1.   10.94  1.72  1.11  2.02  0.19  1.51 -0.71  0.88  1.67 -0.46
  1.33 -0.8   0.53 -0.4  -0.42  0.32 -0.91] 
new state: [ 0.18  1.   10.94  1.72  1.11  2.02  0.19  1.5  -0.71  0.88  1.67 -0.46
  1.33 -0.8   0.53 -0.4  -0.42  0.31 -0.91] 
new state: [ 0.17  0.99 10.94  1.72  1.11  2.02  0.19  1.49 -0.71  0.88  1.67 -0.46
  1.33 -0.8   0.53 -0.41 -0.42  0.3  -0.91] 
new state: [ 0.16  0.99 10.93  1.72  1.11  2.02  0.19  1.49 -0.71  0.88  1.67 -0.46
  1.33 -0.8   0.53 -0.41 -0.42  0.3  -0.92] 
new state: [ 0.15  0.99 10.93  1.72  1.11  2.02  0.19  1.49 -0.71  0.88  1.67 -0.46
  1.33 -0.8   0.53 -0.42 -0.42  0.3  -0.91] 
new state: [ 0.14  0.98 10.93  1.72  1.11  2.02  0.19  1.48 -0.71  0.88  1.67 -0.46
  1.33 -0.8   0.53 -0.42 -0.41  0.29 -0.91] 
new state: [ 0.13  0.98 10.93  1.72  1.11  2.02  0.19  1.47 -0.71  0.88  1.67 -0.46
  1.33 -0.8   0.53 -0.43 -0.41  0.29 -0.91] 
new state: [ 0.12  0.97 10.93  1.72  1.11  2.02  0.19  1.47 -0.71  0.88  1.67 -0.46
  1.33 -0.8   0.53 -0.43 -0.41  0.28 -0.91] 
new state: [ 0.11  0.97 10.93  1.72  1.11  2.02  0.19  1.47 -0.71  0.88  1.67 -0.46
  1.33 -0.8   0.53 -0.43 -0.41  0.28 -0.91] 
new state: [ 0.1   0.97 10.93  1.72  1.11  2.02  0.19  1.46 -0.7   0.88  1.67 -0.46
  1.33 -0.8   0.53 -0.44 -0.41  0.27 -0.91] 
new state: [ 0.09  0.96 10.93  1.72  1.11  2.02  0.19  1.46 -0.7   0.88  1.67 -0.46
  1.33 -0.8   0.53 -0.44 -0.41  0.27 -0.9 ] 
new state: [ 0.08  0.96 10.93  1.72  1.11  2.02  0.19  1.46 -0.7   0.88  1.67 -0.46
  1.33 -0.8   0.53 -0.45 -0.41  0.27 -0.9 ] 
new state: [ 0.07  0.95 10.93  1.72  1.11  2.02  0.19  1.45 -0.7   0.88  1.67 -0.46
  1.33 -0.8   0.53 -0.45 -0.41  0.26 -0.9 ] 
new state: [ 0.06  0.94 10.93  1.72  1.11  2.02  0.19  1.45 -0.69  0.88  1.67 -0.46
  1.33 -0.8   0.53 -0.45 -0.41  0.26 -0.9 ] 
new state: [ 0.05  0.94 10.93  1.72  1.11  2.02  0.19  1.45 -0.69  0.88  1.67 -0.46
  1.33 -0.8   0.53 -0.46 -0.4   0.26 -0.9 ] 
new state: [ 0.04  0.94 10.94  1.72  1.11  2.02  0.19  1.44 -0.69  0.88  1.67 -0.46
  1.33 -0.8   0.53 -0.46 -0.4   0.25 -0.89] 
new state: [ 0.03  0.94 10.94  1.72  1.11  2.02  0.19  1.44 -0.69  0.88  1.67 -0.46
  1.33 -0.8   0.53 -0.46 -0.4   0.25 -0.89] 
new state: [ 0.02  0.93 10.94  1.72  1.11  2.02  0.19  1.44 -0.68  0.88  1.67 -0.46
  1.33 -0.8   0.53 -0.47 -0.4   0.25 -0.89] 
new state: [ 0.    0.93 10.94  1.72  1.11  2.02  0.19  1.43 -0.68  0.88  1.67 -0.46
  1.33 -0.8   0.53 -0.47 -0.4   0.24 -0.89] 
new state: [-1.000e-02  9.200e-01  1.094e+01  1.720e+00  1.110e+00  2.020e+00
  1.900e-01  1.430e+00 -6.800e-01  8.800e-01  1.670e+00 -4.600e-01
  1.330e+00 -8.000e-01  5.300e-01 -4.700e-01 -4.000e-01  2.400e-01
 -8.900e-01] 
new state: [-0.02  0.92 10.94  1.72  1.11  2.02  0.19  1.43 -0.67  0.88  1.67 -0.46
  1.33 -0.8   0.53 -0.48 -0.4   0.24 -0.88] 
new state: [-0.03  0.92 10.94  1.72  1.11  2.02  0.19  1.43 -0.67  0.88  1.67 -0.46
  1.33 -0.8   0.53 -0.48 -0.4   0.24 -0.88] 
new state: [-0.04  0.91 10.94  1.72  1.11  2.02  0.19  1.42 -0.66  0.88  1.67 -0.46
  1.33 -0.8   0.53 -0.48 -0.4   0.24 -0.88] 
new state: [-0.05  0.91 10.95  1.72  1.11  2.02  0.19  1.42 -0.66  0.88  1.67 -0.46
  1.33 -0.8   0.53 -0.49 -0.4   0.23 -0.88] 
new state: [-0.05  0.91 10.95  1.72  1.11  2.02  0.19  1.42 -0.65  0.88  1.67 -0.46
  1.33 -0.8   0.53 -0.49 -0.4   0.23 -0.88] 
new state: [-0.06  0.91 10.95  1.72  1.11  2.02  0.19  1.41 -0.65  0.88  1.67 -0.46
  1.33 -0.8   0.53 -0.49 -0.4   0.23 -0.88] 
new state: [-0.07  0.91 10.95  1.72  1.11  2.02  0.19  1.41 -0.65  0.88  1.67 -0.46
  1.33 -0.8   0.53 -0.5  -0.4   0.23 -0.87] 
new state: [-0.07  0.91 10.95  1.72  1.11  2.02  0.19  1.41 -0.64  0.88  1.67 -0.46
  1.33 -0.8   0.53 -0.5  -0.4   0.22 -0.87] 
new state: [-0.08  0.91 10.96  1.72  1.11  2.02  0.19  1.4  -0.64  0.88  1.67 -0.46
  1.33 -0.8   0.53 -0.5  -0.4   0.22 -0.87] 
new state: [-0.08  0.92 10.96  1.72  1.11  2.02  0.19  1.4  -0.64  0.88  1.67 -0.46
  1.33 -0.8   0.53 -0.51 -0.4   0.22 -0.87] 
new state: [-0.09  0.92 10.96  1.72  1.11  2.02  0.19  1.4  -0.63  0.88  1.67 -0.46
  1.33 -0.8   0.53 -0.51 -0.4   0.22 -0.87] 
new state: [-0.09  0.92 10.96  1.72  1.11  2.02  0.19  1.39 -0.63  0.88  1.67 -0.46
  1.33 -0.8   0.53 -0.51 -0.4   0.21 -0.87] 
new state: [-0.1   0.92 10.96  1.72  1.11  2.02  0.19  1.39 -0.63  0.88  1.67 -0.46
  1.33 -0.8   0.53 -0.52 -0.4   0.21 -0.87] 
new state: [-0.1   0.92 10.97  1.72  1.11  2.02  0.19  1.39 -0.62  0.88  1.67 -0.46
  1.33 -0.8   0.53 -0.52 -0.4   0.21 -0.87] 
new state: [-0.11  0.92 10.97  1.72  1.11  2.02  0.19  1.39 -0.62  0.88  1.67 -0.46
  1.33 -0.8   0.53 -0.52 -0.4   0.21 -0.86] 
new state: [-0.11  0.92 10.97  1.72  1.11  2.02  0.19  1.38 -0.61  0.88  1.67 -0.46
  1.33 -0.8   0.53 -0.53 -0.4   0.2  -0.86] 
new state: [-0.12  0.92 10.97  1.72  1.11  2.02  0.19  1.38 -0.61  0.88  1.67 -0.46
  1.33 -0.8   0.53 -0.53 -0.4   0.2  -0.86] 
new state: [-0.12  0.92 10.97  1.72  1.11  2.02  0.19  1.38 -0.61  0.88  1.67 -0.46
  1.33 -0.8   0.53 -0.53 -0.4   0.2  -0.86] 
new state: [-0.13  0.93 10.98  1.72  1.11  2.02  0.19  1.38 -0.6   0.88  1.67 -0.46
  1.33 -0.8   0.53 -0.53 -0.4   0.2  -0.86] 
new state: [-0.13  0.93 10.98  1.72  1.11  2.02  0.19  1.38 -0.6   0.88  1.67 -0.46
  1.33 -0.8   0.53 -0.53 -0.4   0.2  -0.86] 
new state: [-0.13  0.93 10.98  1.72  1.11  2.02  0.19  1.37 -0.59  0.88  1.67 -0.46
  1.33 -0.8   0.53 -0.54 -0.4   0.2  -0.85] 
new state: [-0.14  0.93 10.98  1.72  1.11  2.02  0.19  1.37 -0.59  0.88  1.67 -0.46
  1.33 -0.8   0.53 -0.54 -0.4   0.2  -0.85] 
new state: [-0.14  0.93 10.98  1.72  1.11  2.02  0.19  1.37 -0.59  0.88  1.67 -0.46
  1.33 -0.8   0.53 -0.54 -0.4   0.2  -0.85] 
new state: [-0.15  0.93 10.98  1.72  1.11  2.02  0.19  1.37 -0.58  0.88  1.67 -0.46
  1.33 -0.8   0.53 -0.54 -0.4   0.19 -0.85] 
new state: [-0.15  0.93 10.99  1.72  1.11  2.02  0.19  1.37 -0.58  0.88  1.67 -0.46
  1.33 -0.8   0.53 -0.54 -0.4   0.19 -0.85] 
new state: [-0.15  0.94 10.99  1.72  1.11  2.02  0.19  1.37 -0.57  0.88  1.67 -0.46
  1.33 -0.8   0.53 -0.54 -0.4   0.19 -0.84] 
new state: [-0.15  0.94 10.99  1.72  1.11  2.02  0.19  1.37 -0.57  0.88  1.67 -0.46
  1.33 -0.8   0.53 -0.55 -0.4   0.19 -0.84] 
new state: [-0.16  0.94 10.99  1.72  1.11  2.02  0.19  1.37 -0.57  0.88  1.67 -0.46
  1.33 -0.8   0.53 -0.55 -0.4   0.19 -0.84] 
new state: [-0.16  0.94 10.99  1.72  1.11  2.02  0.19  1.36 -0.56  0.88  1.67 -0.46
  1.33 -0.8   0.53 -0.55 -0.4   0.19 -0.84] 
new state: [-0.16  0.94 10.99  1.72  1.11  2.02  0.19  1.36 -0.56  0.88  1.67 -0.46
  1.33 -0.8   0.53 -0.55 -0.39  0.19 -0.84] 
new state: [-0.16  0.94 11.    1.72  1.11  2.02  0.19  1.36 -0.55  0.88  1.67 -0.46
  1.33 -0.8   0.53 -0.55 -0.39  0.19 -0.83] 
new state: [-0.17  0.95 11.    1.72  1.11  2.02  0.19  1.36 -0.55  0.88  1.67 -0.46
  1.33 -0.8   0.53 -0.55 -0.39  0.19 -0.83] 
new state: [-0.17  0.95 11.    1.72  1.11  2.02  0.19  1.36 -0.55  0.88  1.67 -0.46
  1.33 -0.8   0.53 -0.55 -0.39  0.19 -0.83] 
new state: [-0.17  0.95 11.    1.72  1.11  2.02  0.19  1.36 -0.54  0.88  1.67 -0.46
  1.33 -0.8   0.53 -0.55 -0.39  0.19 -0.83] 
new state: [-0.17  0.95 11.    1.72  1.11  2.02  0.19  1.36 -0.54  0.88  1.67 -0.46
  1.33 -0.8   0.53 -0.55 -0.39  0.19 -0.82] 
new state: [-0.17  0.95 11.    1.72  1.11  2.02  0.19  1.36 -0.53  0.88  1.67 -0.46
  1.33 -0.8   0.53 -0.55 -0.39  0.19 -0.82] 
new state: [-0.17  0.95 11.    1.72  1.11  2.02  0.19  1.36 -0.53  0.88  1.67 -0.46
  1.33 -0.8   0.53 -0.55 -0.39  0.19 -0.82] 
new state: [-0.17  0.96 11.    1.72  1.11  2.02  0.19  1.36 -0.53  0.88  1.67 -0.46
  1.33 -0.8   0.53 -0.55 -0.38  0.2  -0.82] 
new state: [-0.17  0.96 11.01  1.72  1.11  2.02  0.19  1.36 -0.52  0.88  1.67 -0.46
  1.33 -0.8   0.53 -0.55 -0.38  0.2  -0.82] 
new state: [-0.17  0.96 11.01  1.72  1.11  2.02  0.19  1.36 -0.52  0.88  1.67 -0.46
  1.33 -0.8   0.53 -0.55 -0.38  0.2  -0.81] 
new state: [-0.17  0.96 11.01  1.72  1.11  2.02  0.19  1.37 -0.52  0.88  1.67 -0.46
  1.33 -0.8   0.53 -0.55 -0.38  0.2  -0.81] 
new state: [-0.17  0.96 11.01  1.72  1.11  2.02  0.19  1.37 -0.51  0.88  1.67 -0.46
  1.33 -0.8   0.53 -0.55 -0.38  0.2  -0.81] 
new state: [-0.17  0.97 11.01  1.72  1.11  2.02  0.19  1.37 -0.51  0.88  1.67 -0.46
  1.33 -0.8   0.53 -0.55 -0.38  0.2  -0.81] 
new state: [-0.17  0.97 11.01  1.72  1.11  2.02  0.19  1.37 -0.51  0.88  1.67 -0.46
  1.33 -0.8   0.53 -0.55 -0.38  0.2  -0.8 ] 
new state: [-0.17  0.97 11.01  1.72  1.11  2.02  0.19  1.37 -0.5   0.88  1.67 -0.46
  1.33 -0.8   0.53 -0.55 -0.37  0.2  -0.8 ] 
new state: [-0.17  0.97 11.01  1.72  1.11  2.02  0.19  1.37 -0.5   0.88  1.67 -0.46
  1.33 -0.8   0.53 -0.55 -0.37  0.2  -0.8 ] 
new state: [-0.17  0.98 11.01  1.72  1.11  2.02  0.19  1.37 -0.5   0.88  1.67 -0.46
  1.33 -0.8   0.53 -0.54 -0.37  0.21 -0.8 ] 
new state: [-0.17  0.98 11.01  1.72  1.11  2.02  0.19  1.37 -0.49  0.88  1.67 -0.46
  1.33 -0.8   0.53 -0.54 -0.37  0.21 -0.79] 
new state: [-0.17  0.98 11.01  1.72  1.11  2.02  0.19  1.37 -0.49  0.88  1.67 -0.46
  1.33 -0.8   0.53 -0.54 -0.37  0.21 -0.79] 
new state: [-0.17  0.98 11.01  1.72  1.11  2.02  0.19  1.38 -0.49  0.88  1.67 -0.46
  1.33 -0.8   0.53 -0.54 -0.36  0.21 -0.79] 
new state: [-0.16  0.98 11.01  1.72  1.11  2.02  0.19  1.38 -0.49  0.88  1.67 -0.46
  1.33 -0.8   0.53 -0.54 -0.36  0.21 -0.79] 
new state: [-0.16  0.99 11.01  1.72  1.11  2.02  0.19  1.38 -0.48  0.88  1.67 -0.46
  1.33 -0.8   0.53 -0.54 -0.36  0.21 -0.79] 
new state: [-0.16  0.99 11.01  1.72  1.11  2.02  0.19  1.38 -0.48  0.88  1.67 -0.46
  1.33 -0.8   0.53 -0.54 -0.36  0.22 -0.78] 
new state: [-0.16  0.99 11.01  1.72  1.11  2.02  0.19  1.38 -0.48  0.88  1.67 -0.46
  1.33 -0.8   0.53 -0.53 -0.36  0.22 -0.78] 
new state: [-0.16  0.99 11.01  1.72  1.11  2.02  0.19  1.39 -0.48  0.88  1.67 -0.46
  1.33 -0.8   0.53 -0.53 -0.35  0.22 -0.78] 
new state: [-0.15  1.   11.01  1.72  1.11  2.02  0.19  1.39 -0.47  0.88  1.67 -0.46
  1.33 -0.8   0.53 -0.53 -0.35  0.22 -0.78] 
new state: [-0.15  1.   11.01  1.72  1.11  2.02  0.19  1.39 -0.47  0.88  1.67 -0.46
  1.33 -0.8   0.53 -0.53 -0.35  0.22 -0.78] 
new state: [-0.15  1.   11.01  1.72  1.11  2.02  0.19  1.39 -0.47  0.88  1.67 -0.46
  1.33 -0.8   0.53 -0.53 -0.35  0.23 -0.77] 
new state: [-0.15  1.   11.01  1.72  1.11  2.02  0.19  1.39 -0.47  0.88  1.67 -0.46
  1.33 -0.8   0.53 -0.52 -0.34  0.23 -0.77] 
new state: [-0.14  1.   11.01  1.72  1.11  2.02  0.19  1.4  -0.47  0.88  1.67 -0.46
  1.33 -0.8   0.53 -0.52 -0.34  0.23 -0.77] 
new state: [-0.14  1.01 11.01  1.72  1.11  2.02  0.19  1.4  -0.46  0.88  1.67 -0.46
  1.33 -0.8   0.53 -0.52 -0.34  0.23 -0.77] 
new state: [-0.14  1.01 11.01  1.72  1.11  2.02  0.19  1.4  -0.46  0.88  1.67 -0.46
  1.33 -0.8   0.53 -0.52 -0.34  0.23 -0.77] 
new state: [-0.14  1.01 11.01  1.72  1.11  2.02  0.19  1.4  -0.46  0.88  1.67 -0.46
  1.33 -0.8   0.53 -0.51 -0.34  0.24 -0.76] 
new state: [-0.13  1.01 11.01  1.72  1.11  2.02  0.19  1.41 -0.46  0.88  1.67 -0.46
  1.33 -0.8   0.53 -0.51 -0.33  0.24 -0.76] 
new state: [-0.13  1.01 11.01  1.72  1.11  2.02  0.19  1.41 -0.46  0.88  1.67 -0.46
  1.33 -0.8   0.53 -0.51 -0.33  0.24 -0.76] 
new state: [-0.13  1.02 11.01  1.72  1.11  2.02  0.19  1.41 -0.45  0.88  1.67 -0.46
  1.33 -0.8   0.53 -0.51 -0.33  0.24 -0.76] 
new state: [-0.12  1.02 11.01  1.72  1.11  2.02  0.19  1.41 -0.45  0.88  1.67 -0.46
  1.33 -0.8   0.53 -0.5  -0.33  0.25 -0.75] 
new state: [-0.12  1.02 11.01  1.72  1.11  2.02  0.19  1.42 -0.45  0.88  1.67 -0.46
  1.33 -0.8   0.53 -0.5  -0.33  0.25 -0.75] 
new state: [-0.11  1.02 11.01  1.72  1.11  2.02  0.19  1.42 -0.45  0.88  1.67 -0.46
  1.33 -0.8   0.53 -0.5  -0.32  0.25 -0.75] 
new state: [-0.11  1.03 11.01  1.72  1.11  2.02  0.19  1.42 -0.45  0.88  1.67 -0.46
  1.33 -0.8   0.53 -0.5  -0.32  0.25 -0.75] 
new state: [-0.1   1.03 11.01  1.72  1.11  2.02  0.19  1.42 -0.45  0.88  1.67 -0.46
  1.33 -0.8   0.53 -0.49 -0.32  0.25 -0.75] 
new state: [-0.1   1.03 11.01  1.72  1.11  2.02  0.19  1.43 -0.45  0.88  1.67 -0.46
  1.33 -0.8   0.53 -0.49 -0.31  0.26 -0.75] 
new state: [-0.09  1.03 11.01  1.72  1.11  2.02  0.19  1.43 -0.45  0.88  1.67 -0.46
  1.33 -0.8   0.53 -0.49 -0.31  0.26 -0.75] 
new state: [-0.09  1.04 11.01  1.72  1.11  2.02  0.19  1.43 -0.45  0.88  1.67 -0.46
  1.33 -0.8   0.53 -0.49 -0.31  0.26 -0.74] 
new state: [-0.08  1.04 11.01  1.72  1.11  2.02  0.19  1.43 -0.45  0.88  1.67 -0.46
  1.33 -0.8   0.53 -0.48 -0.31  0.26 -0.74] 
new state: [-0.08  1.04 11.01  1.72  1.11  2.02  0.19  1.44 -0.45  0.88  1.67 -0.46
  1.33 -0.8   0.53 -0.48 -0.3   0.27 -0.74] 
new state: [-0.07  1.04 11.01  1.72  1.11  2.02  0.19  1.44 -0.45  0.88  1.67 -0.46
  1.33 -0.8   0.53 -0.48 -0.3   0.27 -0.74] 
new state: [-0.07  1.04 11.    1.72  1.11  2.02  0.19  1.44 -0.45  0.88  1.67 -0.46
  1.33 -0.8   0.53 -0.47 -0.3   0.27 -0.74] 
new state: [-0.07  1.04 11.    1.72  1.11  2.02  0.19  1.44 -0.45  0.88  1.67 -0.46
  1.33 -0.8   0.53 -0.47 -0.3   0.27 -0.73] 
new state: [-0.06  1.04 11.    1.72  1.11  2.02  0.19  1.45 -0.45  0.88  1.67 -0.46
  1.33 -0.8   0.53 -0.47 -0.3   0.28 -0.73] 
new state: [-0.06  1.05 11.    1.72  1.11  2.02  0.19  1.45 -0.45  0.88  1.67 -0.46
  1.33 -0.8   0.53 -0.46 -0.3   0.28 -0.73] 
new state: [-0.06  1.05 11.    1.72  1.11  2.02  0.19  1.45 -0.45  0.88  1.67 -0.46
  1.33 -0.8   0.53 -0.46 -0.29  0.28 -0.73] 
new state: [-0.05  1.05 11.    1.72  1.11  2.02  0.19  1.46 -0.45  0.88  1.67 -0.46
  1.33 -0.8   0.53 -0.46 -0.29  0.28 -0.73] 
new state: [-0.05  1.05 11.    1.72  1.11  2.02  0.19  1.46 -0.45  0.88  1.67 -0.46
  1.33 -0.8   0.53 -0.46 -0.29  0.29 -0.73] 
new state: [-0.04  1.05 11.    1.72  1.11  2.02  0.19  1.46 -0.45  0.88  1.67 -0.46
  1.33 -0.8   0.53 -0.45 -0.29  0.29 -0.73] 
new state: [-0.04  1.05 11.    1.72  1.11  2.02  0.19  1.47 -0.45  0.88  1.67 -0.46
  1.33 -0.8   0.53 -0.45 -0.29  0.29 -0.73] 
new state: [-0.04  1.05 11.    1.72  1.11  2.02  0.19  1.47 -0.45  0.88  1.67 -0.46
  1.33 -0.8   0.53 -0.45 -0.29  0.3  -0.72] 
new state: [-0.03  1.05 11.    1.72  1.11  2.02  0.19  1.47 -0.45  0.88  1.67 -0.46
  1.33 -0.8   0.53 -0.44 -0.28  0.3  -0.72] 
new state: [-0.03  1.05 11.    1.72  1.11  2.02  0.19  1.47 -0.45  0.88  1.67 -0.46
  1.33 -0.8   0.53 -0.44 -0.28  0.3  -0.72] 
new state: [-0.03  1.06 11.    1.72  1.11  2.02  0.19  1.48 -0.45  0.88  1.67 -0.46
  1.33 -0.8   0.53 -0.44 -0.28  0.3  -0.72] 
new state: [-0.02  1.06 11.    1.72  1.11  2.02  0.19  1.48 -0.45  0.88  1.67 -0.46
  1.33 -0.8   0.53 -0.43 -0.28  0.31 -0.72] 
new state: [-0.02  1.06 11.    1.72  1.11  2.02  0.19  1.48 -0.44  0.88  1.67 -0.46
  1.33 -0.8   0.53 -0.43 -0.28  0.31 -0.72] 
new state: [-0.02  1.06 11.    1.72  1.11  2.02  0.19  1.49 -0.44  0.88  1.67 -0.46
  1.33 -0.8   0.53 -0.43 -0.28  0.31 -0.72] 
new state: [-1.00e-02  1.06e+00  1.10e+01  1.72e+00  1.11e+00  2.02e+00  1.90e-01
  1.49e+00 -4.40e-01  8.80e-01  1.67e+00 -4.60e-01  1.33e+00 -8.00e-01
  5.30e-01 -4.30e-01 -2.80e-01  3.10e-01 -7.20e-01] 
new state: [-1.00e-02  1.06e+00  1.10e+01  1.72e+00  1.11e+00  2.02e+00  1.90e-01
  1.49e+00 -4.40e-01  8.80e-01  1.67e+00 -4.60e-01  1.33e+00 -8.00e-01
  5.30e-01 -4.20e-01 -2.80e-01  3.20e-01 -7.20e-01] 
new state: [-1.00e-02  1.06e+00  1.10e+01  1.72e+00  1.11e+00  2.02e+00  1.90e-01
  1.49e+00 -4.40e-01  8.80e-01  1.67e+00 -4.60e-01  1.33e+00 -8.00e-01
  5.30e-01 -4.20e-01 -2.80e-01  3.20e-01 -7.20e-01] 
new state: [-0.    1.06 11.    1.72  1.11  2.02  0.19  1.5  -0.44  0.88  1.67 -0.46
  1.33 -0.8   0.53 -0.42 -0.27  0.32 -0.72] 
new state: [ 0.    1.06 11.    1.72  1.11  2.02  0.19  1.5  -0.44  0.88  1.67 -0.46
  1.33 -0.8   0.53 -0.41 -0.27  0.33 -0.72] 
new state: [ 0.    1.06 10.99  1.72  1.11  2.02  0.19  1.5  -0.44  0.88  1.67 -0.46
  1.33 -0.8   0.53 -0.41 -0.27  0.33 -0.72] 
new state: [ 1.000e-02  1.060e+00  1.099e+01  1.720e+00  1.110e+00  2.020e+00
  1.900e-01  1.500e+00 -4.400e-01  8.800e-01  1.670e+00 -4.600e-01
  1.330e+00 -8.000e-01  5.300e-01 -4.100e-01 -2.700e-01  3.300e-01
 -7.200e-01] 
new state: [ 1.000e-02  1.060e+00  1.099e+01  1.720e+00  1.110e+00  2.020e+00
  1.900e-01  1.510e+00 -4.400e-01  8.800e-01  1.670e+00 -4.600e-01
  1.330e+00 -8.000e-01  5.300e-01 -4.100e-01 -2.700e-01  3.300e-01
 -7.200e-01] 
new state: [ 1.000e-02  1.060e+00  1.099e+01  1.720e+00  1.110e+00  2.020e+00
  1.900e-01  1.510e+00 -4.400e-01  8.800e-01  1.670e+00 -4.600e-01
  1.330e+00 -8.000e-01  5.300e-01 -4.000e-01 -2.700e-01  3.400e-01
 -7.200e-01] 
new state: [ 0.02  1.06 10.99  1.72  1.11  2.02  0.19  1.51 -0.44  0.88  1.67 -0.46
  1.33 -0.8   0.53 -0.4  -0.27  0.34 -0.72] 
new state: [ 0.02  1.06 10.99  1.72  1.11  2.02  0.19  1.51 -0.44  0.88  1.67 -0.46
  1.33 -0.8   0.53 -0.4  -0.27  0.34 -0.71] 
new state: [ 0.02  1.06 10.99  1.72  1.11  2.02  0.19  1.52 -0.44  0.88  1.67 -0.46
  1.33 -0.8   0.53 -0.4  -0.27  0.34 -0.71] 
new state: [ 0.02  1.06 10.99  1.72  1.11  2.02  0.19  1.52 -0.44  0.88  1.67 -0.46
  1.33 -0.8   0.53 -0.39 -0.27  0.35 -0.71] 
new state: [ 0.03  1.06 10.99  1.72  1.11  2.02  0.19  1.52 -0.44  0.88  1.67 -0.46
  1.33 -0.8   0.53 -0.39 -0.27  0.35 -0.71] 
new state: [ 0.03  1.06 10.99  1.72  1.11  2.02  0.19  1.52 -0.44  0.88  1.67 -0.46
  1.33 -0.8   0.53 -0.39 -0.27  0.35 -0.71] 
new state: [ 0.03  1.06 10.99  1.72  1.11  2.02  0.19  1.53 -0.45  0.88  1.67 -0.46
  1.33 -0.8   0.53 -0.39 -0.27  0.35 -0.71] 
new state: [ 0.03  1.06 10.99  1.72  1.11  2.02  0.19  1.53 -0.45  0.88  1.67 -0.46
  1.33 -0.8   0.53 -0.38 -0.27  0.36 -0.71] 
new state: [ 0.04  1.06 10.99  1.72  1.11  2.02  0.19  1.53 -0.45  0.88  1.67 -0.46
  1.33 -0.8   0.53 -0.38 -0.27  0.36 -0.71] 
new state: [ 0.04  1.06 10.99  1.72  1.11  2.02  0.19  1.53 -0.45  0.88  1.67 -0.46
  1.33 -0.8   0.53 -0.38 -0.27  0.36 -0.72] 
new state: [ 0.04  1.06 10.99  1.72  1.11  2.02  0.19  1.54 -0.45  0.88  1.67 -0.46
  1.33 -0.8   0.53 -0.38 -0.27  0.36 -0.72] 
new state: [ 0.04  1.06 10.99  1.72  1.11  2.02  0.19  1.54 -0.45  0.88  1.67 -0.46
  1.33 -0.8   0.53 -0.37 -0.27  0.36 -0.72] 
new state: [ 0.04  1.06 10.99  1.72  1.11  2.02  0.19  1.54 -0.45  0.88  1.67 -0.46
  1.33 -0.8   0.53 -0.37 -0.27  0.37 -0.72] 
new state: [ 0.05  1.06 10.99  1.72  1.11  2.02  0.19  1.54 -0.45  0.88  1.67 -0.46
  1.33 -0.8   0.53 -0.37 -0.27  0.37 -0.72] 
new state: [ 0.05  1.06 10.99  1.72  1.11  2.02  0.19  1.54 -0.45  0.88  1.67 -0.46
  1.33 -0.8   0.53 -0.37 -0.27  0.37 -0.72] 
new state: [ 0.05  1.06 10.99  1.72  1.11  2.02  0.19  1.55 -0.45  0.88  1.67 -0.46
  1.33 -0.8   0.53 -0.37 -0.27  0.37 -0.72] 
new state: [ 0.05  1.06 10.99  1.72  1.11  2.02  0.19  1.55 -0.45  0.88  1.67 -0.46
  1.33 -0.8   0.53 -0.36 -0.27  0.37 -0.72] 
new state: [ 0.05  1.06 10.99  1.72  1.11  2.02  0.19  1.55 -0.45  0.88  1.67 -0.46
  1.33 -0.8   0.53 -0.36 -0.27  0.38 -0.72] 
new state: [ 0.06  1.06 10.99  1.72  1.11  2.02  0.19  1.55 -0.45  0.88  1.67 -0.46
  1.33 -0.8   0.53 -0.36 -0.27  0.38 -0.72] 
new state: [ 0.06  1.06 10.99  1.72  1.11  2.02  0.19  1.55 -0.45  0.88  1.67 -0.46
  1.33 -0.8   0.53 -0.36 -0.27  0.38 -0.72] 
new state: [ 0.06  1.06 10.99  1.72  1.11  2.02  0.19  1.55 -0.45  0.88  1.67 -0.46
  1.33 -0.8   0.53 -0.36 -0.27  0.38 -0.72] 
new state: [ 0.06  1.05 10.99  1.72  1.11  2.02  0.19  1.56 -0.45  0.88  1.67 -0.46
  1.33 -0.8   0.53 -0.36 -0.27  0.38 -0.72] 
new state: [ 0.06  1.05 10.99  1.72  1.11  2.02  0.19  1.56 -0.45  0.88  1.67 -0.46
  1.33 -0.8   0.53 -0.35 -0.27  0.38 -0.72] 
new state: [ 0.06  1.05 10.99  1.72  1.11  2.02  0.19  1.56 -0.45  0.88  1.67 -0.46
  1.33 -0.8   0.53 -0.35 -0.27  0.39 -0.72] 
new state: [ 0.06  1.05 10.99  1.72  1.11  2.02  0.19  1.56 -0.45  0.88  1.67 -0.46
  1.33 -0.8   0.53 -0.35 -0.27  0.39 -0.72] 
new state: [ 0.06  1.05 10.99  1.72  1.11  2.02  0.19  1.56 -0.45  0.88  1.67 -0.46
  1.33 -0.8   0.53 -0.35 -0.28  0.39 -0.72] 
new state: [ 0.07  1.05 10.99  1.72  1.11  2.02  0.19  1.56 -0.46  0.88  1.67 -0.46
  1.33 -0.8   0.53 -0.35 -0.28  0.39 -0.72] 
new state: [ 0.07  1.05 10.99  1.72  1.11  2.02  0.19  1.57 -0.46  0.88  1.67 -0.46
  1.33 -0.8   0.53 -0.35 -0.28  0.39 -0.72] 
new state: [ 0.07  1.05 10.99  1.72  1.11  2.02  0.19  1.57 -0.46  0.88  1.67 -0.46
  1.33 -0.8   0.53 -0.35 -0.28  0.39 -0.73] 
new state: [ 0.07  1.05 10.99  1.72  1.11  2.02  0.19  1.57 -0.46  0.88  1.67 -0.46
  1.33 -0.8   0.53 -0.34 -0.28  0.39 -0.73] 
new state: [ 0.07  1.05 10.99  1.72  1.11  2.02  0.19  1.57 -0.46  0.88  1.67 -0.46
  1.33 -0.8   0.53 -0.34 -0.28  0.39 -0.73] 
new state: [ 0.07  1.05 10.99  1.72  1.11  2.02  0.19  1.57 -0.46  0.88  1.67 -0.46
  1.33 -0.8   0.53 -0.34 -0.28  0.4  -0.73] 
new state: [ 0.07  1.04 10.99  1.72  1.11  2.02  0.19  1.57 -0.46  0.88  1.67 -0.46
  1.33 -0.8   0.53 -0.34 -0.28  0.4  -0.73] 
new state: [ 0.07  1.04 10.99  1.72  1.11  2.02  0.19  1.57 -0.46  0.88  1.67 -0.46
  1.33 -0.8   0.53 -0.34 -0.28  0.4  -0.73] 
new state: [ 0.07  1.04 10.99  1.72  1.11  2.02  0.19  1.57 -0.46  0.88  1.67 -0.46
  1.33 -0.8   0.53 -0.34 -0.28  0.4  -0.73] 
new state: [ 0.07  1.04 10.99  1.72  1.11  2.02  0.19  1.57 -0.46  0.88  1.67 -0.46
  1.33 -0.8   0.53 -0.34 -0.28  0.4  -0.73] 
new state: [ 0.07  1.04 10.99  1.72  1.11  2.02  0.19  1.57 -0.46  0.88  1.67 -0.46
  1.33 -0.8   0.53 -0.34 -0.29  0.4  -0.73] 
new state: [ 0.07  1.04 10.99  1.72  1.11  2.02  0.19  1.58 -0.46  0.88  1.67 -0.46
  1.33 -0.8   0.53 -0.34 -0.29  0.4  -0.73] 
new state: [ 0.07  1.04 10.99  1.72  1.11  2.02  0.19  1.58 -0.47  0.88  1.67 -0.46
  1.33 -0.8   0.53 -0.34 -0.29  0.4  -0.74] 
new state: [ 0.07  1.04 10.99  1.72  1.11  2.02  0.19  1.58 -0.47  0.88  1.67 -0.46
  1.33 -0.8   0.53 -0.34 -0.29  0.4  -0.74] 
new state: [ 0.07  1.04 10.99  1.72  1.11  2.02  0.19  1.58 -0.47  0.88  1.67 -0.46
  1.33 -0.8   0.53 -0.34 -0.29  0.4  -0.74] 
new state: [ 0.07  1.03 10.99  1.72  1.11  2.02  0.19  1.58 -0.47  0.88  1.67 -0.46
  1.33 -0.8   0.53 -0.33 -0.29  0.4  -0.74] 
new state: [ 0.07  1.03 10.99  1.72  1.11  2.02  0.19  1.58 -0.47  0.88  1.67 -0.46
  1.33 -0.8   0.53 -0.33 -0.29  0.4  -0.74] 
new state: [ 0.07  1.03 10.99  1.72  1.11  2.02  0.19  1.58 -0.47  0.88  1.67 -0.46
  1.33 -0.8   0.53 -0.33 -0.29  0.4  -0.74] 
new state: [ 0.07  1.03 10.99  1.72  1.11  2.02  0.19  1.58 -0.47  0.88  1.67 -0.46
  1.33 -0.8   0.53 -0.33 -0.29  0.41 -0.74] 
new state: [ 0.07  1.03 10.99  1.72  1.11  2.02  0.19  1.58 -0.47  0.88  1.67 -0.46
  1.33 -0.8   0.53 -0.33 -0.3   0.41 -0.74] 
new state: [ 0.07  1.03 10.99  1.72  1.11  2.02  0.19  1.58 -0.47  0.88  1.67 -0.46
  1.33 -0.8   0.53 -0.33 -0.3   0.41 -0.74] 
new state: [ 0.07  1.03 10.99  1.72  1.11  2.02  0.19  1.58 -0.47  0.88  1.67 -0.46
  1.33 -0.8   0.53 -0.33 -0.3   0.41 -0.75] 
new state: [ 0.07  1.03 10.99  1.72  1.11  2.02  0.19  1.58 -0.47  0.88  1.67 -0.46
  1.33 -0.8   0.53 -0.33 -0.3   0.41 -0.75] 
new state: [ 0.07  1.02 10.99  1.72  1.11  2.02  0.19  1.58 -0.48  0.88  1.67 -0.46
  1.33 -0.8   0.53 -0.33 -0.3   0.41 -0.75] 
new state: [ 0.07  1.02 10.99  1.72  1.11  2.02  0.19  1.58 -0.48  0.88  1.67 -0.46
  1.33 -0.8   0.53 -0.33 -0.3   0.41 -0.75] 
new state: [ 0.07  1.02 10.99  1.72  1.11  2.02  0.19  1.58 -0.48  0.88  1.67 -0.46
  1.33 -0.8   0.53 -0.33 -0.3   0.41 -0.75] 
new state: [ 0.07  1.02 10.99  1.72  1.11  2.02  0.19  1.58 -0.48  0.88  1.67 -0.46
  1.33 -0.8   0.53 -0.33 -0.3   0.41 -0.75] 
new state: [ 0.07  1.02 10.99  1.72  1.11  2.02  0.19  1.58 -0.48  0.88  1.67 -0.46
  1.33 -0.8   0.53 -0.33 -0.31  0.41 -0.75] 
new state: [ 0.07  1.02 10.99  1.72  1.11  2.02  0.19  1.58 -0.48  0.88  1.67 -0.46
  1.33 -0.8   0.53 -0.33 -0.31  0.41 -0.75] 
new state: [ 0.07  1.02 10.99  1.72  1.11  2.02  0.19  1.58 -0.48  0.88  1.67 -0.46
  1.33 -0.8   0.53 -0.33 -0.31  0.41 -0.75] 
new state: [ 0.07  1.02 11.    1.72  1.11  2.02  0.19  1.58 -0.48  0.88  1.67 -0.46
  1.33 -0.8   0.53 -0.33 -0.31  0.41 -0.76] 
new state: [ 0.07  1.01 11.    1.72  1.11  2.02  0.19  1.58 -0.48  0.88  1.67 -0.46
  1.33 -0.8   0.53 -0.33 -0.31  0.41 -0.76] 
new state: [ 0.07  1.01 11.    1.72  1.11  2.02  0.19  1.58 -0.48  0.88  1.67 -0.46
  1.33 -0.8   0.53 -0.33 -0.31  0.41 -0.76] 
new state: [ 0.07  1.01 11.    1.72  1.11  2.02  0.19  1.58 -0.49  0.88  1.67 -0.46
  1.33 -0.8   0.53 -0.33 -0.31  0.41 -0.76] 
new state: [ 0.07  1.01 11.    1.72  1.11  2.02  0.19  1.58 -0.49  0.88  1.67 -0.46
  1.33 -0.8   0.53 -0.33 -0.31  0.41 -0.76] 
new state: [ 0.07  1.01 11.    1.72  1.11  2.02  0.19  1.58 -0.49  0.88  1.67 -0.46
  1.33 -0.8   0.53 -0.34 -0.32  0.4  -0.76] 
new state: [ 0.06  1.01 11.    1.72  1.11  2.02  0.19  1.58 -0.49  0.88  1.67 -0.46
  1.33 -0.8   0.53 -0.34 -0.32  0.4  -0.76] 
new state: [ 0.06  1.01 11.    1.72  1.11  2.02  0.19  1.58 -0.49  0.88  1.67 -0.46
  1.33 -0.8   0.53 -0.34 -0.32  0.4  -0.76] 
new state: [ 0.06  1.01 11.    1.72  1.11  2.02  0.19  1.58 -0.49  0.88  1.67 -0.46
  1.33 -0.8   0.53 -0.34 -0.32  0.4  -0.76] 
new state: [ 0.06  1.01 11.    1.72  1.11  2.02  0.19  1.58 -0.49  0.88  1.67 -0.46
  1.33 -0.8   0.53 -0.34 -0.32  0.4  -0.77] 
new state: [ 0.06  1.   11.    1.72  1.11  2.02  0.19  1.58 -0.49  0.88  1.67 -0.46
  1.33 -0.8   0.53 -0.34 -0.32  0.4  -0.77] 
new state: [ 0.06  1.   11.    1.72  1.11  2.02  0.19  1.57 -0.49  0.88  1.67 -0.46
  1.33 -0.8   0.53 -0.34 -0.32  0.4  -0.77] 
new state: [ 0.06  1.   11.    1.72  1.11  2.02  0.19  1.57 -0.49  0.88  1.67 -0.46
  1.33 -0.8   0.53 -0.34 -0.32  0.4  -0.77] 
new state: [ 0.06  1.   11.    1.72  1.11  2.02  0.19  1.57 -0.5   0.88  1.67 -0.46
  1.33 -0.8   0.53 -0.34 -0.33  0.4  -0.77] 
new state: [ 0.06  1.   11.    1.72  1.11  2.02  0.19  1.57 -0.5   0.88  1.67 -0.46
  1.33 -0.8   0.53 -0.34 -0.33  0.4  -0.77] 
new state: [ 0.06  1.   11.    1.72  1.11  2.02  0.19  1.57 -0.5   0.88  1.67 -0.46
  1.33 -0.8   0.53 -0.34 -0.33  0.4  -0.77] 
new state: [ 0.05  1.   11.    1.72  1.11  2.02  0.19  1.57 -0.5   0.88  1.67 -0.46
  1.33 -0.8   0.53 -0.34 -0.33  0.4  -0.77] 
new state: [ 0.05  1.   11.    1.72  1.11  2.02  0.19  1.57 -0.5   0.88  1.67 -0.46
  1.33 -0.8   0.53 -0.34 -0.33  0.4  -0.77] 
new state: [ 0.05  1.   11.    1.72  1.11  2.02  0.19  1.57 -0.5   0.88  1.67 -0.46
  1.33 -0.8   0.53 -0.34 -0.33  0.4  -0.77] 
new state: [ 0.05  0.99 11.    1.72  1.11  2.02  0.19  1.57 -0.5   0.88  1.67 -0.46
  1.33 -0.8   0.53 -0.35 -0.33  0.39 -0.78] 
new state: [ 0.05  0.99 11.    1.72  1.11  2.02  0.19  1.57 -0.5   0.88  1.67 -0.46
  1.33 -0.8   0.53 -0.35 -0.33  0.39 -0.78] 
new state: [ 0.05  0.99 11.    1.72  1.11  2.02  0.19  1.57 -0.5   0.88  1.67 -0.46
  1.33 -0.8   0.53 -0.35 -0.33  0.39 -0.78] 
move to way point [0.         0.         4.71238898]
new state: [ 0.05  0.96 11.    1.72  1.11  2.02  0.19  1.57 -0.51  0.88  1.67 -0.46
  1.33 -0.8   0.53 -0.35 -0.34  0.39 -0.79] 
new state: [ 0.05  0.94 11.    1.72  1.11  2.02  0.19  1.56 -0.52  0.88  1.67 -0.46
  1.33 -0.8   0.53 -0.35 -0.35  0.39 -0.79] 
new state: [ 0.05  0.93 11.    1.72  1.11  2.02  0.19  1.56 -0.53  0.88  1.67 -0.46
  1.33 -0.8   0.53 -0.35 -0.36  0.39 -0.8 ] 
new state: [ 0.05  0.91 11.    1.72  1.11  2.02  0.19  1.56 -0.54  0.88  1.67 -0.46
  1.33 -0.8   0.53 -0.35 -0.37  0.39 -0.82] 
new state: [ 0.05  0.9  11.    1.72  1.11  2.02  0.19  1.56 -0.55  0.88  1.67 -0.46
  1.33 -0.8   0.53 -0.35 -0.38  0.39 -0.83] 
new state: [ 0.05  0.88 11.    1.72  1.11  2.02  0.19  1.56 -0.57  0.88  1.67 -0.46
  1.33 -0.8   0.53 -0.35 -0.4   0.39 -0.84] 
new state: [ 0.05  0.87 11.    1.72  1.11  2.02  0.19  1.56 -0.58  0.88  1.67 -0.46
  1.33 -0.8   0.53 -0.35 -0.41  0.39 -0.85] 
new state: [ 0.04  0.86 11.    1.72  1.11  2.02  0.19  1.57 -0.6   0.88  1.67 -0.46
  1.33 -0.8   0.53 -0.36 -0.43  0.39 -0.87] 
new state: [ 0.04  0.84 11.    1.72  1.11  2.02  0.19  1.57 -0.6   0.88  1.67 -0.46
  1.33 -0.8   0.53 -0.36 -0.45  0.39 -0.88] 
new state: [ 0.04  0.8  11.    1.72  1.11  2.02  0.19  1.57 -0.61  0.88  1.67 -0.46
  1.33 -0.8   0.53 -0.36 -0.44  0.39 -0.9 ] 
new state: [ 0.03  0.8  11.    1.72  1.11  2.02  0.19  1.59 -0.63  0.88  1.67 -0.46
  1.33 -0.8   0.53 -0.37 -0.45  0.38 -0.89] 
new state: [ 0.03  0.76 11.    1.72  1.11  2.02  0.19  1.59 -0.63  0.88  1.67 -0.46
  1.33 -0.8   0.53 -0.37 -0.45  0.38 -0.89] 
new state: [ 0.04  0.71 11.    1.72  1.11  2.02  0.19  1.58 -0.62  0.88  1.67 -0.46
  1.33 -0.8   0.53 -0.37 -0.45  0.38 -0.9 ] 
new state: [ 0.03  0.67 11.    1.72  1.11  2.02  0.19  1.58 -0.62  0.88  1.67 -0.46
  1.33 -0.8   0.53 -0.37 -0.45  0.38 -0.89] 
new state: [ 0.04  0.65 11.    1.72  1.11  2.02  0.19  1.58 -0.62  0.88  1.67 -0.46
  1.33 -0.8   0.53 -0.38 -0.47  0.38 -0.89] 
new state: [ 0.02  0.53 11.    1.72  1.11  2.02  0.19  1.58 -0.62  0.88  1.67 -0.46
  1.33 -0.8   0.53 -0.37 -0.45  0.39 -0.86] 
new state: [ 0.02  0.45 11.    1.72  1.11  2.02  0.19  1.58 -0.62  0.88  1.67 -0.46
  1.33 -0.8   0.53 -0.37 -0.44  0.39 -0.86] 
new state: [ 1.00e-02  4.10e-01  1.10e+01  1.72e+00  1.11e+00  2.02e+00  1.90e-01
  1.58e+00 -6.20e-01  8.80e-01  1.67e+00 -4.60e-01  1.33e+00 -8.00e-01
  5.30e-01 -3.70e-01 -4.30e-01  3.90e-01 -8.60e-01] 
new state: [ 1.00e-02  3.70e-01  1.10e+01  1.72e+00  1.11e+00  2.02e+00  1.90e-01
  1.58e+00 -6.20e-01  8.80e-01  1.67e+00 -4.60e-01  1.33e+00 -8.00e-01
  5.30e-01 -3.70e-01 -4.30e-01  3.90e-01 -8.50e-01] 
new state: [ 1.00e-02  3.40e-01  1.10e+01  1.72e+00  1.11e+00  2.02e+00  1.90e-01
  1.58e+00 -6.20e-01  8.80e-01  1.67e+00 -4.60e-01  1.33e+00 -8.00e-01
  5.30e-01 -3.60e-01 -4.30e-01  3.90e-01 -8.50e-01] 
new state: [ 0.    0.31 11.    1.72  1.11  2.02  0.19  1.58 -0.62  0.88  1.67 -0.46
  1.33 -0.8   0.53 -0.36 -0.43  0.4  -0.85] 
new state: [ 0.    0.28 11.    1.72  1.11  2.02  0.19  1.58 -0.62  0.88  1.67 -0.46
  1.33 -0.8   0.53 -0.36 -0.43  0.4  -0.85] 
new state: [-0.    0.25 11.    1.72  1.11  2.02  0.19  1.58 -0.62  0.88  1.67 -0.46
  1.33 -0.8   0.53 -0.36 -0.44  0.4  -0.85] 
new state: [-0.    0.22 11.    1.72  1.11  2.02  0.19  1.58 -0.62  0.88  1.67 -0.46
  1.33 -0.8   0.53 -0.36 -0.44  0.4  -0.86] 
new state: [-0.    0.19 11.    1.72  1.11  2.02  0.19  1.58 -0.62  0.88  1.67 -0.46
  1.33 -0.8   0.53 -0.36 -0.44  0.4  -0.86] 
new state: [-0.    0.17 11.    1.72  1.11  2.02  0.19  1.58 -0.62  0.88  1.67 -0.46
  1.33 -0.8   0.53 -0.36 -0.45  0.4  -0.86] 
new state: [-0.    0.14 11.    1.72  1.11  2.02  0.19  1.58 -0.62  0.88  1.67 -0.46
  1.33 -0.8   0.53 -0.36 -0.45  0.4  -0.86] 
new state: [-0.    0.11 11.    1.72  1.11  2.02  0.19  1.58 -0.62  0.88  1.67 -0.46
  1.33 -0.8   0.53 -0.36 -0.45  0.4  -0.86] 
new state: [-0.    0.09 11.    1.72  1.11  2.02  0.19  1.58 -0.62  0.88  1.67 -0.46
  1.33 -0.8   0.53 -0.36 -0.45  0.4  -0.86] 
new state: [-0.    0.06 11.    1.72  1.11  2.02  0.19  1.58 -0.62  0.88  1.67 -0.46
  1.33 -0.8   0.53 -0.37 -0.45  0.4  -0.86] 
new state: [-0.    0.03 11.    1.72  1.11  2.02  0.19  1.58 -0.62  0.88  1.67 -0.46
  1.33 -0.8   0.53 -0.37 -0.45  0.4  -0.86] 
move to way point [0. 0. 0.]
new state: [-0.02  0.03 11.06  1.72  1.11  2.02  0.19  1.58 -0.62  0.88  1.67 -0.46
  1.33 -0.8   0.53 -0.36 -0.46  0.41 -0.85] 
new state: [-3.000e-02  1.000e-02  1.112e+01  1.720e+00  1.110e+00  2.020e+00
  1.900e-01  1.580e+00 -6.200e-01  8.800e-01  1.670e+00 -4.600e-01
  1.330e+00 -8.000e-01  5.300e-01 -3.600e-01 -4.600e-01  4.200e-01
 -8.300e-01] 
new state: [-0.05 -0.   11.18  1.72  1.11  2.02  0.19  1.58 -0.62  0.88  1.67 -0.46
  1.33 -0.8   0.53 -0.35 -0.47  0.44 -0.81] 
new state: [-0.07 -0.02 11.23  1.72  1.11  2.02  0.19  1.58 -0.62  0.88  1.67 -0.46
  1.33 -0.8   0.53 -0.35 -0.48  0.45 -0.78] 
new state: [-0.08 -0.04 11.29  1.72  1.11  2.02  0.19  1.58 -0.62  0.88  1.67 -0.46
  1.33 -0.8   0.53 -0.34 -0.49  0.47 -0.75] 
new state: [-0.1  -0.06 11.35  1.72  1.11  2.02  0.19  1.58 -0.62  0.88  1.67 -0.46
  1.33 -0.8   0.53 -0.34 -0.5   0.49 -0.72] 
new state: [-0.11 -0.07 11.4   1.72  1.11  2.02  0.19  1.58 -0.62  0.88  1.67 -0.46
  1.33 -0.8   0.53 -0.33 -0.51  0.5  -0.69] 
new state: [-0.12 -0.09 11.45  1.72  1.11  2.02  0.19  1.58 -0.62  0.88  1.67 -0.46
  1.33 -0.8   0.53 -0.34 -0.51  0.52 -0.65] 
new state: [-0.12 -0.11 11.51  1.72  1.11  2.02  0.19  1.58 -0.62  0.88  1.67 -0.46
  1.33 -0.8   0.53 -0.34 -0.52  0.53 -0.63] 
new state: [-0.12 -0.12 11.56  1.72  1.11  2.02  0.19  1.58 -0.62  0.88  1.67 -0.46
  1.33 -0.8   0.53 -0.34 -0.52  0.54 -0.61] 
new state: [-0.12 -0.12 11.61  1.72  1.11  2.02  0.19  1.58 -0.62  0.88  1.67 -0.46
  1.33 -0.8   0.53 -0.34 -0.52  0.54 -0.6 ] 
new state: [-0.11 -0.11 11.67  1.72  1.11  2.02  0.19  1.58 -0.62  0.88  1.67 -0.46
  1.33 -0.8   0.53 -0.34 -0.52  0.54 -0.6 ] 
new state: [-0.1  -0.11 11.72  1.72  1.11  2.02  0.19  1.58 -0.62  0.88  1.67 -0.46
  1.33 -0.8   0.53 -0.34 -0.52  0.54 -0.6 ] 
new state: [-0.09 -0.09 11.78  1.72  1.11  2.02  0.19  1.58 -0.62  0.88  1.67 -0.46
  1.33 -0.8   0.53 -0.34 -0.52  0.53 -0.61] 
new state: [-0.07 -0.07 11.83  1.72  1.11  2.02  0.19  1.58 -0.62  0.88  1.67 -0.46
  1.33 -0.8   0.53 -0.34 -0.52  0.52 -0.62] 
new state: [-0.06 -0.06 11.89  1.72  1.11  2.02  0.19  1.58 -0.62  0.88  1.67 -0.46
  1.33 -0.8   0.53 -0.34 -0.52  0.51 -0.63] 
new state: [-0.05 -0.04 11.94  1.72  1.11  2.02  0.19  1.58 -0.62  0.88  1.67 -0.46
  1.33 -0.8   0.53 -0.34 -0.52  0.51 -0.64] 
new state: [-0.04 -0.03 11.99  1.72  1.11  2.02  0.19  1.58 -0.62  0.88  1.67 -0.46
  1.33 -0.8   0.53 -0.34 -0.52  0.5  -0.65] 
new state: [-0.04 -0.02 12.05  1.72  1.11  2.02  0.19  1.58 -0.62  0.88  1.67 -0.46
  1.33 -0.8   0.53 -0.34 -0.52  0.5  -0.66] 
new state: [-3.00e-02 -1.00e-02  1.21e+01  1.72e+00  1.11e+00  2.02e+00  1.90e-01
  1.58e+00 -6.20e-01  8.80e-01  1.67e+00 -4.60e-01  1.33e+00 -8.00e-01
  5.30e-01 -3.40e-01 -5.20e-01  5.00e-01 -6.60e-01] 
new state: [ 0.02 -0.1  12.15  1.73  1.1   1.81  0.65  1.62 -0.7   0.89  1.65 -0.45
  1.3  -0.78  0.49 -0.3  -0.61  0.54 -0.76] 
new state: [ 1.00e-02 -8.00e-02  1.22e+01  1.73e+00  1.10e+00  1.82e+00  6.60e-01
  1.62e+00 -7.00e-01  8.90e-01  1.65e+00 -4.50e-01  1.30e+00 -7.80e-01
  4.90e-01 -3.00e-01 -6.10e-01  5.40e-01 -7.70e-01] 
new state: [ 0.02 -0.07 12.25  1.73  1.1   1.82  0.66  1.62 -0.7   0.89  1.65 -0.45
  1.3  -0.78  0.49 -0.3  -0.61  0.53 -0.77] 
new state: [ 0.03 -0.06 12.3   1.73  1.1   1.82  0.66  1.62 -0.7   0.89  1.65 -0.45
  1.3  -0.78  0.49 -0.3  -0.61  0.53 -0.78] 
new state: [ 0.04 -0.05 12.34  1.73  1.1   1.82  0.66  1.62 -0.7   0.89  1.65 -0.45
  1.3  -0.78  0.49 -0.3  -0.61  0.52 -0.79] 
new state: [ 2.000e-02  1.000e-02  1.239e+01  1.730e+00  1.100e+00  1.870e+00
  5.900e-01  1.620e+00 -7.000e-01  8.900e-01  1.650e+00 -4.500e-01
  1.300e+00 -7.800e-01  4.900e-01 -3.000e-01 -6.100e-01  4.900e-01
 -7.700e-01] 
new state: [ 1.000e-02  3.000e-02  1.243e+01  1.730e+00  1.100e+00  1.890e+00
  5.500e-01  1.620e+00 -7.000e-01  8.900e-01  1.650e+00 -4.500e-01
  1.300e+00 -7.800e-01  4.900e-01 -3.000e-01 -6.100e-01  4.900e-01
 -7.600e-01] 
new state: [ 0.    0.06 12.52  1.73  1.1   1.9   0.52  1.62 -0.7   0.89  1.65 -0.45
  1.3  -0.78  0.49 -0.3  -0.61  0.49 -0.76] 
new state: [ 1.00e-02  7.00e-02  1.26e+01  1.64e+00  1.41e+00  1.93e+00  3.90e-01
  1.63e+00 -7.50e-01  8.90e-01  1.65e+00 -4.50e-01  1.29e+00 -7.80e-01
  4.70e-01 -2.80e-01 -6.60e-01  5.00e-01 -8.10e-01] 
new state: [ 0.    0.1  12.63  1.63  1.42  1.94  0.35  1.63 -0.76  0.89  1.65 -0.45
  1.29 -0.78  0.47 -0.28 -0.66  0.5  -0.82] 
new state: [-0.    0.13 12.67  1.64  1.42  1.95  0.33  1.63 -0.76  0.89  1.65 -0.45
  1.29 -0.78  0.47 -0.28 -0.66  0.5  -0.82] 
new state: [-1.00e-02  1.50e-01  1.27e+01  1.65e+00  1.41e+00  1.94e+00  3.00e-01
  1.63e+00 -7.60e-01  8.90e-01  1.65e+00 -4.50e-01  1.29e+00 -7.80e-01
  4.70e-01 -2.80e-01 -6.60e-01  5.00e-01 -8.20e-01] 
new state: [ 1.000e-02  1.000e-01  1.273e+01  1.690e+00  1.340e+00  1.960e+00
  2.100e-01  1.470e+00 -6.100e-01  9.900e-01  1.800e+00 -4.500e-01
  1.290e+00 -7.900e-01  4.700e-01 -2.900e-01 -7.000e-01  5.200e-01
 -8.700e-01] 
new state: [ 1.000e-02  1.100e-01  1.276e+01  1.690e+00  1.340e+00  1.960e+00
  2.000e-01  1.460e+00 -6.000e-01  9.900e-01  1.800e+00 -4.500e-01
  1.290e+00 -7.900e-01  4.700e-01 -2.900e-01 -7.000e-01  5.200e-01
 -8.700e-01] 
new state: [ 1.000e-02  1.200e-01  1.279e+01  1.700e+00  1.340e+00  1.960e+00
  1.800e-01  1.460e+00 -6.000e-01  9.900e-01  1.810e+00 -4.500e-01
  1.290e+00 -7.900e-01  4.700e-01 -2.900e-01 -7.000e-01  5.200e-01
 -8.700e-01] 
new state: [ 1.000e-02  1.000e-01  1.282e+01  1.700e+00  1.340e+00  1.960e+00
  1.800e-01  1.470e+00 -5.900e-01  9.800e-01  1.810e+00 -4.500e-01
  1.290e+00 -7.900e-01  4.700e-01 -2.900e-01 -7.000e-01  5.200e-01
 -8.700e-01] 
new state: [ 0.02  0.09 12.85  1.7   1.34  1.96  0.18  1.47 -0.59  0.97  1.81 -0.45
  1.29 -0.79  0.47 -0.29 -0.7   0.52 -0.87] 
new state: [ 0.03  0.09 12.87  1.7   1.34  1.97  0.18  1.48 -0.58  0.96  1.81 -0.45
  1.29 -0.79  0.47 -0.29 -0.7   0.52 -0.87] 
new state: [ 0.03  0.07 12.89  1.69  1.35  1.97  0.18  1.49 -0.57  0.95  1.81 -0.45
  1.29 -0.79  0.47 -0.29 -0.7   0.52 -0.87] 
new state: [ 0.04  0.06 12.91  1.69  1.35  1.98  0.19  1.5  -0.57  0.94  1.81 -0.45
  1.29 -0.79  0.47 -0.29 -0.7   0.52 -0.87] 
new state: [ 0.04  0.05 12.93  1.68  1.36  1.98  0.19  1.5  -0.57  0.93  1.81 -0.45
  1.29 -0.79  0.47 -0.29 -0.7   0.52 -0.87] 
new state: [ 0.04  0.05 12.95  1.68  1.36  1.99  0.19  1.5  -0.57  0.92  1.81 -0.45
  1.29 -0.79  0.47 -0.29 -0.7   0.52 -0.87] 
new state: [ 0.04  0.04 12.96  1.68  1.36  1.99  0.19  1.51 -0.57  0.91  1.8  -0.45
  1.29 -0.79  0.47 -0.29 -0.7   0.52 -0.87] 
new state: [ 0.05  0.03 12.97  1.67  1.36  1.99  0.2   1.52 -0.56  0.91  1.8  -0.45
  1.29 -0.79  0.47 -0.29 -0.7   0.52 -0.87] 
new state: [ 0.05  0.02 12.99  1.66  1.36  1.99  0.21  1.53 -0.56  0.9   1.8  -0.45
  1.29 -0.79  0.47 -0.29 -0.7   0.52 -0.87] 
new state: [ 6.00e-02  1.00e-02  1.30e+01  1.66e+00  1.37e+00  1.99e+00  2.10e-01
  1.54e+00 -5.50e-01  8.90e-01  1.80e+00 -4.50e-01  1.29e+00 -7.90e-01
  4.70e-01 -2.90e-01 -7.00e-01  5.20e-01 -8.70e-01] 
new state: [ 0.07 -0.   13.    1.65  1.37  1.99  0.22  1.55 -0.55  0.87  1.79 -0.45
  1.29 -0.79  0.47 -0.29 -0.7   0.52 -0.87] 
new state: [ 7.000e-02 -1.000e-02  1.301e+01  1.640e+00  1.370e+00  1.990e+00
  2.300e-01  1.560e+00 -5.500e-01  8.600e-01  1.790e+00 -4.500e-01
  1.290e+00 -7.900e-01  4.700e-01 -2.900e-01 -7.000e-01  5.200e-01
 -8.700e-01] 
new state: [ 0.07 -0.02 13.02  1.63  1.38  2.    0.23  1.57 -0.54  0.85  1.79 -0.45
  1.29 -0.79  0.47 -0.29 -0.7   0.52 -0.87] 
new state: [ 0.08 -0.03 13.02  1.63  1.38  2.    0.24  1.58 -0.54  0.85  1.79 -0.45
  1.29 -0.79  0.47 -0.29 -0.7   0.52 -0.87] 
new state: [ 0.08 -0.03 13.03  1.62  1.38  2.    0.24  1.58 -0.54  0.84  1.78 -0.45
  1.29 -0.79  0.47 -0.29 -0.7   0.52 -0.87] 
new state: [ 0.08 -0.03 13.03  1.62  1.38  2.    0.25  1.59 -0.54  0.83  1.78 -0.45
  1.29 -0.79  0.47 -0.29 -0.7   0.52 -0.87] 
new state: [ 0.08 -0.04 13.03  1.61  1.38  2.    0.25  1.59 -0.54  0.83  1.78 -0.45
  1.29 -0.79  0.47 -0.29 -0.7   0.52 -0.87] 
new state: [ 0.08 -0.04 13.03  1.61  1.39  2.    0.25  1.59 -0.53  0.83  1.78 -0.45
  1.29 -0.79  0.47 -0.29 -0.7   0.52 -0.87] 
new state: [ 0.08 -0.03 13.02  1.61  1.39  2.    0.25  1.6  -0.53  0.82  1.78 -0.45
  1.29 -0.79  0.47 -0.29 -0.7   0.52 -0.87] 
new state: [ 0.07 -0.03 13.02  1.61  1.39  2.    0.25  1.6  -0.53  0.82  1.78 -0.45
  1.29 -0.79  0.47 -0.29 -0.7   0.52 -0.87] 
new state: [ 0.07 -0.03 13.02  1.61  1.39  2.    0.25  1.59 -0.54  0.82  1.78 -0.45
  1.29 -0.79  0.47 -0.29 -0.7   0.52 -0.87] 
new state: [ 0.07 -0.02 13.01  1.61  1.39  2.    0.25  1.59 -0.54  0.83  1.78 -0.45
  1.29 -0.79  0.47 -0.29 -0.7   0.52 -0.87] 
new state: [ 0.07 -0.02 13.01  1.62  1.38  2.    0.25  1.59 -0.54  0.83  1.78 -0.45
  1.29 -0.79  0.47 -0.29 -0.7   0.52 -0.87] 
new state: [ 6.00e-02 -1.00e-02  1.30e+01  1.62e+00  1.38e+00  2.00e+00  2.40e-01
  1.58e+00 -5.40e-01  8.30e-01  1.78e+00 -4.50e-01  1.29e+00 -7.90e-01
  4.70e-01 -2.90e-01 -7.00e-01  5.20e-01 -8.70e-01] 
new state: [ 0.06 -0.   12.99  1.62  1.38  1.99  0.24  1.58 -0.54  0.84  1.78 -0.45
  1.29 -0.79  0.47 -0.29 -0.7   0.52 -0.87] 
new state: [ 5.000e-02  1.000e-02  1.298e+01  1.630e+00  1.380e+00  1.990e+00
  2.300e-01  1.570e+00 -5.400e-01  8.500e-01  1.780e+00 -4.500e-01
  1.290e+00 -7.900e-01  4.700e-01 -2.900e-01 -7.000e-01  5.200e-01
 -8.700e-01] 
new state: [ 0.05  0.02 12.97  1.63  1.37  1.99  0.23  1.56 -0.55  0.85  1.79 -0.45
  1.29 -0.79  0.47 -0.29 -0.7   0.52 -0.87] 
new state: [ 0.04  0.03 12.96  1.64  1.37  1.99  0.22  1.55 -0.55  0.86  1.79 -0.45
  1.29 -0.79  0.47 -0.29 -0.7   0.52 -0.87] 
new state: [ 0.04  0.04 12.95  1.64  1.36  1.98  0.21  1.54 -0.55  0.87  1.79 -0.45
  1.29 -0.79  0.47 -0.29 -0.7   0.52 -0.87] 
new state: [ 0.03  0.05 12.94  1.65  1.36  1.98  0.21  1.53 -0.56  0.88  1.79 -0.45
  1.29 -0.79  0.47 -0.29 -0.7   0.52 -0.87] 
new state: [ 0.02  0.06 12.93  1.66  1.35  1.98  0.2   1.52 -0.56  0.9   1.79 -0.45
  1.29 -0.79  0.47 -0.29 -0.7   0.52 -0.87] 
new state: [ 0.02  0.07 12.92  1.67  1.35  1.97  0.19  1.51 -0.57  0.91  1.8  -0.45
  1.29 -0.79  0.47 -0.29 -0.7   0.52 -0.87] 
new state: [ 1.000e-02  9.000e-02  1.291e+01  1.670e+00  1.340e+00  1.970e+00
  1.800e-01  1.500e+00 -5.700e-01  9.200e-01  1.800e+00 -4.500e-01
  1.290e+00 -7.900e-01  4.700e-01 -2.900e-01 -7.000e-01  5.200e-01
 -8.700e-01] 
new state: [ 1.000e-02  1.000e-01  1.289e+01  1.680e+00  1.330e+00  1.960e+00
  1.700e-01  1.480e+00 -5.700e-01  9.400e-01  1.800e+00 -4.500e-01
  1.290e+00 -7.900e-01  4.700e-01 -2.900e-01 -7.000e-01  5.200e-01
 -8.700e-01] 
new state: [-0.    0.11 12.88  1.69  1.33  1.96  0.16  1.47 -0.58  0.95  1.8  -0.45
  1.29 -0.79  0.47 -0.29 -0.7   0.52 -0.87] 
new state: [-1.000e-02  1.300e-01  1.287e+01  1.700e+00  1.320e+00  1.950e+00
  1.500e-01  1.450e+00 -5.800e-01  9.700e-01  1.800e+00 -4.500e-01
  1.290e+00 -7.900e-01  4.700e-01 -2.900e-01 -7.000e-01  5.200e-01
 -8.700e-01] 
new state: [-1.000e-02  1.400e-01  1.285e+01  1.710e+00  1.310e+00  1.940e+00
  1.400e-01  1.440e+00 -5.900e-01  9.800e-01  1.810e+00 -4.500e-01
  1.290e+00 -7.900e-01  4.700e-01 -2.900e-01 -7.000e-01  5.200e-01
 -8.700e-01] 
new state: [-0.02  0.16 12.84  1.72  1.3   1.94  0.12  1.42 -0.59  1.    1.81 -0.45
  1.29 -0.79  0.47 -0.29 -0.7   0.52 -0.87] 
new state: [-0.02  0.17 12.82  1.73  1.29  1.93  0.11  1.41 -0.6   1.02  1.81 -0.45
  1.29 -0.79  0.47 -0.29 -0.7   0.52 -0.87] 
new state: [-0.03  0.18 12.81  1.74  1.28  1.93  0.1   1.39 -0.6   1.03  1.81 -0.45
  1.29 -0.79  0.47 -0.29 -0.7   0.52 -0.87] 
new state: [-0.03  0.2  12.79  1.75  1.27  1.92  0.09  1.38 -0.61  1.05  1.81 -0.45
  1.29 -0.79  0.47 -0.29 -0.7   0.52 -0.87] 
new state: [-0.04  0.21 12.78  1.76  1.26  1.91  0.07  1.36 -0.61  1.07  1.81 -0.45
  1.29 -0.79  0.47 -0.29 -0.7   0.52 -0.87] 
new state: [-0.04  0.23 12.77  1.77  1.25  1.91  0.06  1.34 -0.62  1.09  1.8  -0.45
  1.29 -0.79  0.47 -0.29 -0.7   0.52 -0.87] 
new state: [-0.05  0.24 12.75  1.78  1.24  1.9   0.05  1.33 -0.62  1.1   1.8  -0.45
  1.29 -0.79  0.47 -0.29 -0.7   0.52 -0.87] 
new state: [-0.05  0.25 12.74  1.79  1.23  1.89  0.04  1.31 -0.63  1.12  1.8  -0.45
  1.29 -0.79  0.47 -0.29 -0.7   0.52 -0.87] 
new state: [-0.06  0.26 12.72  1.8   1.22  1.89  0.02  1.31 -0.62  1.13  1.8  -0.45
  1.29 -0.79  0.47 -0.29 -0.7   0.52 -0.87] 
new state: [-6.000e-02  2.700e-01  1.271e+01  1.810e+00  1.210e+00  1.880e+00
  1.000e-02  1.280e+00 -6.400e-01  1.150e+00  1.800e+00 -4.500e-01
  1.290e+00 -7.900e-01  4.700e-01 -2.900e-01 -7.000e-01  5.200e-01
 -8.700e-01] 
new state: [-0.06  0.28 12.69  1.82  1.2   1.88 -0.    1.27 -0.64  1.17  1.79 -0.45
  1.29 -0.79  0.47 -0.29 -0.7   0.52 -0.87] 
new state: [-0.06  0.29 12.68  1.83  1.19  1.87 -0.02  1.25 -0.65  1.19  1.79 -0.45
  1.29 -0.79  0.47 -0.29 -0.7   0.52 -0.87] 
new state: [-0.06  0.3  12.67  1.84  1.17  1.86 -0.03  1.23 -0.65  1.2   1.78 -0.45
  1.29 -0.79  0.47 -0.29 -0.7   0.52 -0.87] 
new state: [-0.07  0.31 12.65  1.85  1.16  1.86 -0.04  1.22 -0.66  1.22  1.78 -0.45
  1.29 -0.79  0.47 -0.29 -0.7   0.52 -0.87] 
new state: [-0.07  0.32 12.64  1.86  1.15  1.86 -0.06  1.2  -0.66  1.23  1.77 -0.45
  1.29 -0.79  0.47 -0.29 -0.7   0.52 -0.87] 
new state: [-0.07  0.33 12.63  1.87  1.13  1.85 -0.07  1.19 -0.67  1.25  1.77 -0.45
  1.29 -0.79  0.47 -0.29 -0.7   0.52 -0.87] 
new state: [-0.07  0.34 12.62  1.87  1.12  1.84 -0.08  1.18 -0.67  1.27  1.76 -0.45
  1.29 -0.79  0.47 -0.29 -0.7   0.52 -0.87] 
new state: [-0.07  0.35 12.6   1.88  1.11  1.84 -0.1   1.16 -0.68  1.28  1.76 -0.45
  1.29 -0.79  0.47 -0.29 -0.7   0.52 -0.87] 
new state: [-0.07  0.34 12.59  1.88  1.1   1.84 -0.11  1.16 -0.68  1.29  1.75 -0.45
  1.29 -0.79  0.47 -0.29 -0.7   0.52 -0.87] 
new state: [-0.07  0.22 12.57  1.87  1.13  1.87 -0.09  1.19 -0.68  1.25  1.76 -0.45
  1.29 -0.79  0.47 -0.29 -0.7   0.52 -0.87] 
new state: [-0.07  0.16 12.56  1.86  1.17  1.89 -0.06  1.19 -0.69  1.25  1.75 -0.45
  1.29 -0.79  0.47 -0.29 -0.7   0.52 -0.87] 
new state: [-0.05  0.07 12.55  1.82  1.21  1.91 -0.02  1.19 -0.7   1.25  1.75 -0.45
  1.29 -0.79  0.47 -0.29 -0.7   0.52 -0.87] 
new state: [ 1.000e-02 -4.000e-02  1.254e+01  1.750e+00  1.250e+00  1.920e+00
  5.000e-02  1.190e+00 -7.000e-01  1.250e+00  1.750e+00 -4.500e-01
  1.290e+00 -7.900e-01  4.700e-01 -2.900e-01 -7.000e-01  5.200e-01
 -8.700e-01] 
[[ 1.52893347e+01  9.81508107e-17  0.00000000e+00  1.52410635e+01
   1.08487468e-16  1.52410635e+01  1.08101765e-16  1.51218578e+01
   1.01846699e-16  1.51218578e+01  1.00104310e-16  7.82746964e+00
   6.29191945e-17  8.40535336e+00  1.33408658e-16  1.32792683e+01
   2.39077670e-16  1.36655677e+01  1.48396591e-16]
 [ 9.81508107e-17  1.52893347e+01  0.00000000e+00  8.54482540e-17
   1.52410635e+01  8.86310343e-17  1.52410635e+01  9.79661167e-17
   1.51218578e+01  8.22582289e-17  1.51218578e+01  1.39618828e-16
   7.82746964e+00  2.73894191e-17  8.40535336e+00  1.43020023e-16
   1.32792683e+01  4.02830730e-17  1.36655677e+01]
 [ 0.00000000e+00  0.00000000e+00  1.73100000e+02  0.00000000e+00
   0.00000000e+00  0.00000000e+00  0.00000000e+00  0.00000000e+00
   0.00000000e+00  0.00000000e+00  0.00000000e+00  0.00000000e+00
   0.00000000e+00  0.00000000e+00  0.00000000e+00  0.00000000e+00
   0.00000000e+00  0.00000000e+00  0.00000000e+00]
 [ 1.52410635e+01  8.54482540e-17  0.00000000e+00  1.53248485e+01
   9.76889106e-17  1.52075213e+01  9.77831245e-17  1.51208719e+01
   9.49621555e-17  1.51208719e+01  9.42581968e-17  7.82746964e+00
   6.50019471e-17  8.40535336e+00  1.30934417e-16  1.32792683e+01
   2.44451736e-16  1.36655677e+01  1.50637385e-16]
 [ 1.08487468e-16  1.52410635e+01  0.00000000e+00  9.76889106e-17
   1.53248485e+01  1.00159884e-16  1.52075213e+01  9.67700345e-17
   1.51208719e+01  9.11741517e-17  1.51208719e+01  1.37470409e-16
   7.82746964e+00  2.85051891e-17  8.40535336e+00  1.48942695e-16
   1.32792683e+01  3.40623799e-17  1.36655677e+01]
 [ 1.52410635e+01  8.86310343e-17  0.00000000e+00  1.52075213e+01
   1.00159884e-16  1.53248485e+01  9.84149159e-17  1.51208719e+01
   9.82604576e-17  1.51208719e+01  9.43285963e-17  7.82746964e+00
   6.48145833e-17  8.40535336e+00  1.30718354e-16  1.32792683e+01
   2.45421513e-16  1.36655677e+01  1.51144874e-16]
 [ 1.08101765e-16  1.52410635e+01  0.00000000e+00  9.77831245e-17
   1.52075213e+01  9.84149159e-17  1.53248485e+01  9.59096715e-17
   1.51208719e+01  9.03200374e-17  1.51208719e+01  1.37073585e-16
   7.82746964e+00  2.80790683e-17  8.40535336e+00  1.48269484e-16
   1.32792683e+01  3.33695855e-17  1.36655677e+01]
 [ 1.51218578e+01  9.79661167e-17  0.00000000e+00  1.51208719e+01
   9.67700345e-17  1.51208719e+01  9.59096715e-17  1.55436477e+01
   9.84639811e-17  1.51079279e+01  9.43098441e-17  7.82746964e+00
   6.42601481e-17  8.40535336e+00  1.32112313e-16  1.32792683e+01
   2.41461076e-16  1.36655677e+01  1.52166930e-16]
 [ 1.01846699e-16  1.51218578e+01  0.00000000e+00  9.49621555e-17
   1.51208719e+01  9.82604576e-17  1.51208719e+01  9.84639811e-17
   1.55436477e+01  8.83096769e-17  1.51079279e+01  1.38303026e-16
   7.82746964e+00  2.76863119e-17  8.40535336e+00  1.46632499e-16
   1.32792683e+01  3.61625773e-17  1.36655677e+01]
 [ 1.51218578e+01  8.22582289e-17  0.00000000e+00  1.51208719e+01
   9.11741517e-17  1.51208719e+01  9.03200374e-17  1.51079279e+01
   8.83096769e-17  1.55436477e+01  8.61912717e-17  7.82746964e+00
   5.70256542e-17  8.40535336e+00  1.26063328e-16  1.32792683e+01
   2.31741972e-16  1.36655677e+01  1.40596815e-16]
 [ 1.00104310e-16  1.51218578e+01  0.00000000e+00  9.42581968e-17
   1.51208719e+01  9.43285963e-17  1.51208719e+01  9.43098441e-17
   1.51079279e+01  8.61912717e-17  1.55436477e+01  1.36990079e-16
   7.82746964e+00  2.62941340e-17  8.40535336e+00  1.44411006e-16
   1.32792683e+01  3.38473144e-17  1.36655677e+01]
 [ 7.82746964e+00  1.39618828e-16  0.00000000e+00  7.82746964e+00
   1.37470409e-16  7.82746964e+00  1.37073585e-16  7.82746964e+00
   1.38303026e-16  7.82746964e+00  1.36990079e-16  5.55169655e+01
   8.53029520e-17  8.78919784e+00  1.59365292e-16  7.90140306e+00
   1.89599800e-16  7.83696558e+00  1.71337280e-16]
 [ 6.29191945e-17  7.82746964e+00  0.00000000e+00  6.50019471e-17
   7.82746964e+00  6.48145833e-17  7.82746964e+00  6.42601481e-17
   7.82746964e+00  5.70256542e-17  7.82746964e+00  8.53029520e-17
   5.55169655e+01 -4.22756858e-17  8.78919784e+00  9.93892536e-17
   7.90140306e+00  3.76799000e-17  7.83696558e+00]
 [ 8.40535336e+00  2.73894191e-17  0.00000000e+00  8.40535336e+00
   2.85051891e-17  8.40535336e+00  2.80790683e-17  8.40535336e+00
   2.76863119e-17  8.40535336e+00  2.62941340e-17  8.78919784e+00
  -4.22756858e-17  5.14458908e+01  2.45577021e-17  8.50308420e+00
  -4.64555529e-17  8.41988816e+00  6.55732963e-17]
 [ 1.33408658e-16  8.40535336e+00  0.00000000e+00  1.30934417e-16
   8.40535336e+00  1.30718354e-16  8.40535336e+00  1.32112313e-16
   8.40535336e+00  1.26063328e-16  8.40535336e+00  1.59365292e-16
   8.78919784e+00  2.45577021e-17  5.14458908e+01  8.26264670e-17
   8.50308420e+00  6.96731105e-17  8.41988816e+00]
 [ 1.32792683e+01  1.43020023e-16  0.00000000e+00  1.32792683e+01
   1.48942695e-16  1.32792683e+01  1.48269484e-16  1.32792683e+01
   1.46632499e-16  1.32792683e+01  1.44411006e-16  7.90140306e+00
   9.93892536e-17  8.50308420e+00  8.26264670e-17  2.30090017e+01
   2.63398551e-16  1.33826555e+01  2.91240639e-16]
 [ 2.39077670e-16  1.32792683e+01  0.00000000e+00  2.44451736e-16
   1.32792683e+01  2.45421513e-16  1.32792683e+01  2.41461076e-16
   1.32792683e+01  2.31741972e-16  1.32792683e+01  1.89599800e-16
   7.90140306e+00 -4.64555529e-17  8.50308420e+00  2.63398551e-16
   2.30090017e+01  2.12123237e-16  1.33826555e+01]
 [ 1.36655677e+01  4.02830730e-17  0.00000000e+00  1.36655677e+01
   3.40623799e-17  1.36655677e+01  3.33695855e-17  1.36655677e+01
   3.61625773e-17  1.36655677e+01  3.38473144e-17  7.83696558e+00
   3.76799000e-17  8.41988816e+00  6.96731105e-17  1.33826555e+01
   2.12123237e-16  2.12256430e+01  1.62859877e-16]
 [ 1.48396591e-16  1.36655677e+01  0.00000000e+00  1.50637385e-16
   1.36655677e+01  1.51144874e-16  1.36655677e+01  1.52166930e-16
   1.36655677e+01  1.40596815e-16  1.36655677e+01  1.71337280e-16
   7.83696558e+00  6.55732963e-17  8.41988816e+00  2.91240639e-16
   1.33826555e+01  1.62859877e-16  2.12256430e+01]]
